#-----------------------------------------------------------
# Vivado v2025.2 (64-bit)
# SW Build 6299465 on Fri Nov 14 12:34:56 MST 2025
# IP Build 6300035 on Fri Nov 14 10:48:45 MST 2025
# SharedData Build 6298862 on Thu Nov 13 04:50:51 MST 2025
# Start of session at: Wed May  6 22:45:09 2026
# Process ID         : 3784
# Current directory  : /home/dfec/ece485/ece485_final_cadet_stage4
# Command line       : vivado
# Log file           : /home/dfec/ece485/ece485_final_cadet_stage4/vivado.log
# Journal file       : /home/dfec/ece485/ece485_final_cadet_stage4/vivado.jou
# Running On         : jupiter
# Platform           : Ubuntu
# Operating System   : Ubuntu 24.04.2 LTS
# Processor Detail   : 11th Gen Intel(R) Core(TM) i5-1135G7 @ 2.40GHz
# CPU Frequency      : 2213.399 MHz
# CPU Physical cores : 4
# CPU Logical cores  : 8
# Host memory        : 33322 MB
# Swap memory        : 8589 MB
# Total Virtual      : 41912 MB
# Available Virtual  : 40836 MB
#-----------------------------------------------------------
start_gui
WARNING: [Board 49-26] cannot add Board Part xilinx.com:emb-plus-vpr-4616:part0:1.0 available at /opt/Xilinx/2025.2/data/xhub/boards/XilinxBoardStore/boards/Xilinx/emb-plus-vpr-4616/1.0/board.xml as part xcve2302-sfva784-2mp-e-s specified in board_part file is either invalid or not available
WARNING: [Board 49-26] cannot add Board Part xilinx.com:emb-plus-vpr-4616:part0:1.1 available at /opt/Xilinx/2025.2/data/xhub/boards/XilinxBoardStore/boards/Xilinx/emb-plus-vpr-4616/1.1/board.xml as part xcve2302-sfva784-2mp-e-s specified in board_part file is either invalid or not available
WARNING: [Board 49-26] cannot add Board Part xilinx.com:k24c:part0:1.0 available at /opt/Xilinx/2025.2/data/xhub/boards/XilinxBoardStore/boards/Xilinx/k24c/1.0/board.xml as part xck24-ubva530-2lv-c specified in board_part file is either invalid or not available
WARNING: [Board 49-26] cannot add Board Part xilinx.com:k24c:part0:1.1 available at /opt/Xilinx/2025.2/data/xhub/boards/XilinxBoardStore/boards/Xilinx/k24c/1.1/board.xml as part xck24-ubva530-2lv-c specified in board_part file is either invalid or not available
WARNING: [Board 49-26] cannot add Board Part xilinx.com:k24i:part0:1.0 available at /opt/Xilinx/2025.2/data/xhub/boards/XilinxBoardStore/boards/Xilinx/k24i/1.0/board.xml as part xck24-ubva530-2lvi-i specified in board_part file is either invalid or not available
WARNING: [Board 49-26] cannot add Board Part xilinx.com:k26c:part0:1.2 available at /opt/Xilinx/2025.2/data/xhub/boards/XilinxBoardStore/boards/Xilinx/k26c/1.2/board.xml as part xck26-sfvc784-2lv-c specified in board_part file is either invalid or not available
WARNING: [Board 49-26] cannot add Board Part xilinx.com:k26c:part0:1.3 available at /opt/Xilinx/2025.2/data/xhub/boards/XilinxBoardStore/boards/Xilinx/k26c/1.3/board.xml as part xck26-sfvc784-2lv-c specified in board_part file is either invalid or not available
WARNING: [Board 49-26] cannot add Board Part xilinx.com:k26c:part0:1.4 available at /opt/Xilinx/2025.2/data/xhub/boards/XilinxBoardStore/boards/Xilinx/k26c/1.4/board.xml as part xck26-sfvc784-2lv-c specified in board_part file is either invalid or not available
WARNING: [Board 49-26] cannot add Board Part xilinx.com:k26i:part0:1.2 available at /opt/Xilinx/2025.2/data/xhub/boards/XilinxBoardStore/boards/Xilinx/k26i/1.2/board.xml as part xck26-sfvc784-2lvi-i specified in board_part file is either invalid or not available
WARNING: [Board 49-26] cannot add Board Part xilinx.com:k26i:part0:1.3 available at /opt/Xilinx/2025.2/data/xhub/boards/XilinxBoardStore/boards/Xilinx/k26i/1.3/board.xml as part xck26-sfvc784-2lvi-i specified in board_part file is either invalid or not available
WARNING: [Board 49-26] cannot add Board Part xilinx.com:k26i:part0:1.4 available at /opt/Xilinx/2025.2/data/xhub/boards/XilinxBoardStore/boards/Xilinx/k26i/1.4/board.xml as part xck26-sfvc784-2lvi-i specified in board_part file is either invalid or not available
WARNING: [Board 49-26] cannot add Board Part xilinx.com:kc705:part0:1.6 available at /opt/Xilinx/2025.2/data/xhub/boards/XilinxBoardStore/boards/Xilinx/kc705/1.6/board.xml as part xc7k325tffg900-2 specified in board_part file is either invalid or not available
WARNING: [Board 49-26] cannot add Board Part xilinx.com:kc705:part0:1.7 available at /opt/Xilinx/2025.2/data/xhub/boards/XilinxBoardStore/boards/Xilinx/kc705/1.7/board.xml as part xc7k325tffg900-2 specified in board_part file is either invalid or not available
WARNING: [Board 49-26] cannot add Board Part xilinx.com:kcu105:part0:1.6 available at /opt/Xilinx/2025.2/data/xhub/boards/XilinxBoardStore/boards/Xilinx/kcu105/1.6/board.xml as part xcku040-ffva1156-2-e specified in board_part file is either invalid or not available
WARNING: [Board 49-26] cannot add Board Part xilinx.com:kcu105:part0:1.7 available at /opt/Xilinx/2025.2/data/xhub/boards/XilinxBoardStore/boards/Xilinx/kcu105/1.7/board.xml as part xcku040-ffva1156-2-e specified in board_part file is either invalid or not available
WARNING: [Board 49-26] cannot add Board Part xilinx.com:kcu116:part0:1.4 available at /opt/Xilinx/2025.2/data/xhub/boards/XilinxBoardStore/boards/Xilinx/kcu116/1.4/board.xml as part xcku5p-ffvb676-2-e specified in board_part file is either invalid or not available
WARNING: [Board 49-26] cannot add Board Part xilinx.com:kcu116:part0:1.5 available at /opt/Xilinx/2025.2/data/xhub/boards/XilinxBoardStore/boards/Xilinx/kcu116/1.5/board.xml as part xcku5p-ffvb676-2-e specified in board_part file is either invalid or not available
WARNING: [Board 49-26] cannot add Board Part xilinx.com:kcu1500:part0:1.2 available at /opt/Xilinx/2025.2/data/xhub/boards/XilinxBoardStore/boards/Xilinx/kcu1500/1.2/board.xml as part xcku115-flvb2104-2-e specified in board_part file is either invalid or not available
WARNING: [Board 49-26] cannot add Board Part xilinx.com:kd240_som:part0:1.0 available at /opt/Xilinx/2025.2/data/xhub/boards/XilinxBoardStore/boards/Xilinx/kd240_som/1.0/board.xml as part xck24-ubva530-2lv-c specified in board_part file is either invalid or not available
WARNING: [Board 49-26] cannot add Board Part xilinx.com:kd240_som:part0:1.1 available at /opt/Xilinx/2025.2/data/xhub/boards/XilinxBoardStore/boards/Xilinx/kd240_som/1.1/board.xml as part xck24-ubva530-2lv-c specified in board_part file is either invalid or not available
WARNING: [Board 49-26] cannot add Board Part xilinx.com:kr260_som:part0:1.0 available at /opt/Xilinx/2025.2/data/xhub/boards/XilinxBoardStore/boards/Xilinx/kr260_som/1.0/board.xml as part xck26-sfvc784-2lv-c specified in board_part file is either invalid or not available
WARNING: [Board 49-26] cannot add Board Part xilinx.com:kr260_som:part0:1.1 available at /opt/Xilinx/2025.2/data/xhub/boards/XilinxBoardStore/boards/Xilinx/kr260_som/1.1/board.xml as part xck26-sfvc784-2lv-c specified in board_part file is either invalid or not available
WARNING: [Board 49-26] cannot add Board Part xilinx.com:kv260_som:part0:1.2 available at /opt/Xilinx/2025.2/data/xhub/boards/XilinxBoardStore/boards/Xilinx/kv260_som/1.2/board.xml as part xck26-sfvc784-2lv-c specified in board_part file is either invalid or not available
WARNING: [Board 49-26] cannot add Board Part xilinx.com:kv260_som:part0:1.3 available at /opt/Xilinx/2025.2/data/xhub/boards/XilinxBoardStore/boards/Xilinx/kv260_som/1.3/board.xml as part xck26-sfvc784-2lv-c specified in board_part file is either invalid or not available
WARNING: [Board 49-26] cannot add Board Part xilinx.com:kv260_som:part0:1.4 available at /opt/Xilinx/2025.2/data/xhub/boards/XilinxBoardStore/boards/Xilinx/kv260_som/1.4/board.xml as part xck26-sfvc784-2lv-c specified in board_part file is either invalid or not available
WARNING: [Board 49-26] cannot add Board Part xilinx.com:scu35:part0:1.0 available at /opt/Xilinx/2025.2/data/xhub/boards/XilinxBoardStore/boards/Xilinx/scu35/1.0/board.xml as part xcsu35p-sbvb625-2-e specified in board_part file is either invalid or not available
WARNING: [Board 49-26] cannot add Board Part xilinx.com:sp701:part0:1.0 available at /opt/Xilinx/2025.2/data/xhub/boards/XilinxBoardStore/boards/Xilinx/sp701/1.0/board.xml as part xc7s100fgga676-2 specified in board_part file is either invalid or not available
WARNING: [Board 49-26] cannot add Board Part xilinx.com:sp701:part0:1.1 available at /opt/Xilinx/2025.2/data/xhub/boards/XilinxBoardStore/boards/Xilinx/sp701/1.1/board.xml as part xc7s100fgga676-2 specified in board_part file is either invalid or not available
WARNING: [Board 49-26] cannot add Board Part xilinx.com:v80:part0:1.0 available at /opt/Xilinx/2025.2/data/xhub/boards/XilinxBoardStore/boards/Xilinx/v80/1.0/board.xml as part xcv80-lsva4737-2mhp-e-s specified in board_part file is either invalid or not available
WARNING: [Board 49-26] cannot add Board Part xilinx.com:vc707:part0:1.4 available at /opt/Xilinx/2025.2/data/xhub/boards/XilinxBoardStore/boards/Xilinx/vc707/1.4/board.xml as part xc7vx485tffg1761-2 specified in board_part file is either invalid or not available
WARNING: [Board 49-26] cannot add Board Part xilinx.com:vc707:part0:1.5 available at /opt/Xilinx/2025.2/data/xhub/boards/XilinxBoardStore/boards/Xilinx/vc707/1.5/board.xml as part xc7vx485tffg1761-2 specified in board_part file is either invalid or not available
WARNING: [Board 49-26] cannot add Board Part xilinx.com:vc709:part0:1.8 available at /opt/Xilinx/2025.2/data/xhub/boards/XilinxBoardStore/boards/Xilinx/vc709/1.8/board.xml as part xc7vx690tffg1761-2 specified in board_part file is either invalid or not available
WARNING: [Board 49-26] cannot add Board Part xilinx.com:vck190:part0:2.2 available at /opt/Xilinx/2025.2/data/xhub/boards/XilinxBoardStore/boards/Xilinx/vck190/production/2.2/board.xml as part xcvc1902-vsva2197-2mp-e-s specified in board_part file is either invalid or not available
WARNING: [Board 49-26] cannot add Board Part xilinx.com:vck190:part0:3.0 available at /opt/Xilinx/2025.2/data/xhub/boards/XilinxBoardStore/boards/Xilinx/vck190/production/3.0/board.xml as part xcvc1902-vsva2197-2mp-e-s specified in board_part file is either invalid or not available
WARNING: [Board 49-26] cannot add Board Part xilinx.com:vck190:part0:3.1 available at /opt/Xilinx/2025.2/data/xhub/boards/XilinxBoardStore/boards/Xilinx/vck190/production/3.1/board.xml as part xcvc1902-vsva2197-2mp-e-s specified in board_part file is either invalid or not available
WARNING: [Board 49-26] cannot add Board Part xilinx.com:vck190:part0:3.2 available at /opt/Xilinx/2025.2/data/xhub/boards/XilinxBoardStore/boards/Xilinx/vck190/production/3.2/board.xml as part xcvc1902-vsva2197-2mp-e-s specified in board_part file is either invalid or not available
WARNING: [Board 49-26] cannot add Board Part xilinx.com:vck190:part0:3.3 available at /opt/Xilinx/2025.2/data/xhub/boards/XilinxBoardStore/boards/Xilinx/vck190/production/3.3/board.xml as part xcvc1902-vsva2197-2mp-e-s specified in board_part file is either invalid or not available
WARNING: [Board 49-26] cannot add Board Part xilinx.com:vck190:part0:3.4 available at /opt/Xilinx/2025.2/data/xhub/boards/XilinxBoardStore/boards/Xilinx/vck190/production/3.4/board.xml as part xcvc1902-vsva2197-2mp-e-s specified in board_part file is either invalid or not available
WARNING: [Board 49-26] cannot add Board Part xilinx.com:vck190_newl:part0:1.0 available at /opt/Xilinx/2025.2/data/xhub/boards/XilinxBoardStore/boards/Xilinx/vck190_newl/production/1.0/board.xml as part xcvc1902-vsva2197-2mp-e-s specified in board_part file is either invalid or not available
WARNING: [Board 49-26] cannot add Board Part xilinx.com:vck190_newl:part0:1.1 available at /opt/Xilinx/2025.2/data/xhub/boards/XilinxBoardStore/boards/Xilinx/vck190_newl/production/1.1/board.xml as part xcvc1902-vsva2197-2mp-e-s specified in board_part file is either invalid or not available
WARNING: [Board 49-26] cannot add Board Part xilinx.com:vck190_newl:part0:1.2 available at /opt/Xilinx/2025.2/data/xhub/boards/XilinxBoardStore/boards/Xilinx/vck190_newl/production/1.2/board.xml as part xcvc1902-vsva2197-2mp-e-s specified in board_part file is either invalid or not available
WARNING: [Board 49-26] cannot add Board Part xilinx.com:vck190_newl:part0:1.3 available at /opt/Xilinx/2025.2/data/xhub/boards/XilinxBoardStore/boards/Xilinx/vck190_newl/production/1.3/board.xml as part xcvc1902-vsva2197-2mp-e-s specified in board_part file is either invalid or not available
WARNING: [Board 49-26] cannot add Board Part xilinx.com:vcu108:part0:1.6 available at /opt/Xilinx/2025.2/data/xhub/boards/XilinxBoardStore/boards/Xilinx/vcu108/1.6/board.xml as part xcvu095-ffva2104-2-e specified in board_part file is either invalid or not available
WARNING: [Board 49-26] cannot add Board Part xilinx.com:vcu108:part0:1.7 available at /opt/Xilinx/2025.2/data/xhub/boards/XilinxBoardStore/boards/Xilinx/vcu108/1.7/board.xml as part xcvu095-ffva2104-2-e specified in board_part file is either invalid or not available
WARNING: [Board 49-26] cannot add Board Part xilinx.com:vcu110:part0:1.4 available at /opt/Xilinx/2025.2/data/xhub/boards/XilinxBoardStore/boards/Xilinx/vcu110/1.4/board.xml as part xcvu190-flgc2104-2-e specified in board_part file is either invalid or not available
WARNING: [Board 49-26] cannot add Board Part xilinx.com:vcu118:part0:2.0 available at /opt/Xilinx/2025.2/data/xhub/boards/XilinxBoardStore/boards/Xilinx/vcu118/2.0/board.xml as part xcvu9p-flga2104-2l-e specified in board_part file is either invalid or not available
WARNING: [Board 49-26] cannot add Board Part xilinx.com:vcu118:part0:2.3 available at /opt/Xilinx/2025.2/data/xhub/boards/XilinxBoardStore/boards/Xilinx/vcu118/2.3/board.xml as part xcvu9p-flga2104-2l-e specified in board_part file is either invalid or not available
WARNING: [Board 49-26] cannot add Board Part xilinx.com:vcu118:part0:2.4 available at /opt/Xilinx/2025.2/data/xhub/boards/XilinxBoardStore/boards/Xilinx/vcu118/2.4/board.xml as part xcvu9p-flga2104-2l-e specified in board_part file is either invalid or not available
WARNING: [Board 49-26] cannot add Board Part xilinx.com:vcu128:part0:1.0 available at /opt/Xilinx/2025.2/data/xhub/boards/XilinxBoardStore/boards/Xilinx/vcu128/production/1.0/board.xml as part xcvu37p-fsvh2892-2l-e specified in board_part file is either invalid or not available
WARNING: [Board 49-26] cannot add Board Part xilinx.com:vcu129:part0:1.0 available at /opt/Xilinx/2025.2/data/xhub/boards/XilinxBoardStore/boards/Xilinx/vcu129/production/1.0/board.xml as part xcvu29p-fsga2577-2l-e specified in board_part file is either invalid or not available
WARNING: [Board 49-26] cannot add Board Part xilinx.com:vcu1525:part0:1.3 available at /opt/Xilinx/2025.2/data/xhub/boards/XilinxBoardStore/boards/Xilinx/vcu1525/1.3/board.xml as part xcvu9p-fsgd2104-2l-e specified in board_part file is either invalid or not available
WARNING: [Board 49-26] cannot add Board Part xilinx.com:vek280:part0:1.0 available at /opt/Xilinx/2025.2/data/xhub/boards/XilinxBoardStore/boards/Xilinx/vek280/production/1.0/board.xml as part xcve2802-vsvh1760-2mp-e-s specified in board_part file is either invalid or not available
WARNING: [Board 49-26] cannot add Board Part xilinx.com:vek280:part0:1.1 available at /opt/Xilinx/2025.2/data/xhub/boards/XilinxBoardStore/boards/Xilinx/vek280/production/1.1/board.xml as part xcve2802-vsvh1760-2mp-e-s specified in board_part file is either invalid or not available
WARNING: [Board 49-26] cannot add Board Part xilinx.com:vek280:part0:1.2 available at /opt/Xilinx/2025.2/data/xhub/boards/XilinxBoardStore/boards/Xilinx/vek280/production/1.2/board.xml as part xcve2802-vsvh1760-2mp-e-s specified in board_part file is either invalid or not available
WARNING: [Board 49-26] cannot add Board Part xilinx.com:vek385:part0:1.0 available at /opt/Xilinx/2025.2/data/xhub/boards/XilinxBoardStore/boards/Xilinx/vek385/1.0/board.xml as part xc2ve3858-ssva2112-2mp-e-s specified in board_part file is either invalid or not available
WARNING: [Board 49-26] cannot add Board Part xilinx.com:vek385:part0:1.1 available at /opt/Xilinx/2025.2/data/xhub/boards/XilinxBoardStore/boards/Xilinx/vek385/1.1/board.xml as part xc2ve3858-ssva2112-2mp-e-s specified in board_part file is either invalid or not available
WARNING: [Board 49-26] cannot add Board Part xilinx.com:vek385_1:part0:1.0 available at /opt/Xilinx/2025.2/data/xhub/boards/XilinxBoardStore/boards/Xilinx/vek385_2/1.0/board.xml as part xc2ve3858-ssva2112-2mp-e-s specified in board_part file is either invalid or not available
WARNING: [Board 49-26] cannot add Board Part xilinx.com:vermeo_t1_mpsoc:part0:1.0 available at /opt/Xilinx/2025.2/data/xhub/boards/XilinxBoardStore/boards/Xilinx/vermeo_t1_mpsoc/1.0/board.xml as part xczu19eg-ffvd1760-2l-e specified in board_part file is either invalid or not available
WARNING: [Board 49-26] cannot add Board Part xilinx.com:vermeo_t1_rfsoc:part0:1.0 available at /opt/Xilinx/2025.2/data/xhub/boards/XilinxBoardStore/boards/Xilinx/vermeo_t1_rfsoc/1.0/board.xml as part xczu21dr-ffvd1156-2l-e specified in board_part file is either invalid or not available
WARNING: [Board 49-26] cannot add Board Part xilinx.com:vhk158:part0:1.0 available at /opt/Xilinx/2025.2/data/xhub/boards/XilinxBoardStore/boards/Xilinx/vhk158/production/1.0/board.xml as part xcvh1582-vsva3697-2mp-e-s specified in board_part file is either invalid or not available
WARNING: [Board 49-26] cannot add Board Part xilinx.com:vhk158:part0:1.1 available at /opt/Xilinx/2025.2/data/xhub/boards/XilinxBoardStore/boards/Xilinx/vhk158/production/1.1/board.xml as part xcvh1582-vsva3697-2mp-e-s specified in board_part file is either invalid or not available
WARNING: [Board 49-26] cannot add Board Part xilinx.com:vhk158:part0:1.2 available at /opt/Xilinx/2025.2/data/xhub/boards/XilinxBoardStore/boards/Xilinx/vhk158/production/1.2/board.xml as part xcvh1582-vsva3697-2mp-e-s specified in board_part file is either invalid or not available
WARNING: [Board 49-26] cannot add Board Part xilinx.com:vmk180:part0:2.2 available at /opt/Xilinx/2025.2/data/xhub/boards/XilinxBoardStore/boards/Xilinx/vmk180/production/2.2/board.xml as part xcvm1802-vsva2197-2mp-e-s specified in board_part file is either invalid or not available
WARNING: [Board 49-26] cannot add Board Part xilinx.com:vmk180:part0:3.0 available at /opt/Xilinx/2025.2/data/xhub/boards/XilinxBoardStore/boards/Xilinx/vmk180/production/3.0/board.xml as part xcvm1802-vsva2197-2mp-e-s specified in board_part file is either invalid or not available
WARNING: [Board 49-26] cannot add Board Part xilinx.com:vmk180:part0:3.1 available at /opt/Xilinx/2025.2/data/xhub/boards/XilinxBoardStore/boards/Xilinx/vmk180/production/3.1/board.xml as part xcvm1802-vsva2197-2mp-e-s specified in board_part file is either invalid or not available
WARNING: [Board 49-26] cannot add Board Part xilinx.com:vmk180:part0:3.2 available at /opt/Xilinx/2025.2/data/xhub/boards/XilinxBoardStore/boards/Xilinx/vmk180/production/3.2/board.xml as part xcvm1802-vsva2197-2mp-e-s specified in board_part file is either invalid or not available
WARNING: [Board 49-26] cannot add Board Part xilinx.com:vmk180:part0:3.3 available at /opt/Xilinx/2025.2/data/xhub/boards/XilinxBoardStore/boards/Xilinx/vmk180/production/3.3/board.xml as part xcvm1802-vsva2197-2mp-e-s specified in board_part file is either invalid or not available
WARNING: [Board 49-26] cannot add Board Part xilinx.com:vmk180_newl:part0:1.0 available at /opt/Xilinx/2025.2/data/xhub/boards/XilinxBoardStore/boards/Xilinx/vmk180_newl/production/1.0/board.xml as part xcvm1802-vsva2197-2mp-e-s specified in board_part file is either invalid or not available
WARNING: [Board 49-26] cannot add Board Part xilinx.com:vmk180_newl:part0:1.1 available at /opt/Xilinx/2025.2/data/xhub/boards/XilinxBoardStore/boards/Xilinx/vmk180_newl/production/1.1/board.xml as part xcvm1802-vsva2197-2mp-e-s specified in board_part file is either invalid or not available
WARNING: [Board 49-26] cannot add Board Part xilinx.com:vpk120:part0:1.0 available at /opt/Xilinx/2025.2/data/xhub/boards/XilinxBoardStore/boards/Xilinx/vpk120/production/1.0/board.xml as part xcvp1202-vsva2785-2mp-e-s specified in board_part file is either invalid or not available
WARNING: [Board 49-26] cannot add Board Part xilinx.com:vpk120:part0:1.1 available at /opt/Xilinx/2025.2/data/xhub/boards/XilinxBoardStore/boards/Xilinx/vpk120/production/1.1/board.xml as part xcvp1202-vsva2785-2mp-e-s specified in board_part file is either invalid or not available
WARNING: [Board 49-26] cannot add Board Part xilinx.com:vpk120:part0:1.2 available at /opt/Xilinx/2025.2/data/xhub/boards/XilinxBoardStore/boards/Xilinx/vpk120/production/1.2/board.xml as part xcvp1202-vsva2785-2mp-e-s specified in board_part file is either invalid or not available
WARNING: [Board 49-26] cannot add Board Part xilinx.com:vpk180:part0:1.0 available at /opt/Xilinx/2025.2/data/xhub/boards/XilinxBoardStore/boards/Xilinx/vpk180/production/1.0/board.xml as part xcvp1802-lsvc4072-2mp-e-s specified in board_part file is either invalid or not available
WARNING: [Board 49-26] cannot add Board Part xilinx.com:vpk180:part0:1.1 available at /opt/Xilinx/2025.2/data/xhub/boards/XilinxBoardStore/boards/Xilinx/vpk180/production/1.1/board.xml as part xcvp1802-lsvc4072-2mp-e-s specified in board_part file is either invalid or not available
WARNING: [Board 49-26] cannot add Board Part xilinx.com:vpk180:part0:1.2 available at /opt/Xilinx/2025.2/data/xhub/boards/XilinxBoardStore/boards/Xilinx/vpk180/production/1.2/board.xml as part xcvp1802-lsvc4072-2mp-e-s specified in board_part file is either invalid or not available
WARNING: [Board 49-26] cannot add Board Part xilinx.com:vrk160:part0:1.0 available at /opt/Xilinx/2025.2/data/xhub/boards/XilinxBoardStore/boards/Xilinx/vrk160/1.0/board.xml as part xcvr1602-vsva2488-2mp-e-s-es1 specified in board_part file is either invalid or not available
WARNING: [Board 49-26] cannot add Board Part xilinx.com:vrk160:part0:1.1 available at /opt/Xilinx/2025.2/data/xhub/boards/XilinxBoardStore/boards/Xilinx/vrk160/1.1/board.xml as part xcvr1602-vsva2488-2mp-e-s-es1 specified in board_part file is either invalid or not available
WARNING: [Board 49-26] cannot add Board Part xilinx.com:zc702:part0:1.4 available at /opt/Xilinx/2025.2/data/xhub/boards/XilinxBoardStore/boards/Xilinx/zc702/1.4/board.xml as part xc7z020clg484-1 specified in board_part file is either invalid or not available
WARNING: [Board 49-26] cannot add Board Part xilinx.com:zc706:part0:1.4 available at /opt/Xilinx/2025.2/data/xhub/boards/XilinxBoardStore/boards/Xilinx/zc706/1.4/board.xml as part xc7z045ffg900-2 specified in board_part file is either invalid or not available
WARNING: [Board 49-26] cannot add Board Part xilinx.com:zc706:part0:1.5 available at /opt/Xilinx/2025.2/data/xhub/boards/XilinxBoardStore/boards/Xilinx/zc706/1.5/board.xml as part xc7z045ffg900-2 specified in board_part file is either invalid or not available
WARNING: [Board 49-26] cannot add Board Part xilinx.com:zcu102:part0:3.3 available at /opt/Xilinx/2025.2/data/xhub/boards/XilinxBoardStore/boards/Xilinx/zcu102/3.3/board.xml as part xczu9eg-ffvb1156-2-e specified in board_part file is either invalid or not available
WARNING: [Board 49-26] cannot add Board Part xilinx.com:zcu102:part0:3.4 available at /opt/Xilinx/2025.2/data/xhub/boards/XilinxBoardStore/boards/Xilinx/zcu102/3.4/board.xml as part xczu9eg-ffvb1156-2-e specified in board_part file is either invalid or not available
WARNING: [Board 49-26] cannot add Board Part xilinx.com:zcu104:part0:1.1 available at /opt/Xilinx/2025.2/data/xhub/boards/XilinxBoardStore/boards/Xilinx/zcu104/1.1/board.xml as part xczu7ev-ffvc1156-2-e specified in board_part file is either invalid or not available
WARNING: [Board 49-26] cannot add Board Part xilinx.com:zcu106:part0:2.4 available at /opt/Xilinx/2025.2/data/xhub/boards/XilinxBoardStore/boards/Xilinx/zcu106/2.4/board.xml as part xczu7ev-ffvc1156-2-e specified in board_part file is either invalid or not available
WARNING: [Board 49-26] cannot add Board Part xilinx.com:zcu106:part0:2.5 available at /opt/Xilinx/2025.2/data/xhub/boards/XilinxBoardStore/boards/Xilinx/zcu106/2.5/board.xml as part xczu7ev-ffvc1156-2-e specified in board_part file is either invalid or not available
WARNING: [Board 49-26] cannot add Board Part xilinx.com:zcu106:part0:2.6 available at /opt/Xilinx/2025.2/data/xhub/boards/XilinxBoardStore/boards/Xilinx/zcu106/2.6/board.xml as part xczu7ev-ffvc1156-2-e specified in board_part file is either invalid or not available
WARNING: [Board 49-26] cannot add Board Part xilinx.com:zcu111:part0:1.2 available at /opt/Xilinx/2025.2/data/xhub/boards/XilinxBoardStore/boards/Xilinx/zcu111/1.2/board.xml as part xczu28dr-ffvg1517-2-e specified in board_part file is either invalid or not available
WARNING: [Board 49-26] cannot add Board Part xilinx.com:zcu111:part0:1.3 available at /opt/Xilinx/2025.2/data/xhub/boards/XilinxBoardStore/boards/Xilinx/zcu111/1.3/board.xml as part xczu28dr-ffvg1517-2-e specified in board_part file is either invalid or not available
WARNING: [Board 49-26] cannot add Board Part xilinx.com:zcu111:part0:1.4 available at /opt/Xilinx/2025.2/data/xhub/boards/XilinxBoardStore/boards/Xilinx/zcu111/1.4/board.xml as part xczu28dr-ffvg1517-2-e specified in board_part file is either invalid or not available
WARNING: [Board 49-26] cannot add Board Part xilinx.com:zcu1275:part0:1.0 available at /opt/Xilinx/2025.2/data/xhub/boards/XilinxBoardStore/boards/Xilinx/zcu1275/1.0/board.xml as part xczu29dr-ffvf1760-2-e specified in board_part file is either invalid or not available
WARNING: [Board 49-26] cannot add Board Part xilinx.com:zcu1285:part0:1.0 available at /opt/Xilinx/2025.2/data/xhub/boards/XilinxBoardStore/boards/Xilinx/zcu1285/1.0/board.xml as part xczu39dr-ffvf1760-2-i specified in board_part file is either invalid or not available
WARNING: [Board 49-26] cannot add Board Part xilinx.com:zcu208:part0:2.0 available at /opt/Xilinx/2025.2/data/xhub/boards/XilinxBoardStore/boards/Xilinx/zcu208/production/2.0/board.xml as part xczu48dr-fsvg1517-2-e specified in board_part file is either invalid or not available
WARNING: [Board 49-26] cannot add Board Part xilinx.com:zcu208ld:part0:2.0 available at /opt/Xilinx/2025.2/data/xhub/boards/XilinxBoardStore/boards/Xilinx/zcu208ld/production/2.0/board.xml as part xczu58dr-fsvg1517-2-i specified in board_part file is either invalid or not available
WARNING: [Board 49-26] cannot add Board Part xilinx.com:zcu216:part0:2.0 available at /opt/Xilinx/2025.2/data/xhub/boards/XilinxBoardStore/boards/Xilinx/zcu216/production/2.0/board.xml as part xczu49dr-ffvf1760-2-e specified in board_part file is either invalid or not available
WARNING: [Board 49-26] cannot add Board Part xilinx.com:zcu216ld:part0:2.0 available at /opt/Xilinx/2025.2/data/xhub/boards/XilinxBoardStore/boards/Xilinx/zcu216ld/production/2.0/board.xml as part xczu59dr-ffvf1760-2-i specified in board_part file is either invalid or not available
WARNING: [Board 49-26] cannot add Board Part xilinx.com:zcu670:part0:2.0 available at /opt/Xilinx/2025.2/data/xhub/boards/XilinxBoardStore/boards/Xilinx/zcu670/2.0/board.xml as part xczu67dr-fsve1156-2-i specified in board_part file is either invalid or not available
WARNING: [Board 49-26] cannot add Board Part xilinx.com:zcu670ld:part0:1.0 available at /opt/Xilinx/2025.2/data/xhub/boards/XilinxBoardStore/boards/Xilinx/zcu670ld/1.0/board.xml as part xczu57dr-fsve1156-2-i specified in board_part file is either invalid or not available
open_project /home/dfec/ece485/ece485_final_cadet_stage4/ece485_final_cadet_stage4.xpr
INFO: [Project 1-313] Project file moved from 'C:/Users/george.york/Documents/ECE485_code/ece485_final_cadet_stage4' since last save.
WARNING: [filemgmt 56-3] IPUserFilesDir: Could not find the directory '/home/dfec/ece485/ece485_final_cadet_stage4/ece485_final_cadet_stage4.ip_user_files'.
CRITICAL WARNING: [Project 1-311] Could not find the file '/home/dfec/ece485/ece485_final_cadet_stage4/instr_mem.vhdl', nor could it be found using path '/home/dfec/ece485/ece485_final_cadet_stage4/C:/Users/george.york/Documents/ECE485_code/ece485_final_cadet_stage4/instr_mem.vhdl'.
Scanning sources...
Finished scanning sources
WARNING: [Board 49-26] cannot add Board Part xilinx.com:emb-plus-vpr-4616:part0:1.0 available at /opt/Xilinx/2025.2/data/xhub/boards/XilinxBoardStore/boards/Xilinx/emb-plus-vpr-4616/1.0/board.xml as part xcve2302-sfva784-2mp-e-s specified in board_part file is either invalid or not available
WARNING: [Board 49-26] cannot add Board Part xilinx.com:emb-plus-vpr-4616:part0:1.1 available at /opt/Xilinx/2025.2/data/xhub/boards/XilinxBoardStore/boards/Xilinx/emb-plus-vpr-4616/1.1/board.xml as part xcve2302-sfva784-2mp-e-s specified in board_part file is either invalid or not available
WARNING: [Board 49-26] cannot add Board Part xilinx.com:k24c:part0:1.0 available at /opt/Xilinx/2025.2/data/xhub/boards/XilinxBoardStore/boards/Xilinx/k24c/1.0/board.xml as part xck24-ubva530-2lv-c specified in board_part file is either invalid or not available
WARNING: [Board 49-26] cannot add Board Part xilinx.com:k24c:part0:1.1 available at /opt/Xilinx/2025.2/data/xhub/boards/XilinxBoardStore/boards/Xilinx/k24c/1.1/board.xml as part xck24-ubva530-2lv-c specified in board_part file is either invalid or not available
WARNING: [Board 49-26] cannot add Board Part xilinx.com:k24i:part0:1.0 available at /opt/Xilinx/2025.2/data/xhub/boards/XilinxBoardStore/boards/Xilinx/k24i/1.0/board.xml as part xck24-ubva530-2lvi-i specified in board_part file is either invalid or not available
WARNING: [Board 49-26] cannot add Board Part xilinx.com:k26c:part0:1.2 available at /opt/Xilinx/2025.2/data/xhub/boards/XilinxBoardStore/boards/Xilinx/k26c/1.2/board.xml as part xck26-sfvc784-2lv-c specified in board_part file is either invalid or not available
WARNING: [Board 49-26] cannot add Board Part xilinx.com:k26c:part0:1.3 available at /opt/Xilinx/2025.2/data/xhub/boards/XilinxBoardStore/boards/Xilinx/k26c/1.3/board.xml as part xck26-sfvc784-2lv-c specified in board_part file is either invalid or not available
WARNING: [Board 49-26] cannot add Board Part xilinx.com:k26c:part0:1.4 available at /opt/Xilinx/2025.2/data/xhub/boards/XilinxBoardStore/boards/Xilinx/k26c/1.4/board.xml as part xck26-sfvc784-2lv-c specified in board_part file is either invalid or not available
WARNING: [Board 49-26] cannot add Board Part xilinx.com:k26i:part0:1.2 available at /opt/Xilinx/2025.2/data/xhub/boards/XilinxBoardStore/boards/Xilinx/k26i/1.2/board.xml as part xck26-sfvc784-2lvi-i specified in board_part file is either invalid or not available
WARNING: [Board 49-26] cannot add Board Part xilinx.com:k26i:part0:1.3 available at /opt/Xilinx/2025.2/data/xhub/boards/XilinxBoardStore/boards/Xilinx/k26i/1.3/board.xml as part xck26-sfvc784-2lvi-i specified in board_part file is either invalid or not available
WARNING: [Board 49-26] cannot add Board Part xilinx.com:k26i:part0:1.4 available at /opt/Xilinx/2025.2/data/xhub/boards/XilinxBoardStore/boards/Xilinx/k26i/1.4/board.xml as part xck26-sfvc784-2lvi-i specified in board_part file is either invalid or not available
WARNING: [Board 49-26] cannot add Board Part xilinx.com:kc705:part0:1.6 available at /opt/Xilinx/2025.2/data/xhub/boards/XilinxBoardStore/boards/Xilinx/kc705/1.6/board.xml as part xc7k325tffg900-2 specified in board_part file is either invalid or not available
WARNING: [Board 49-26] cannot add Board Part xilinx.com:kc705:part0:1.7 available at /opt/Xilinx/2025.2/data/xhub/boards/XilinxBoardStore/boards/Xilinx/kc705/1.7/board.xml as part xc7k325tffg900-2 specified in board_part file is either invalid or not available
WARNING: [Board 49-26] cannot add Board Part xilinx.com:kcu105:part0:1.6 available at /opt/Xilinx/2025.2/data/xhub/boards/XilinxBoardStore/boards/Xilinx/kcu105/1.6/board.xml as part xcku040-ffva1156-2-e specified in board_part file is either invalid or not available
WARNING: [Board 49-26] cannot add Board Part xilinx.com:kcu105:part0:1.7 available at /opt/Xilinx/2025.2/data/xhub/boards/XilinxBoardStore/boards/Xilinx/kcu105/1.7/board.xml as part xcku040-ffva1156-2-e specified in board_part file is either invalid or not available
WARNING: [Board 49-26] cannot add Board Part xilinx.com:kcu116:part0:1.4 available at /opt/Xilinx/2025.2/data/xhub/boards/XilinxBoardStore/boards/Xilinx/kcu116/1.4/board.xml as part xcku5p-ffvb676-2-e specified in board_part file is either invalid or not available
WARNING: [Board 49-26] cannot add Board Part xilinx.com:kcu116:part0:1.5 available at /opt/Xilinx/2025.2/data/xhub/boards/XilinxBoardStore/boards/Xilinx/kcu116/1.5/board.xml as part xcku5p-ffvb676-2-e specified in board_part file is either invalid or not available
WARNING: [Board 49-26] cannot add Board Part xilinx.com:kcu1500:part0:1.2 available at /opt/Xilinx/2025.2/data/xhub/boards/XilinxBoardStore/boards/Xilinx/kcu1500/1.2/board.xml as part xcku115-flvb2104-2-e specified in board_part file is either invalid or not available
WARNING: [Board 49-26] cannot add Board Part xilinx.com:kd240_som:part0:1.0 available at /opt/Xilinx/2025.2/data/xhub/boards/XilinxBoardStore/boards/Xilinx/kd240_som/1.0/board.xml as part xck24-ubva530-2lv-c specified in board_part file is either invalid or not available
WARNING: [Board 49-26] cannot add Board Part xilinx.com:kd240_som:part0:1.1 available at /opt/Xilinx/2025.2/data/xhub/boards/XilinxBoardStore/boards/Xilinx/kd240_som/1.1/board.xml as part xck24-ubva530-2lv-c specified in board_part file is either invalid or not available
WARNING: [Board 49-26] cannot add Board Part xilinx.com:kr260_som:part0:1.0 available at /opt/Xilinx/2025.2/data/xhub/boards/XilinxBoardStore/boards/Xilinx/kr260_som/1.0/board.xml as part xck26-sfvc784-2lv-c specified in board_part file is either invalid or not available
WARNING: [Board 49-26] cannot add Board Part xilinx.com:kr260_som:part0:1.1 available at /opt/Xilinx/2025.2/data/xhub/boards/XilinxBoardStore/boards/Xilinx/kr260_som/1.1/board.xml as part xck26-sfvc784-2lv-c specified in board_part file is either invalid or not available
WARNING: [Board 49-26] cannot add Board Part xilinx.com:kv260_som:part0:1.2 available at /opt/Xilinx/2025.2/data/xhub/boards/XilinxBoardStore/boards/Xilinx/kv260_som/1.2/board.xml as part xck26-sfvc784-2lv-c specified in board_part file is either invalid or not available
WARNING: [Board 49-26] cannot add Board Part xilinx.com:kv260_som:part0:1.3 available at /opt/Xilinx/2025.2/data/xhub/boards/XilinxBoardStore/boards/Xilinx/kv260_som/1.3/board.xml as part xck26-sfvc784-2lv-c specified in board_part file is either invalid or not available
WARNING: [Board 49-26] cannot add Board Part xilinx.com:kv260_som:part0:1.4 available at /opt/Xilinx/2025.2/data/xhub/boards/XilinxBoardStore/boards/Xilinx/kv260_som/1.4/board.xml as part xck26-sfvc784-2lv-c specified in board_part file is either invalid or not available
WARNING: [Board 49-26] cannot add Board Part xilinx.com:scu35:part0:1.0 available at /opt/Xilinx/2025.2/data/xhub/boards/XilinxBoardStore/boards/Xilinx/scu35/1.0/board.xml as part xcsu35p-sbvb625-2-e specified in board_part file is either invalid or not available
WARNING: [Board 49-26] cannot add Board Part xilinx.com:sp701:part0:1.0 available at /opt/Xilinx/2025.2/data/xhub/boards/XilinxBoardStore/boards/Xilinx/sp701/1.0/board.xml as part xc7s100fgga676-2 specified in board_part file is either invalid or not available
WARNING: [Board 49-26] cannot add Board Part xilinx.com:sp701:part0:1.1 available at /opt/Xilinx/2025.2/data/xhub/boards/XilinxBoardStore/boards/Xilinx/sp701/1.1/board.xml as part xc7s100fgga676-2 specified in board_part file is either invalid or not available
WARNING: [Board 49-26] cannot add Board Part xilinx.com:v80:part0:1.0 available at /opt/Xilinx/2025.2/data/xhub/boards/XilinxBoardStore/boards/Xilinx/v80/1.0/board.xml as part xcv80-lsva4737-2mhp-e-s specified in board_part file is either invalid or not available
WARNING: [Board 49-26] cannot add Board Part xilinx.com:vc707:part0:1.4 available at /opt/Xilinx/2025.2/data/xhub/boards/XilinxBoardStore/boards/Xilinx/vc707/1.4/board.xml as part xc7vx485tffg1761-2 specified in board_part file is either invalid or not available
WARNING: [Board 49-26] cannot add Board Part xilinx.com:vc707:part0:1.5 available at /opt/Xilinx/2025.2/data/xhub/boards/XilinxBoardStore/boards/Xilinx/vc707/1.5/board.xml as part xc7vx485tffg1761-2 specified in board_part file is either invalid or not available
WARNING: [Board 49-26] cannot add Board Part xilinx.com:vc709:part0:1.8 available at /opt/Xilinx/2025.2/data/xhub/boards/XilinxBoardStore/boards/Xilinx/vc709/1.8/board.xml as part xc7vx690tffg1761-2 specified in board_part file is either invalid or not available
WARNING: [Board 49-26] cannot add Board Part xilinx.com:vck190:part0:2.2 available at /opt/Xilinx/2025.2/data/xhub/boards/XilinxBoardStore/boards/Xilinx/vck190/production/2.2/board.xml as part xcvc1902-vsva2197-2mp-e-s specified in board_part file is either invalid or not available
WARNING: [Board 49-26] cannot add Board Part xilinx.com:vck190:part0:3.0 available at /opt/Xilinx/2025.2/data/xhub/boards/XilinxBoardStore/boards/Xilinx/vck190/production/3.0/board.xml as part xcvc1902-vsva2197-2mp-e-s specified in board_part file is either invalid or not available
WARNING: [Board 49-26] cannot add Board Part xilinx.com:vck190:part0:3.1 available at /opt/Xilinx/2025.2/data/xhub/boards/XilinxBoardStore/boards/Xilinx/vck190/production/3.1/board.xml as part xcvc1902-vsva2197-2mp-e-s specified in board_part file is either invalid or not available
WARNING: [Board 49-26] cannot add Board Part xilinx.com:vck190:part0:3.2 available at /opt/Xilinx/2025.2/data/xhub/boards/XilinxBoardStore/boards/Xilinx/vck190/production/3.2/board.xml as part xcvc1902-vsva2197-2mp-e-s specified in board_part file is either invalid or not available
WARNING: [Board 49-26] cannot add Board Part xilinx.com:vck190:part0:3.3 available at /opt/Xilinx/2025.2/data/xhub/boards/XilinxBoardStore/boards/Xilinx/vck190/production/3.3/board.xml as part xcvc1902-vsva2197-2mp-e-s specified in board_part file is either invalid or not available
WARNING: [Board 49-26] cannot add Board Part xilinx.com:vck190:part0:3.4 available at /opt/Xilinx/2025.2/data/xhub/boards/XilinxBoardStore/boards/Xilinx/vck190/production/3.4/board.xml as part xcvc1902-vsva2197-2mp-e-s specified in board_part file is either invalid or not available
WARNING: [Board 49-26] cannot add Board Part xilinx.com:vck190_newl:part0:1.0 available at /opt/Xilinx/2025.2/data/xhub/boards/XilinxBoardStore/boards/Xilinx/vck190_newl/production/1.0/board.xml as part xcvc1902-vsva2197-2mp-e-s specified in board_part file is either invalid or not available
WARNING: [Board 49-26] cannot add Board Part xilinx.com:vck190_newl:part0:1.1 available at /opt/Xilinx/2025.2/data/xhub/boards/XilinxBoardStore/boards/Xilinx/vck190_newl/production/1.1/board.xml as part xcvc1902-vsva2197-2mp-e-s specified in board_part file is either invalid or not available
WARNING: [Board 49-26] cannot add Board Part xilinx.com:vck190_newl:part0:1.2 available at /opt/Xilinx/2025.2/data/xhub/boards/XilinxBoardStore/boards/Xilinx/vck190_newl/production/1.2/board.xml as part xcvc1902-vsva2197-2mp-e-s specified in board_part file is either invalid or not available
WARNING: [Board 49-26] cannot add Board Part xilinx.com:vck190_newl:part0:1.3 available at /opt/Xilinx/2025.2/data/xhub/boards/XilinxBoardStore/boards/Xilinx/vck190_newl/production/1.3/board.xml as part xcvc1902-vsva2197-2mp-e-s specified in board_part file is either invalid or not available
WARNING: [Board 49-26] cannot add Board Part xilinx.com:vcu108:part0:1.6 available at /opt/Xilinx/2025.2/data/xhub/boards/XilinxBoardStore/boards/Xilinx/vcu108/1.6/board.xml as part xcvu095-ffva2104-2-e specified in board_part file is either invalid or not available
WARNING: [Board 49-26] cannot add Board Part xilinx.com:vcu108:part0:1.7 available at /opt/Xilinx/2025.2/data/xhub/boards/XilinxBoardStore/boards/Xilinx/vcu108/1.7/board.xml as part xcvu095-ffva2104-2-e specified in board_part file is either invalid or not available
WARNING: [Board 49-26] cannot add Board Part xilinx.com:vcu110:part0:1.4 available at /opt/Xilinx/2025.2/data/xhub/boards/XilinxBoardStore/boards/Xilinx/vcu110/1.4/board.xml as part xcvu190-flgc2104-2-e specified in board_part file is either invalid or not available
WARNING: [Board 49-26] cannot add Board Part xilinx.com:vcu118:part0:2.0 available at /opt/Xilinx/2025.2/data/xhub/boards/XilinxBoardStore/boards/Xilinx/vcu118/2.0/board.xml as part xcvu9p-flga2104-2l-e specified in board_part file is either invalid or not available
WARNING: [Board 49-26] cannot add Board Part xilinx.com:vcu118:part0:2.3 available at /opt/Xilinx/2025.2/data/xhub/boards/XilinxBoardStore/boards/Xilinx/vcu118/2.3/board.xml as part xcvu9p-flga2104-2l-e specified in board_part file is either invalid or not available
WARNING: [Board 49-26] cannot add Board Part xilinx.com:vcu118:part0:2.4 available at /opt/Xilinx/2025.2/data/xhub/boards/XilinxBoardStore/boards/Xilinx/vcu118/2.4/board.xml as part xcvu9p-flga2104-2l-e specified in board_part file is either invalid or not available
WARNING: [Board 49-26] cannot add Board Part xilinx.com:vcu128:part0:1.0 available at /opt/Xilinx/2025.2/data/xhub/boards/XilinxBoardStore/boards/Xilinx/vcu128/production/1.0/board.xml as part xcvu37p-fsvh2892-2l-e specified in board_part file is either invalid or not available
WARNING: [Board 49-26] cannot add Board Part xilinx.com:vcu129:part0:1.0 available at /opt/Xilinx/2025.2/data/xhub/boards/XilinxBoardStore/boards/Xilinx/vcu129/production/1.0/board.xml as part xcvu29p-fsga2577-2l-e specified in board_part file is either invalid or not available
WARNING: [Board 49-26] cannot add Board Part xilinx.com:vcu1525:part0:1.3 available at /opt/Xilinx/2025.2/data/xhub/boards/XilinxBoardStore/boards/Xilinx/vcu1525/1.3/board.xml as part xcvu9p-fsgd2104-2l-e specified in board_part file is either invalid or not available
WARNING: [Board 49-26] cannot add Board Part xilinx.com:vek280:part0:1.0 available at /opt/Xilinx/2025.2/data/xhub/boards/XilinxBoardStore/boards/Xilinx/vek280/production/1.0/board.xml as part xcve2802-vsvh1760-2mp-e-s specified in board_part file is either invalid or not available
WARNING: [Board 49-26] cannot add Board Part xilinx.com:vek280:part0:1.1 available at /opt/Xilinx/2025.2/data/xhub/boards/XilinxBoardStore/boards/Xilinx/vek280/production/1.1/board.xml as part xcve2802-vsvh1760-2mp-e-s specified in board_part file is either invalid or not available
WARNING: [Board 49-26] cannot add Board Part xilinx.com:vek280:part0:1.2 available at /opt/Xilinx/2025.2/data/xhub/boards/XilinxBoardStore/boards/Xilinx/vek280/production/1.2/board.xml as part xcve2802-vsvh1760-2mp-e-s specified in board_part file is either invalid or not available
WARNING: [Board 49-26] cannot add Board Part xilinx.com:vek385:part0:1.0 available at /opt/Xilinx/2025.2/data/xhub/boards/XilinxBoardStore/boards/Xilinx/vek385/1.0/board.xml as part xc2ve3858-ssva2112-2mp-e-s specified in board_part file is either invalid or not available
WARNING: [Board 49-26] cannot add Board Part xilinx.com:vek385:part0:1.1 available at /opt/Xilinx/2025.2/data/xhub/boards/XilinxBoardStore/boards/Xilinx/vek385/1.1/board.xml as part xc2ve3858-ssva2112-2mp-e-s specified in board_part file is either invalid or not available
WARNING: [Board 49-26] cannot add Board Part xilinx.com:vek385_1:part0:1.0 available at /opt/Xilinx/2025.2/data/xhub/boards/XilinxBoardStore/boards/Xilinx/vek385_2/1.0/board.xml as part xc2ve3858-ssva2112-2mp-e-s specified in board_part file is either invalid or not available
WARNING: [Board 49-26] cannot add Board Part xilinx.com:vermeo_t1_mpsoc:part0:1.0 available at /opt/Xilinx/2025.2/data/xhub/boards/XilinxBoardStore/boards/Xilinx/vermeo_t1_mpsoc/1.0/board.xml as part xczu19eg-ffvd1760-2l-e specified in board_part file is either invalid or not available
WARNING: [Board 49-26] cannot add Board Part xilinx.com:vermeo_t1_rfsoc:part0:1.0 available at /opt/Xilinx/2025.2/data/xhub/boards/XilinxBoardStore/boards/Xilinx/vermeo_t1_rfsoc/1.0/board.xml as part xczu21dr-ffvd1156-2l-e specified in board_part file is either invalid or not available
WARNING: [Board 49-26] cannot add Board Part xilinx.com:vhk158:part0:1.0 available at /opt/Xilinx/2025.2/data/xhub/boards/XilinxBoardStore/boards/Xilinx/vhk158/production/1.0/board.xml as part xcvh1582-vsva3697-2mp-e-s specified in board_part file is either invalid or not available
WARNING: [Board 49-26] cannot add Board Part xilinx.com:vhk158:part0:1.1 available at /opt/Xilinx/2025.2/data/xhub/boards/XilinxBoardStore/boards/Xilinx/vhk158/production/1.1/board.xml as part xcvh1582-vsva3697-2mp-e-s specified in board_part file is either invalid or not available
WARNING: [Board 49-26] cannot add Board Part xilinx.com:vhk158:part0:1.2 available at /opt/Xilinx/2025.2/data/xhub/boards/XilinxBoardStore/boards/Xilinx/vhk158/production/1.2/board.xml as part xcvh1582-vsva3697-2mp-e-s specified in board_part file is either invalid or not available
WARNING: [Board 49-26] cannot add Board Part xilinx.com:vmk180:part0:2.2 available at /opt/Xilinx/2025.2/data/xhub/boards/XilinxBoardStore/boards/Xilinx/vmk180/production/2.2/board.xml as part xcvm1802-vsva2197-2mp-e-s specified in board_part file is either invalid or not available
WARNING: [Board 49-26] cannot add Board Part xilinx.com:vmk180:part0:3.0 available at /opt/Xilinx/2025.2/data/xhub/boards/XilinxBoardStore/boards/Xilinx/vmk180/production/3.0/board.xml as part xcvm1802-vsva2197-2mp-e-s specified in board_part file is either invalid or not available
WARNING: [Board 49-26] cannot add Board Part xilinx.com:vmk180:part0:3.1 available at /opt/Xilinx/2025.2/data/xhub/boards/XilinxBoardStore/boards/Xilinx/vmk180/production/3.1/board.xml as part xcvm1802-vsva2197-2mp-e-s specified in board_part file is either invalid or not available
WARNING: [Board 49-26] cannot add Board Part xilinx.com:vmk180:part0:3.2 available at /opt/Xilinx/2025.2/data/xhub/boards/XilinxBoardStore/boards/Xilinx/vmk180/production/3.2/board.xml as part xcvm1802-vsva2197-2mp-e-s specified in board_part file is either invalid or not available
WARNING: [Board 49-26] cannot add Board Part xilinx.com:vmk180:part0:3.3 available at /opt/Xilinx/2025.2/data/xhub/boards/XilinxBoardStore/boards/Xilinx/vmk180/production/3.3/board.xml as part xcvm1802-vsva2197-2mp-e-s specified in board_part file is either invalid or not available
WARNING: [Board 49-26] cannot add Board Part xilinx.com:vmk180_newl:part0:1.0 available at /opt/Xilinx/2025.2/data/xhub/boards/XilinxBoardStore/boards/Xilinx/vmk180_newl/production/1.0/board.xml as part xcvm1802-vsva2197-2mp-e-s specified in board_part file is either invalid or not available
WARNING: [Board 49-26] cannot add Board Part xilinx.com:vmk180_newl:part0:1.1 available at /opt/Xilinx/2025.2/data/xhub/boards/XilinxBoardStore/boards/Xilinx/vmk180_newl/production/1.1/board.xml as part xcvm1802-vsva2197-2mp-e-s specified in board_part file is either invalid or not available
WARNING: [Board 49-26] cannot add Board Part xilinx.com:vpk120:part0:1.0 available at /opt/Xilinx/2025.2/data/xhub/boards/XilinxBoardStore/boards/Xilinx/vpk120/production/1.0/board.xml as part xcvp1202-vsva2785-2mp-e-s specified in board_part file is either invalid or not available
WARNING: [Board 49-26] cannot add Board Part xilinx.com:vpk120:part0:1.1 available at /opt/Xilinx/2025.2/data/xhub/boards/XilinxBoardStore/boards/Xilinx/vpk120/production/1.1/board.xml as part xcvp1202-vsva2785-2mp-e-s specified in board_part file is either invalid or not available
WARNING: [Board 49-26] cannot add Board Part xilinx.com:vpk120:part0:1.2 available at /opt/Xilinx/2025.2/data/xhub/boards/XilinxBoardStore/boards/Xilinx/vpk120/production/1.2/board.xml as part xcvp1202-vsva2785-2mp-e-s specified in board_part file is either invalid or not available
WARNING: [Board 49-26] cannot add Board Part xilinx.com:vpk180:part0:1.0 available at /opt/Xilinx/2025.2/data/xhub/boards/XilinxBoardStore/boards/Xilinx/vpk180/production/1.0/board.xml as part xcvp1802-lsvc4072-2mp-e-s specified in board_part file is either invalid or not available
WARNING: [Board 49-26] cannot add Board Part xilinx.com:vpk180:part0:1.1 available at /opt/Xilinx/2025.2/data/xhub/boards/XilinxBoardStore/boards/Xilinx/vpk180/production/1.1/board.xml as part xcvp1802-lsvc4072-2mp-e-s specified in board_part file is either invalid or not available
WARNING: [Board 49-26] cannot add Board Part xilinx.com:vpk180:part0:1.2 available at /opt/Xilinx/2025.2/data/xhub/boards/XilinxBoardStore/boards/Xilinx/vpk180/production/1.2/board.xml as part xcvp1802-lsvc4072-2mp-e-s specified in board_part file is either invalid or not available
WARNING: [Board 49-26] cannot add Board Part xilinx.com:vrk160:part0:1.0 available at /opt/Xilinx/2025.2/data/xhub/boards/XilinxBoardStore/boards/Xilinx/vrk160/1.0/board.xml as part xcvr1602-vsva2488-2mp-e-s-es1 specified in board_part file is either invalid or not available
WARNING: [Board 49-26] cannot add Board Part xilinx.com:vrk160:part0:1.1 available at /opt/Xilinx/2025.2/data/xhub/boards/XilinxBoardStore/boards/Xilinx/vrk160/1.1/board.xml as part xcvr1602-vsva2488-2mp-e-s-es1 specified in board_part file is either invalid or not available
WARNING: [Board 49-26] cannot add Board Part xilinx.com:zc702:part0:1.4 available at /opt/Xilinx/2025.2/data/xhub/boards/XilinxBoardStore/boards/Xilinx/zc702/1.4/board.xml as part xc7z020clg484-1 specified in board_part file is either invalid or not available
WARNING: [Board 49-26] cannot add Board Part xilinx.com:zc706:part0:1.4 available at /opt/Xilinx/2025.2/data/xhub/boards/XilinxBoardStore/boards/Xilinx/zc706/1.4/board.xml as part xc7z045ffg900-2 specified in board_part file is either invalid or not available
WARNING: [Board 49-26] cannot add Board Part xilinx.com:zc706:part0:1.5 available at /opt/Xilinx/2025.2/data/xhub/boards/XilinxBoardStore/boards/Xilinx/zc706/1.5/board.xml as part xc7z045ffg900-2 specified in board_part file is either invalid or not available
WARNING: [Board 49-26] cannot add Board Part xilinx.com:zcu102:part0:3.3 available at /opt/Xilinx/2025.2/data/xhub/boards/XilinxBoardStore/boards/Xilinx/zcu102/3.3/board.xml as part xczu9eg-ffvb1156-2-e specified in board_part file is either invalid or not available
WARNING: [Board 49-26] cannot add Board Part xilinx.com:zcu102:part0:3.4 available at /opt/Xilinx/2025.2/data/xhub/boards/XilinxBoardStore/boards/Xilinx/zcu102/3.4/board.xml as part xczu9eg-ffvb1156-2-e specified in board_part file is either invalid or not available
WARNING: [Board 49-26] cannot add Board Part xilinx.com:zcu104:part0:1.1 available at /opt/Xilinx/2025.2/data/xhub/boards/XilinxBoardStore/boards/Xilinx/zcu104/1.1/board.xml as part xczu7ev-ffvc1156-2-e specified in board_part file is either invalid or not available
WARNING: [Board 49-26] cannot add Board Part xilinx.com:zcu106:part0:2.4 available at /opt/Xilinx/2025.2/data/xhub/boards/XilinxBoardStore/boards/Xilinx/zcu106/2.4/board.xml as part xczu7ev-ffvc1156-2-e specified in board_part file is either invalid or not available
WARNING: [Board 49-26] cannot add Board Part xilinx.com:zcu106:part0:2.5 available at /opt/Xilinx/2025.2/data/xhub/boards/XilinxBoardStore/boards/Xilinx/zcu106/2.5/board.xml as part xczu7ev-ffvc1156-2-e specified in board_part file is either invalid or not available
WARNING: [Board 49-26] cannot add Board Part xilinx.com:zcu106:part0:2.6 available at /opt/Xilinx/2025.2/data/xhub/boards/XilinxBoardStore/boards/Xilinx/zcu106/2.6/board.xml as part xczu7ev-ffvc1156-2-e specified in board_part file is either invalid or not available
WARNING: [Board 49-26] cannot add Board Part xilinx.com:zcu111:part0:1.2 available at /opt/Xilinx/2025.2/data/xhub/boards/XilinxBoardStore/boards/Xilinx/zcu111/1.2/board.xml as part xczu28dr-ffvg1517-2-e specified in board_part file is either invalid or not available
WARNING: [Board 49-26] cannot add Board Part xilinx.com:zcu111:part0:1.3 available at /opt/Xilinx/2025.2/data/xhub/boards/XilinxBoardStore/boards/Xilinx/zcu111/1.3/board.xml as part xczu28dr-ffvg1517-2-e specified in board_part file is either invalid or not available
WARNING: [Board 49-26] cannot add Board Part xilinx.com:zcu111:part0:1.4 available at /opt/Xilinx/2025.2/data/xhub/boards/XilinxBoardStore/boards/Xilinx/zcu111/1.4/board.xml as part xczu28dr-ffvg1517-2-e specified in board_part file is either invalid or not available
WARNING: [Board 49-26] cannot add Board Part xilinx.com:zcu1275:part0:1.0 available at /opt/Xilinx/2025.2/data/xhub/boards/XilinxBoardStore/boards/Xilinx/zcu1275/1.0/board.xml as part xczu29dr-ffvf1760-2-e specified in board_part file is either invalid or not available
WARNING: [Board 49-26] cannot add Board Part xilinx.com:zcu1285:part0:1.0 available at /opt/Xilinx/2025.2/data/xhub/boards/XilinxBoardStore/boards/Xilinx/zcu1285/1.0/board.xml as part xczu39dr-ffvf1760-2-i specified in board_part file is either invalid or not available
WARNING: [Board 49-26] cannot add Board Part xilinx.com:zcu208:part0:2.0 available at /opt/Xilinx/2025.2/data/xhub/boards/XilinxBoardStore/boards/Xilinx/zcu208/production/2.0/board.xml as part xczu48dr-fsvg1517-2-e specified in board_part file is either invalid or not available
WARNING: [Board 49-26] cannot add Board Part xilinx.com:zcu208ld:part0:2.0 available at /opt/Xilinx/2025.2/data/xhub/boards/XilinxBoardStore/boards/Xilinx/zcu208ld/production/2.0/board.xml as part xczu58dr-fsvg1517-2-i specified in board_part file is either invalid or not available
WARNING: [Board 49-26] cannot add Board Part xilinx.com:zcu216:part0:2.0 available at /opt/Xilinx/2025.2/data/xhub/boards/XilinxBoardStore/boards/Xilinx/zcu216/production/2.0/board.xml as part xczu49dr-ffvf1760-2-e specified in board_part file is either invalid or not available
WARNING: [Board 49-26] cannot add Board Part xilinx.com:zcu216ld:part0:2.0 available at /opt/Xilinx/2025.2/data/xhub/boards/XilinxBoardStore/boards/Xilinx/zcu216ld/production/2.0/board.xml as part xczu59dr-ffvf1760-2-i specified in board_part file is either invalid or not available
WARNING: [Board 49-26] cannot add Board Part xilinx.com:zcu670:part0:2.0 available at /opt/Xilinx/2025.2/data/xhub/boards/XilinxBoardStore/boards/Xilinx/zcu670/2.0/board.xml as part xczu67dr-fsve1156-2-i specified in board_part file is either invalid or not available
WARNING: [Board 49-26] cannot add Board Part xilinx.com:zcu670ld:part0:1.0 available at /opt/Xilinx/2025.2/data/xhub/boards/XilinxBoardStore/boards/Xilinx/zcu670ld/1.0/board.xml as part xczu57dr-fsve1156-2-i specified in board_part file is either invalid or not available
WARNING: [Project 1-5713] Board part 'digilentinc.com:nexys_video:part0:1.1' set for the project  is not found. BoardPart property will be unset. Please select board from latest repo build 
INFO: [Project 1-230] Project 'ece485_final_cadet_stage4.xpr' upgraded for this version of Vivado.
INFO: [IP_Flow 19-234] Refreshing IP repositories
INFO: [IP_Flow 19-1704] No user IP repositories specified
INFO: [IP_Flow 19-2313] Loaded Vivado IP repository '/opt/Xilinx/2025.2/data/ip'.
upgrade_project -migrate_output_products
update_compile_order -fileset sim_1
update_compile_order -fileset sources_1
update_compile_order -fileset sources_1
close_project
open_project /home/dfec/ece485/ece485_final_cadet_stage3/ece485_final_cadet_stage3.xpr
INFO: [filemgmt 56-3] Default IP Output Path : Could not find the directory '/home/dfec/ece485/ece485_final_cadet_stage3/ece485_final_cadet_stage3.gen/sources_1'.
Scanning sources...
Finished scanning sources
WARNING: [Board 49-26] cannot add Board Part xilinx.com:emb-plus-vpr-4616:part0:1.0 available at /opt/Xilinx/2025.2/data/xhub/boards/XilinxBoardStore/boards/Xilinx/emb-plus-vpr-4616/1.0/board.xml as part xcve2302-sfva784-2mp-e-s specified in board_part file is either invalid or not available
WARNING: [Board 49-26] cannot add Board Part xilinx.com:emb-plus-vpr-4616:part0:1.1 available at /opt/Xilinx/2025.2/data/xhub/boards/XilinxBoardStore/boards/Xilinx/emb-plus-vpr-4616/1.1/board.xml as part xcve2302-sfva784-2mp-e-s specified in board_part file is either invalid or not available
WARNING: [Board 49-26] cannot add Board Part xilinx.com:k24c:part0:1.0 available at /opt/Xilinx/2025.2/data/xhub/boards/XilinxBoardStore/boards/Xilinx/k24c/1.0/board.xml as part xck24-ubva530-2lv-c specified in board_part file is either invalid or not available
WARNING: [Board 49-26] cannot add Board Part xilinx.com:k24c:part0:1.1 available at /opt/Xilinx/2025.2/data/xhub/boards/XilinxBoardStore/boards/Xilinx/k24c/1.1/board.xml as part xck24-ubva530-2lv-c specified in board_part file is either invalid or not available
WARNING: [Board 49-26] cannot add Board Part xilinx.com:k24i:part0:1.0 available at /opt/Xilinx/2025.2/data/xhub/boards/XilinxBoardStore/boards/Xilinx/k24i/1.0/board.xml as part xck24-ubva530-2lvi-i specified in board_part file is either invalid or not available
WARNING: [Board 49-26] cannot add Board Part xilinx.com:k26c:part0:1.2 available at /opt/Xilinx/2025.2/data/xhub/boards/XilinxBoardStore/boards/Xilinx/k26c/1.2/board.xml as part xck26-sfvc784-2lv-c specified in board_part file is either invalid or not available
WARNING: [Board 49-26] cannot add Board Part xilinx.com:k26c:part0:1.3 available at /opt/Xilinx/2025.2/data/xhub/boards/XilinxBoardStore/boards/Xilinx/k26c/1.3/board.xml as part xck26-sfvc784-2lv-c specified in board_part file is either invalid or not available
WARNING: [Board 49-26] cannot add Board Part xilinx.com:k26c:part0:1.4 available at /opt/Xilinx/2025.2/data/xhub/boards/XilinxBoardStore/boards/Xilinx/k26c/1.4/board.xml as part xck26-sfvc784-2lv-c specified in board_part file is either invalid or not available
WARNING: [Board 49-26] cannot add Board Part xilinx.com:k26i:part0:1.2 available at /opt/Xilinx/2025.2/data/xhub/boards/XilinxBoardStore/boards/Xilinx/k26i/1.2/board.xml as part xck26-sfvc784-2lvi-i specified in board_part file is either invalid or not available
WARNING: [Board 49-26] cannot add Board Part xilinx.com:k26i:part0:1.3 available at /opt/Xilinx/2025.2/data/xhub/boards/XilinxBoardStore/boards/Xilinx/k26i/1.3/board.xml as part xck26-sfvc784-2lvi-i specified in board_part file is either invalid or not available
WARNING: [Board 49-26] cannot add Board Part xilinx.com:k26i:part0:1.4 available at /opt/Xilinx/2025.2/data/xhub/boards/XilinxBoardStore/boards/Xilinx/k26i/1.4/board.xml as part xck26-sfvc784-2lvi-i specified in board_part file is either invalid or not available
WARNING: [Board 49-26] cannot add Board Part xilinx.com:kc705:part0:1.6 available at /opt/Xilinx/2025.2/data/xhub/boards/XilinxBoardStore/boards/Xilinx/kc705/1.6/board.xml as part xc7k325tffg900-2 specified in board_part file is either invalid or not available
WARNING: [Board 49-26] cannot add Board Part xilinx.com:kc705:part0:1.7 available at /opt/Xilinx/2025.2/data/xhub/boards/XilinxBoardStore/boards/Xilinx/kc705/1.7/board.xml as part xc7k325tffg900-2 specified in board_part file is either invalid or not available
WARNING: [Board 49-26] cannot add Board Part xilinx.com:kcu105:part0:1.6 available at /opt/Xilinx/2025.2/data/xhub/boards/XilinxBoardStore/boards/Xilinx/kcu105/1.6/board.xml as part xcku040-ffva1156-2-e specified in board_part file is either invalid or not available
WARNING: [Board 49-26] cannot add Board Part xilinx.com:kcu105:part0:1.7 available at /opt/Xilinx/2025.2/data/xhub/boards/XilinxBoardStore/boards/Xilinx/kcu105/1.7/board.xml as part xcku040-ffva1156-2-e specified in board_part file is either invalid or not available
WARNING: [Board 49-26] cannot add Board Part xilinx.com:kcu116:part0:1.4 available at /opt/Xilinx/2025.2/data/xhub/boards/XilinxBoardStore/boards/Xilinx/kcu116/1.4/board.xml as part xcku5p-ffvb676-2-e specified in board_part file is either invalid or not available
WARNING: [Board 49-26] cannot add Board Part xilinx.com:kcu116:part0:1.5 available at /opt/Xilinx/2025.2/data/xhub/boards/XilinxBoardStore/boards/Xilinx/kcu116/1.5/board.xml as part xcku5p-ffvb676-2-e specified in board_part file is either invalid or not available
WARNING: [Board 49-26] cannot add Board Part xilinx.com:kcu1500:part0:1.2 available at /opt/Xilinx/2025.2/data/xhub/boards/XilinxBoardStore/boards/Xilinx/kcu1500/1.2/board.xml as part xcku115-flvb2104-2-e specified in board_part file is either invalid or not available
WARNING: [Board 49-26] cannot add Board Part xilinx.com:kd240_som:part0:1.0 available at /opt/Xilinx/2025.2/data/xhub/boards/XilinxBoardStore/boards/Xilinx/kd240_som/1.0/board.xml as part xck24-ubva530-2lv-c specified in board_part file is either invalid or not available
WARNING: [Board 49-26] cannot add Board Part xilinx.com:kd240_som:part0:1.1 available at /opt/Xilinx/2025.2/data/xhub/boards/XilinxBoardStore/boards/Xilinx/kd240_som/1.1/board.xml as part xck24-ubva530-2lv-c specified in board_part file is either invalid or not available
WARNING: [Board 49-26] cannot add Board Part xilinx.com:kr260_som:part0:1.0 available at /opt/Xilinx/2025.2/data/xhub/boards/XilinxBoardStore/boards/Xilinx/kr260_som/1.0/board.xml as part xck26-sfvc784-2lv-c specified in board_part file is either invalid or not available
WARNING: [Board 49-26] cannot add Board Part xilinx.com:kr260_som:part0:1.1 available at /opt/Xilinx/2025.2/data/xhub/boards/XilinxBoardStore/boards/Xilinx/kr260_som/1.1/board.xml as part xck26-sfvc784-2lv-c specified in board_part file is either invalid or not available
WARNING: [Board 49-26] cannot add Board Part xilinx.com:kv260_som:part0:1.2 available at /opt/Xilinx/2025.2/data/xhub/boards/XilinxBoardStore/boards/Xilinx/kv260_som/1.2/board.xml as part xck26-sfvc784-2lv-c specified in board_part file is either invalid or not available
WARNING: [Board 49-26] cannot add Board Part xilinx.com:kv260_som:part0:1.3 available at /opt/Xilinx/2025.2/data/xhub/boards/XilinxBoardStore/boards/Xilinx/kv260_som/1.3/board.xml as part xck26-sfvc784-2lv-c specified in board_part file is either invalid or not available
WARNING: [Board 49-26] cannot add Board Part xilinx.com:kv260_som:part0:1.4 available at /opt/Xilinx/2025.2/data/xhub/boards/XilinxBoardStore/boards/Xilinx/kv260_som/1.4/board.xml as part xck26-sfvc784-2lv-c specified in board_part file is either invalid or not available
WARNING: [Board 49-26] cannot add Board Part xilinx.com:scu35:part0:1.0 available at /opt/Xilinx/2025.2/data/xhub/boards/XilinxBoardStore/boards/Xilinx/scu35/1.0/board.xml as part xcsu35p-sbvb625-2-e specified in board_part file is either invalid or not available
WARNING: [Board 49-26] cannot add Board Part xilinx.com:sp701:part0:1.0 available at /opt/Xilinx/2025.2/data/xhub/boards/XilinxBoardStore/boards/Xilinx/sp701/1.0/board.xml as part xc7s100fgga676-2 specified in board_part file is either invalid or not available
WARNING: [Board 49-26] cannot add Board Part xilinx.com:sp701:part0:1.1 available at /opt/Xilinx/2025.2/data/xhub/boards/XilinxBoardStore/boards/Xilinx/sp701/1.1/board.xml as part xc7s100fgga676-2 specified in board_part file is either invalid or not available
WARNING: [Board 49-26] cannot add Board Part xilinx.com:v80:part0:1.0 available at /opt/Xilinx/2025.2/data/xhub/boards/XilinxBoardStore/boards/Xilinx/v80/1.0/board.xml as part xcv80-lsva4737-2mhp-e-s specified in board_part file is either invalid or not available
WARNING: [Board 49-26] cannot add Board Part xilinx.com:vc707:part0:1.4 available at /opt/Xilinx/2025.2/data/xhub/boards/XilinxBoardStore/boards/Xilinx/vc707/1.4/board.xml as part xc7vx485tffg1761-2 specified in board_part file is either invalid or not available
WARNING: [Board 49-26] cannot add Board Part xilinx.com:vc707:part0:1.5 available at /opt/Xilinx/2025.2/data/xhub/boards/XilinxBoardStore/boards/Xilinx/vc707/1.5/board.xml as part xc7vx485tffg1761-2 specified in board_part file is either invalid or not available
WARNING: [Board 49-26] cannot add Board Part xilinx.com:vc709:part0:1.8 available at /opt/Xilinx/2025.2/data/xhub/boards/XilinxBoardStore/boards/Xilinx/vc709/1.8/board.xml as part xc7vx690tffg1761-2 specified in board_part file is either invalid or not available
WARNING: [Board 49-26] cannot add Board Part xilinx.com:vck190:part0:2.2 available at /opt/Xilinx/2025.2/data/xhub/boards/XilinxBoardStore/boards/Xilinx/vck190/production/2.2/board.xml as part xcvc1902-vsva2197-2mp-e-s specified in board_part file is either invalid or not available
WARNING: [Board 49-26] cannot add Board Part xilinx.com:vck190:part0:3.0 available at /opt/Xilinx/2025.2/data/xhub/boards/XilinxBoardStore/boards/Xilinx/vck190/production/3.0/board.xml as part xcvc1902-vsva2197-2mp-e-s specified in board_part file is either invalid or not available
WARNING: [Board 49-26] cannot add Board Part xilinx.com:vck190:part0:3.1 available at /opt/Xilinx/2025.2/data/xhub/boards/XilinxBoardStore/boards/Xilinx/vck190/production/3.1/board.xml as part xcvc1902-vsva2197-2mp-e-s specified in board_part file is either invalid or not available
WARNING: [Board 49-26] cannot add Board Part xilinx.com:vck190:part0:3.2 available at /opt/Xilinx/2025.2/data/xhub/boards/XilinxBoardStore/boards/Xilinx/vck190/production/3.2/board.xml as part xcvc1902-vsva2197-2mp-e-s specified in board_part file is either invalid or not available
WARNING: [Board 49-26] cannot add Board Part xilinx.com:vck190:part0:3.3 available at /opt/Xilinx/2025.2/data/xhub/boards/XilinxBoardStore/boards/Xilinx/vck190/production/3.3/board.xml as part xcvc1902-vsva2197-2mp-e-s specified in board_part file is either invalid or not available
WARNING: [Board 49-26] cannot add Board Part xilinx.com:vck190:part0:3.4 available at /opt/Xilinx/2025.2/data/xhub/boards/XilinxBoardStore/boards/Xilinx/vck190/production/3.4/board.xml as part xcvc1902-vsva2197-2mp-e-s specified in board_part file is either invalid or not available
WARNING: [Board 49-26] cannot add Board Part xilinx.com:vck190_newl:part0:1.0 available at /opt/Xilinx/2025.2/data/xhub/boards/XilinxBoardStore/boards/Xilinx/vck190_newl/production/1.0/board.xml as part xcvc1902-vsva2197-2mp-e-s specified in board_part file is either invalid or not available
WARNING: [Board 49-26] cannot add Board Part xilinx.com:vck190_newl:part0:1.1 available at /opt/Xilinx/2025.2/data/xhub/boards/XilinxBoardStore/boards/Xilinx/vck190_newl/production/1.1/board.xml as part xcvc1902-vsva2197-2mp-e-s specified in board_part file is either invalid or not available
WARNING: [Board 49-26] cannot add Board Part xilinx.com:vck190_newl:part0:1.2 available at /opt/Xilinx/2025.2/data/xhub/boards/XilinxBoardStore/boards/Xilinx/vck190_newl/production/1.2/board.xml as part xcvc1902-vsva2197-2mp-e-s specified in board_part file is either invalid or not available
WARNING: [Board 49-26] cannot add Board Part xilinx.com:vck190_newl:part0:1.3 available at /opt/Xilinx/2025.2/data/xhub/boards/XilinxBoardStore/boards/Xilinx/vck190_newl/production/1.3/board.xml as part xcvc1902-vsva2197-2mp-e-s specified in board_part file is either invalid or not available
WARNING: [Board 49-26] cannot add Board Part xilinx.com:vcu108:part0:1.6 available at /opt/Xilinx/2025.2/data/xhub/boards/XilinxBoardStore/boards/Xilinx/vcu108/1.6/board.xml as part xcvu095-ffva2104-2-e specified in board_part file is either invalid or not available
WARNING: [Board 49-26] cannot add Board Part xilinx.com:vcu108:part0:1.7 available at /opt/Xilinx/2025.2/data/xhub/boards/XilinxBoardStore/boards/Xilinx/vcu108/1.7/board.xml as part xcvu095-ffva2104-2-e specified in board_part file is either invalid or not available
WARNING: [Board 49-26] cannot add Board Part xilinx.com:vcu110:part0:1.4 available at /opt/Xilinx/2025.2/data/xhub/boards/XilinxBoardStore/boards/Xilinx/vcu110/1.4/board.xml as part xcvu190-flgc2104-2-e specified in board_part file is either invalid or not available
WARNING: [Board 49-26] cannot add Board Part xilinx.com:vcu118:part0:2.0 available at /opt/Xilinx/2025.2/data/xhub/boards/XilinxBoardStore/boards/Xilinx/vcu118/2.0/board.xml as part xcvu9p-flga2104-2l-e specified in board_part file is either invalid or not available
WARNING: [Board 49-26] cannot add Board Part xilinx.com:vcu118:part0:2.3 available at /opt/Xilinx/2025.2/data/xhub/boards/XilinxBoardStore/boards/Xilinx/vcu118/2.3/board.xml as part xcvu9p-flga2104-2l-e specified in board_part file is either invalid or not available
WARNING: [Board 49-26] cannot add Board Part xilinx.com:vcu118:part0:2.4 available at /opt/Xilinx/2025.2/data/xhub/boards/XilinxBoardStore/boards/Xilinx/vcu118/2.4/board.xml as part xcvu9p-flga2104-2l-e specified in board_part file is either invalid or not available
WARNING: [Board 49-26] cannot add Board Part xilinx.com:vcu128:part0:1.0 available at /opt/Xilinx/2025.2/data/xhub/boards/XilinxBoardStore/boards/Xilinx/vcu128/production/1.0/board.xml as part xcvu37p-fsvh2892-2l-e specified in board_part file is either invalid or not available
WARNING: [Board 49-26] cannot add Board Part xilinx.com:vcu129:part0:1.0 available at /opt/Xilinx/2025.2/data/xhub/boards/XilinxBoardStore/boards/Xilinx/vcu129/production/1.0/board.xml as part xcvu29p-fsga2577-2l-e specified in board_part file is either invalid or not available
WARNING: [Board 49-26] cannot add Board Part xilinx.com:vcu1525:part0:1.3 available at /opt/Xilinx/2025.2/data/xhub/boards/XilinxBoardStore/boards/Xilinx/vcu1525/1.3/board.xml as part xcvu9p-fsgd2104-2l-e specified in board_part file is either invalid or not available
WARNING: [Board 49-26] cannot add Board Part xilinx.com:vek280:part0:1.0 available at /opt/Xilinx/2025.2/data/xhub/boards/XilinxBoardStore/boards/Xilinx/vek280/production/1.0/board.xml as part xcve2802-vsvh1760-2mp-e-s specified in board_part file is either invalid or not available
WARNING: [Board 49-26] cannot add Board Part xilinx.com:vek280:part0:1.1 available at /opt/Xilinx/2025.2/data/xhub/boards/XilinxBoardStore/boards/Xilinx/vek280/production/1.1/board.xml as part xcve2802-vsvh1760-2mp-e-s specified in board_part file is either invalid or not available
WARNING: [Board 49-26] cannot add Board Part xilinx.com:vek280:part0:1.2 available at /opt/Xilinx/2025.2/data/xhub/boards/XilinxBoardStore/boards/Xilinx/vek280/production/1.2/board.xml as part xcve2802-vsvh1760-2mp-e-s specified in board_part file is either invalid or not available
WARNING: [Board 49-26] cannot add Board Part xilinx.com:vek385:part0:1.0 available at /opt/Xilinx/2025.2/data/xhub/boards/XilinxBoardStore/boards/Xilinx/vek385/1.0/board.xml as part xc2ve3858-ssva2112-2mp-e-s specified in board_part file is either invalid or not available
WARNING: [Board 49-26] cannot add Board Part xilinx.com:vek385:part0:1.1 available at /opt/Xilinx/2025.2/data/xhub/boards/XilinxBoardStore/boards/Xilinx/vek385/1.1/board.xml as part xc2ve3858-ssva2112-2mp-e-s specified in board_part file is either invalid or not available
WARNING: [Board 49-26] cannot add Board Part xilinx.com:vek385_1:part0:1.0 available at /opt/Xilinx/2025.2/data/xhub/boards/XilinxBoardStore/boards/Xilinx/vek385_2/1.0/board.xml as part xc2ve3858-ssva2112-2mp-e-s specified in board_part file is either invalid or not available
WARNING: [Board 49-26] cannot add Board Part xilinx.com:vermeo_t1_mpsoc:part0:1.0 available at /opt/Xilinx/2025.2/data/xhub/boards/XilinxBoardStore/boards/Xilinx/vermeo_t1_mpsoc/1.0/board.xml as part xczu19eg-ffvd1760-2l-e specified in board_part file is either invalid or not available
WARNING: [Board 49-26] cannot add Board Part xilinx.com:vermeo_t1_rfsoc:part0:1.0 available at /opt/Xilinx/2025.2/data/xhub/boards/XilinxBoardStore/boards/Xilinx/vermeo_t1_rfsoc/1.0/board.xml as part xczu21dr-ffvd1156-2l-e specified in board_part file is either invalid or not available
WARNING: [Board 49-26] cannot add Board Part xilinx.com:vhk158:part0:1.0 available at /opt/Xilinx/2025.2/data/xhub/boards/XilinxBoardStore/boards/Xilinx/vhk158/production/1.0/board.xml as part xcvh1582-vsva3697-2mp-e-s specified in board_part file is either invalid or not available
WARNING: [Board 49-26] cannot add Board Part xilinx.com:vhk158:part0:1.1 available at /opt/Xilinx/2025.2/data/xhub/boards/XilinxBoardStore/boards/Xilinx/vhk158/production/1.1/board.xml as part xcvh1582-vsva3697-2mp-e-s specified in board_part file is either invalid or not available
WARNING: [Board 49-26] cannot add Board Part xilinx.com:vhk158:part0:1.2 available at /opt/Xilinx/2025.2/data/xhub/boards/XilinxBoardStore/boards/Xilinx/vhk158/production/1.2/board.xml as part xcvh1582-vsva3697-2mp-e-s specified in board_part file is either invalid or not available
WARNING: [Board 49-26] cannot add Board Part xilinx.com:vmk180:part0:2.2 available at /opt/Xilinx/2025.2/data/xhub/boards/XilinxBoardStore/boards/Xilinx/vmk180/production/2.2/board.xml as part xcvm1802-vsva2197-2mp-e-s specified in board_part file is either invalid or not available
WARNING: [Board 49-26] cannot add Board Part xilinx.com:vmk180:part0:3.0 available at /opt/Xilinx/2025.2/data/xhub/boards/XilinxBoardStore/boards/Xilinx/vmk180/production/3.0/board.xml as part xcvm1802-vsva2197-2mp-e-s specified in board_part file is either invalid or not available
WARNING: [Board 49-26] cannot add Board Part xilinx.com:vmk180:part0:3.1 available at /opt/Xilinx/2025.2/data/xhub/boards/XilinxBoardStore/boards/Xilinx/vmk180/production/3.1/board.xml as part xcvm1802-vsva2197-2mp-e-s specified in board_part file is either invalid or not available
WARNING: [Board 49-26] cannot add Board Part xilinx.com:vmk180:part0:3.2 available at /opt/Xilinx/2025.2/data/xhub/boards/XilinxBoardStore/boards/Xilinx/vmk180/production/3.2/board.xml as part xcvm1802-vsva2197-2mp-e-s specified in board_part file is either invalid or not available
WARNING: [Board 49-26] cannot add Board Part xilinx.com:vmk180:part0:3.3 available at /opt/Xilinx/2025.2/data/xhub/boards/XilinxBoardStore/boards/Xilinx/vmk180/production/3.3/board.xml as part xcvm1802-vsva2197-2mp-e-s specified in board_part file is either invalid or not available
WARNING: [Board 49-26] cannot add Board Part xilinx.com:vmk180_newl:part0:1.0 available at /opt/Xilinx/2025.2/data/xhub/boards/XilinxBoardStore/boards/Xilinx/vmk180_newl/production/1.0/board.xml as part xcvm1802-vsva2197-2mp-e-s specified in board_part file is either invalid or not available
WARNING: [Board 49-26] cannot add Board Part xilinx.com:vmk180_newl:part0:1.1 available at /opt/Xilinx/2025.2/data/xhub/boards/XilinxBoardStore/boards/Xilinx/vmk180_newl/production/1.1/board.xml as part xcvm1802-vsva2197-2mp-e-s specified in board_part file is either invalid or not available
WARNING: [Board 49-26] cannot add Board Part xilinx.com:vpk120:part0:1.0 available at /opt/Xilinx/2025.2/data/xhub/boards/XilinxBoardStore/boards/Xilinx/vpk120/production/1.0/board.xml as part xcvp1202-vsva2785-2mp-e-s specified in board_part file is either invalid or not available
WARNING: [Board 49-26] cannot add Board Part xilinx.com:vpk120:part0:1.1 available at /opt/Xilinx/2025.2/data/xhub/boards/XilinxBoardStore/boards/Xilinx/vpk120/production/1.1/board.xml as part xcvp1202-vsva2785-2mp-e-s specified in board_part file is either invalid or not available
WARNING: [Board 49-26] cannot add Board Part xilinx.com:vpk120:part0:1.2 available at /opt/Xilinx/2025.2/data/xhub/boards/XilinxBoardStore/boards/Xilinx/vpk120/production/1.2/board.xml as part xcvp1202-vsva2785-2mp-e-s specified in board_part file is either invalid or not available
WARNING: [Board 49-26] cannot add Board Part xilinx.com:vpk180:part0:1.0 available at /opt/Xilinx/2025.2/data/xhub/boards/XilinxBoardStore/boards/Xilinx/vpk180/production/1.0/board.xml as part xcvp1802-lsvc4072-2mp-e-s specified in board_part file is either invalid or not available
WARNING: [Board 49-26] cannot add Board Part xilinx.com:vpk180:part0:1.1 available at /opt/Xilinx/2025.2/data/xhub/boards/XilinxBoardStore/boards/Xilinx/vpk180/production/1.1/board.xml as part xcvp1802-lsvc4072-2mp-e-s specified in board_part file is either invalid or not available
WARNING: [Board 49-26] cannot add Board Part xilinx.com:vpk180:part0:1.2 available at /opt/Xilinx/2025.2/data/xhub/boards/XilinxBoardStore/boards/Xilinx/vpk180/production/1.2/board.xml as part xcvp1802-lsvc4072-2mp-e-s specified in board_part file is either invalid or not available
WARNING: [Board 49-26] cannot add Board Part xilinx.com:vrk160:part0:1.0 available at /opt/Xilinx/2025.2/data/xhub/boards/XilinxBoardStore/boards/Xilinx/vrk160/1.0/board.xml as part xcvr1602-vsva2488-2mp-e-s-es1 specified in board_part file is either invalid or not available
WARNING: [Board 49-26] cannot add Board Part xilinx.com:vrk160:part0:1.1 available at /opt/Xilinx/2025.2/data/xhub/boards/XilinxBoardStore/boards/Xilinx/vrk160/1.1/board.xml as part xcvr1602-vsva2488-2mp-e-s-es1 specified in board_part file is either invalid or not available
WARNING: [Board 49-26] cannot add Board Part xilinx.com:zc702:part0:1.4 available at /opt/Xilinx/2025.2/data/xhub/boards/XilinxBoardStore/boards/Xilinx/zc702/1.4/board.xml as part xc7z020clg484-1 specified in board_part file is either invalid or not available
WARNING: [Board 49-26] cannot add Board Part xilinx.com:zc706:part0:1.4 available at /opt/Xilinx/2025.2/data/xhub/boards/XilinxBoardStore/boards/Xilinx/zc706/1.4/board.xml as part xc7z045ffg900-2 specified in board_part file is either invalid or not available
WARNING: [Board 49-26] cannot add Board Part xilinx.com:zc706:part0:1.5 available at /opt/Xilinx/2025.2/data/xhub/boards/XilinxBoardStore/boards/Xilinx/zc706/1.5/board.xml as part xc7z045ffg900-2 specified in board_part file is either invalid or not available
WARNING: [Board 49-26] cannot add Board Part xilinx.com:zcu102:part0:3.3 available at /opt/Xilinx/2025.2/data/xhub/boards/XilinxBoardStore/boards/Xilinx/zcu102/3.3/board.xml as part xczu9eg-ffvb1156-2-e specified in board_part file is either invalid or not available
WARNING: [Board 49-26] cannot add Board Part xilinx.com:zcu102:part0:3.4 available at /opt/Xilinx/2025.2/data/xhub/boards/XilinxBoardStore/boards/Xilinx/zcu102/3.4/board.xml as part xczu9eg-ffvb1156-2-e specified in board_part file is either invalid or not available
WARNING: [Board 49-26] cannot add Board Part xilinx.com:zcu104:part0:1.1 available at /opt/Xilinx/2025.2/data/xhub/boards/XilinxBoardStore/boards/Xilinx/zcu104/1.1/board.xml as part xczu7ev-ffvc1156-2-e specified in board_part file is either invalid or not available
WARNING: [Board 49-26] cannot add Board Part xilinx.com:zcu106:part0:2.4 available at /opt/Xilinx/2025.2/data/xhub/boards/XilinxBoardStore/boards/Xilinx/zcu106/2.4/board.xml as part xczu7ev-ffvc1156-2-e specified in board_part file is either invalid or not available
WARNING: [Board 49-26] cannot add Board Part xilinx.com:zcu106:part0:2.5 available at /opt/Xilinx/2025.2/data/xhub/boards/XilinxBoardStore/boards/Xilinx/zcu106/2.5/board.xml as part xczu7ev-ffvc1156-2-e specified in board_part file is either invalid or not available
WARNING: [Board 49-26] cannot add Board Part xilinx.com:zcu106:part0:2.6 available at /opt/Xilinx/2025.2/data/xhub/boards/XilinxBoardStore/boards/Xilinx/zcu106/2.6/board.xml as part xczu7ev-ffvc1156-2-e specified in board_part file is either invalid or not available
WARNING: [Board 49-26] cannot add Board Part xilinx.com:zcu111:part0:1.2 available at /opt/Xilinx/2025.2/data/xhub/boards/XilinxBoardStore/boards/Xilinx/zcu111/1.2/board.xml as part xczu28dr-ffvg1517-2-e specified in board_part file is either invalid or not available
WARNING: [Board 49-26] cannot add Board Part xilinx.com:zcu111:part0:1.3 available at /opt/Xilinx/2025.2/data/xhub/boards/XilinxBoardStore/boards/Xilinx/zcu111/1.3/board.xml as part xczu28dr-ffvg1517-2-e specified in board_part file is either invalid or not available
WARNING: [Board 49-26] cannot add Board Part xilinx.com:zcu111:part0:1.4 available at /opt/Xilinx/2025.2/data/xhub/boards/XilinxBoardStore/boards/Xilinx/zcu111/1.4/board.xml as part xczu28dr-ffvg1517-2-e specified in board_part file is either invalid or not available
WARNING: [Board 49-26] cannot add Board Part xilinx.com:zcu1275:part0:1.0 available at /opt/Xilinx/2025.2/data/xhub/boards/XilinxBoardStore/boards/Xilinx/zcu1275/1.0/board.xml as part xczu29dr-ffvf1760-2-e specified in board_part file is either invalid or not available
WARNING: [Board 49-26] cannot add Board Part xilinx.com:zcu1285:part0:1.0 available at /opt/Xilinx/2025.2/data/xhub/boards/XilinxBoardStore/boards/Xilinx/zcu1285/1.0/board.xml as part xczu39dr-ffvf1760-2-i specified in board_part file is either invalid or not available
WARNING: [Board 49-26] cannot add Board Part xilinx.com:zcu208:part0:2.0 available at /opt/Xilinx/2025.2/data/xhub/boards/XilinxBoardStore/boards/Xilinx/zcu208/production/2.0/board.xml as part xczu48dr-fsvg1517-2-e specified in board_part file is either invalid or not available
WARNING: [Board 49-26] cannot add Board Part xilinx.com:zcu208ld:part0:2.0 available at /opt/Xilinx/2025.2/data/xhub/boards/XilinxBoardStore/boards/Xilinx/zcu208ld/production/2.0/board.xml as part xczu58dr-fsvg1517-2-i specified in board_part file is either invalid or not available
WARNING: [Board 49-26] cannot add Board Part xilinx.com:zcu216:part0:2.0 available at /opt/Xilinx/2025.2/data/xhub/boards/XilinxBoardStore/boards/Xilinx/zcu216/production/2.0/board.xml as part xczu49dr-ffvf1760-2-e specified in board_part file is either invalid or not available
WARNING: [Board 49-26] cannot add Board Part xilinx.com:zcu216ld:part0:2.0 available at /opt/Xilinx/2025.2/data/xhub/boards/XilinxBoardStore/boards/Xilinx/zcu216ld/production/2.0/board.xml as part xczu59dr-ffvf1760-2-i specified in board_part file is either invalid or not available
WARNING: [Board 49-26] cannot add Board Part xilinx.com:zcu670:part0:2.0 available at /opt/Xilinx/2025.2/data/xhub/boards/XilinxBoardStore/boards/Xilinx/zcu670/2.0/board.xml as part xczu67dr-fsve1156-2-i specified in board_part file is either invalid or not available
WARNING: [Board 49-26] cannot add Board Part xilinx.com:zcu670ld:part0:1.0 available at /opt/Xilinx/2025.2/data/xhub/boards/XilinxBoardStore/boards/Xilinx/zcu670ld/1.0/board.xml as part xczu57dr-fsve1156-2-i specified in board_part file is either invalid or not available
WARNING: [Project 1-5713] Board part '' set for the project  is not found. BoardPart property will be unset. Please select board from latest repo build 
INFO: [IP_Flow 19-234] Refreshing IP repositories
INFO: [IP_Flow 19-1704] No user IP repositories specified
INFO: [IP_Flow 19-2313] Loaded Vivado IP repository '/opt/Xilinx/2025.2/data/ip'.
update_compile_order -fileset sources_1
file mkdir /home/dfec/ece485/ece485_final_cadet_stage3/ece485_final_cadet_stage3.srcs/sources_1/new
close [ open /home/dfec/ece485/ece485_final_cadet_stage3/ece485_final_cadet_stage3.srcs/sources_1/new/hazard_detection_unit.vhd w ]
add_files /home/dfec/ece485/ece485_final_cadet_stage3/ece485_final_cadet_stage3.srcs/sources_1/new/hazard_detection_unit.vhd
update_compile_order -fileset sources_1
WARNING: [filemgmt 56-199] Attempt to get parsing info during refresh. "On-the-fly" syntax checking information may be incorrect. [/home/dfec/ece485/ece485_final_cadet_stage3/ece485_final_cadet_stage3.srcs/sources_1/new/hazard_detection_unit.vhd:]
WARNING: [filemgmt 56-199] Attempt to get parsing info during refresh. "On-the-fly" syntax checking information may be incorrect. [/home/dfec/ece485/ece485_final_cadet_stage3/pipeline_registers.vhdl:]
WARNING: [filemgmt 56-199] Attempt to get parsing info during refresh. "On-the-fly" syntax checking information may be incorrect. [/home/dfec/ece485/ece485_final_cadet_stage3/ece485_final_cadet_stage3.srcs/sources_1/new/hazard_detection_unit.vhd:]
WARNING: [filemgmt 56-199] Attempt to get parsing info during refresh. "On-the-fly" syntax checking information may be incorrect. [/home/dfec/ece485/ece485_final_cadet_stage3/ece485_final_cadet_stage3.srcs/sources_1/new/hazard_detection_unit.vhd:]
WARNING: [filemgmt 56-199] Attempt to get parsing info during refresh. "On-the-fly" syntax checking information may be incorrect. [/home/dfec/ece485/ece485_final_cadet_stage3/ece485_final_cadet_stage3.srcs/sources_1/new/hazard_detection_unit.vhd:]
WARNING: [filemgmt 56-199] Attempt to get parsing info during refresh. "On-the-fly" syntax checking information may be incorrect. [/home/dfec/ece485/ece485_final_cadet_stage3/pipeline_registers.vhdl:]
WARNING: [filemgmt 56-199] Attempt to get parsing info during refresh. "On-the-fly" syntax checking information may be incorrect. [/home/dfec/ece485/ece485_final_cadet_stage3/ece485_final_cadet_stage3.srcs/sources_1/new/hazard_detection_unit.vhd:]
WARNING: [filemgmt 56-199] Attempt to get parsing info during refresh. "On-the-fly" syntax checking information may be incorrect. [/home/dfec/ece485/ece485_final_cadet_stage3/ece485_final_cadet_stage3.srcs/sources_1/new/hazard_detection_unit.vhd:]
close_project
open_project /home/dfec/ece485/ece485_final_cadet_stage4/ece485_final_cadet_stage4.xpr
INFO: [filemgmt 56-3] Default IP Output Path : Could not find the directory '/home/dfec/ece485/ece485_final_cadet_stage4/ece485_final_cadet_stage4.gen/sources_1'.
WARNING: [filemgmt 56-3] IPUserFilesDir: Could not find the directory '/home/dfec/ece485/ece485_final_cadet_stage4/ece485_final_cadet_stage4.ip_user_files'.
Scanning sources...
Finished scanning sources
WARNING: [Board 49-26] cannot add Board Part xilinx.com:emb-plus-vpr-4616:part0:1.0 available at /opt/Xilinx/2025.2/data/xhub/boards/XilinxBoardStore/boards/Xilinx/emb-plus-vpr-4616/1.0/board.xml as part xcve2302-sfva784-2mp-e-s specified in board_part file is either invalid or not available
WARNING: [Board 49-26] cannot add Board Part xilinx.com:emb-plus-vpr-4616:part0:1.1 available at /opt/Xilinx/2025.2/data/xhub/boards/XilinxBoardStore/boards/Xilinx/emb-plus-vpr-4616/1.1/board.xml as part xcve2302-sfva784-2mp-e-s specified in board_part file is either invalid or not available
WARNING: [Board 49-26] cannot add Board Part xilinx.com:k24c:part0:1.0 available at /opt/Xilinx/2025.2/data/xhub/boards/XilinxBoardStore/boards/Xilinx/k24c/1.0/board.xml as part xck24-ubva530-2lv-c specified in board_part file is either invalid or not available
WARNING: [Board 49-26] cannot add Board Part xilinx.com:k24c:part0:1.1 available at /opt/Xilinx/2025.2/data/xhub/boards/XilinxBoardStore/boards/Xilinx/k24c/1.1/board.xml as part xck24-ubva530-2lv-c specified in board_part file is either invalid or not available
WARNING: [Board 49-26] cannot add Board Part xilinx.com:k24i:part0:1.0 available at /opt/Xilinx/2025.2/data/xhub/boards/XilinxBoardStore/boards/Xilinx/k24i/1.0/board.xml as part xck24-ubva530-2lvi-i specified in board_part file is either invalid or not available
WARNING: [Board 49-26] cannot add Board Part xilinx.com:k26c:part0:1.2 available at /opt/Xilinx/2025.2/data/xhub/boards/XilinxBoardStore/boards/Xilinx/k26c/1.2/board.xml as part xck26-sfvc784-2lv-c specified in board_part file is either invalid or not available
WARNING: [Board 49-26] cannot add Board Part xilinx.com:k26c:part0:1.3 available at /opt/Xilinx/2025.2/data/xhub/boards/XilinxBoardStore/boards/Xilinx/k26c/1.3/board.xml as part xck26-sfvc784-2lv-c specified in board_part file is either invalid or not available
WARNING: [Board 49-26] cannot add Board Part xilinx.com:k26c:part0:1.4 available at /opt/Xilinx/2025.2/data/xhub/boards/XilinxBoardStore/boards/Xilinx/k26c/1.4/board.xml as part xck26-sfvc784-2lv-c specified in board_part file is either invalid or not available
WARNING: [Board 49-26] cannot add Board Part xilinx.com:k26i:part0:1.2 available at /opt/Xilinx/2025.2/data/xhub/boards/XilinxBoardStore/boards/Xilinx/k26i/1.2/board.xml as part xck26-sfvc784-2lvi-i specified in board_part file is either invalid or not available
WARNING: [Board 49-26] cannot add Board Part xilinx.com:k26i:part0:1.3 available at /opt/Xilinx/2025.2/data/xhub/boards/XilinxBoardStore/boards/Xilinx/k26i/1.3/board.xml as part xck26-sfvc784-2lvi-i specified in board_part file is either invalid or not available
WARNING: [Board 49-26] cannot add Board Part xilinx.com:k26i:part0:1.4 available at /opt/Xilinx/2025.2/data/xhub/boards/XilinxBoardStore/boards/Xilinx/k26i/1.4/board.xml as part xck26-sfvc784-2lvi-i specified in board_part file is either invalid or not available
WARNING: [Board 49-26] cannot add Board Part xilinx.com:kc705:part0:1.6 available at /opt/Xilinx/2025.2/data/xhub/boards/XilinxBoardStore/boards/Xilinx/kc705/1.6/board.xml as part xc7k325tffg900-2 specified in board_part file is either invalid or not available
WARNING: [Board 49-26] cannot add Board Part xilinx.com:kc705:part0:1.7 available at /opt/Xilinx/2025.2/data/xhub/boards/XilinxBoardStore/boards/Xilinx/kc705/1.7/board.xml as part xc7k325tffg900-2 specified in board_part file is either invalid or not available
WARNING: [Board 49-26] cannot add Board Part xilinx.com:kcu105:part0:1.6 available at /opt/Xilinx/2025.2/data/xhub/boards/XilinxBoardStore/boards/Xilinx/kcu105/1.6/board.xml as part xcku040-ffva1156-2-e specified in board_part file is either invalid or not available
WARNING: [Board 49-26] cannot add Board Part xilinx.com:kcu105:part0:1.7 available at /opt/Xilinx/2025.2/data/xhub/boards/XilinxBoardStore/boards/Xilinx/kcu105/1.7/board.xml as part xcku040-ffva1156-2-e specified in board_part file is either invalid or not available
WARNING: [Board 49-26] cannot add Board Part xilinx.com:kcu116:part0:1.4 available at /opt/Xilinx/2025.2/data/xhub/boards/XilinxBoardStore/boards/Xilinx/kcu116/1.4/board.xml as part xcku5p-ffvb676-2-e specified in board_part file is either invalid or not available
WARNING: [Board 49-26] cannot add Board Part xilinx.com:kcu116:part0:1.5 available at /opt/Xilinx/2025.2/data/xhub/boards/XilinxBoardStore/boards/Xilinx/kcu116/1.5/board.xml as part xcku5p-ffvb676-2-e specified in board_part file is either invalid or not available
WARNING: [Board 49-26] cannot add Board Part xilinx.com:kcu1500:part0:1.2 available at /opt/Xilinx/2025.2/data/xhub/boards/XilinxBoardStore/boards/Xilinx/kcu1500/1.2/board.xml as part xcku115-flvb2104-2-e specified in board_part file is either invalid or not available
WARNING: [Board 49-26] cannot add Board Part xilinx.com:kd240_som:part0:1.0 available at /opt/Xilinx/2025.2/data/xhub/boards/XilinxBoardStore/boards/Xilinx/kd240_som/1.0/board.xml as part xck24-ubva530-2lv-c specified in board_part file is either invalid or not available
WARNING: [Board 49-26] cannot add Board Part xilinx.com:kd240_som:part0:1.1 available at /opt/Xilinx/2025.2/data/xhub/boards/XilinxBoardStore/boards/Xilinx/kd240_som/1.1/board.xml as part xck24-ubva530-2lv-c specified in board_part file is either invalid or not available
WARNING: [Board 49-26] cannot add Board Part xilinx.com:kr260_som:part0:1.0 available at /opt/Xilinx/2025.2/data/xhub/boards/XilinxBoardStore/boards/Xilinx/kr260_som/1.0/board.xml as part xck26-sfvc784-2lv-c specified in board_part file is either invalid or not available
WARNING: [Board 49-26] cannot add Board Part xilinx.com:kr260_som:part0:1.1 available at /opt/Xilinx/2025.2/data/xhub/boards/XilinxBoardStore/boards/Xilinx/kr260_som/1.1/board.xml as part xck26-sfvc784-2lv-c specified in board_part file is either invalid or not available
WARNING: [Board 49-26] cannot add Board Part xilinx.com:kv260_som:part0:1.2 available at /opt/Xilinx/2025.2/data/xhub/boards/XilinxBoardStore/boards/Xilinx/kv260_som/1.2/board.xml as part xck26-sfvc784-2lv-c specified in board_part file is either invalid or not available
WARNING: [Board 49-26] cannot add Board Part xilinx.com:kv260_som:part0:1.3 available at /opt/Xilinx/2025.2/data/xhub/boards/XilinxBoardStore/boards/Xilinx/kv260_som/1.3/board.xml as part xck26-sfvc784-2lv-c specified in board_part file is either invalid or not available
WARNING: [Board 49-26] cannot add Board Part xilinx.com:kv260_som:part0:1.4 available at /opt/Xilinx/2025.2/data/xhub/boards/XilinxBoardStore/boards/Xilinx/kv260_som/1.4/board.xml as part xck26-sfvc784-2lv-c specified in board_part file is either invalid or not available
WARNING: [Board 49-26] cannot add Board Part xilinx.com:scu35:part0:1.0 available at /opt/Xilinx/2025.2/data/xhub/boards/XilinxBoardStore/boards/Xilinx/scu35/1.0/board.xml as part xcsu35p-sbvb625-2-e specified in board_part file is either invalid or not available
WARNING: [Board 49-26] cannot add Board Part xilinx.com:sp701:part0:1.0 available at /opt/Xilinx/2025.2/data/xhub/boards/XilinxBoardStore/boards/Xilinx/sp701/1.0/board.xml as part xc7s100fgga676-2 specified in board_part file is either invalid or not available
WARNING: [Board 49-26] cannot add Board Part xilinx.com:sp701:part0:1.1 available at /opt/Xilinx/2025.2/data/xhub/boards/XilinxBoardStore/boards/Xilinx/sp701/1.1/board.xml as part xc7s100fgga676-2 specified in board_part file is either invalid or not available
WARNING: [Board 49-26] cannot add Board Part xilinx.com:v80:part0:1.0 available at /opt/Xilinx/2025.2/data/xhub/boards/XilinxBoardStore/boards/Xilinx/v80/1.0/board.xml as part xcv80-lsva4737-2mhp-e-s specified in board_part file is either invalid or not available
WARNING: [Board 49-26] cannot add Board Part xilinx.com:vc707:part0:1.4 available at /opt/Xilinx/2025.2/data/xhub/boards/XilinxBoardStore/boards/Xilinx/vc707/1.4/board.xml as part xc7vx485tffg1761-2 specified in board_part file is either invalid or not available
WARNING: [Board 49-26] cannot add Board Part xilinx.com:vc707:part0:1.5 available at /opt/Xilinx/2025.2/data/xhub/boards/XilinxBoardStore/boards/Xilinx/vc707/1.5/board.xml as part xc7vx485tffg1761-2 specified in board_part file is either invalid or not available
WARNING: [Board 49-26] cannot add Board Part xilinx.com:vc709:part0:1.8 available at /opt/Xilinx/2025.2/data/xhub/boards/XilinxBoardStore/boards/Xilinx/vc709/1.8/board.xml as part xc7vx690tffg1761-2 specified in board_part file is either invalid or not available
WARNING: [Board 49-26] cannot add Board Part xilinx.com:vck190:part0:2.2 available at /opt/Xilinx/2025.2/data/xhub/boards/XilinxBoardStore/boards/Xilinx/vck190/production/2.2/board.xml as part xcvc1902-vsva2197-2mp-e-s specified in board_part file is either invalid or not available
WARNING: [Board 49-26] cannot add Board Part xilinx.com:vck190:part0:3.0 available at /opt/Xilinx/2025.2/data/xhub/boards/XilinxBoardStore/boards/Xilinx/vck190/production/3.0/board.xml as part xcvc1902-vsva2197-2mp-e-s specified in board_part file is either invalid or not available
WARNING: [Board 49-26] cannot add Board Part xilinx.com:vck190:part0:3.1 available at /opt/Xilinx/2025.2/data/xhub/boards/XilinxBoardStore/boards/Xilinx/vck190/production/3.1/board.xml as part xcvc1902-vsva2197-2mp-e-s specified in board_part file is either invalid or not available
WARNING: [Board 49-26] cannot add Board Part xilinx.com:vck190:part0:3.2 available at /opt/Xilinx/2025.2/data/xhub/boards/XilinxBoardStore/boards/Xilinx/vck190/production/3.2/board.xml as part xcvc1902-vsva2197-2mp-e-s specified in board_part file is either invalid or not available
WARNING: [Board 49-26] cannot add Board Part xilinx.com:vck190:part0:3.3 available at /opt/Xilinx/2025.2/data/xhub/boards/XilinxBoardStore/boards/Xilinx/vck190/production/3.3/board.xml as part xcvc1902-vsva2197-2mp-e-s specified in board_part file is either invalid or not available
WARNING: [Board 49-26] cannot add Board Part xilinx.com:vck190:part0:3.4 available at /opt/Xilinx/2025.2/data/xhub/boards/XilinxBoardStore/boards/Xilinx/vck190/production/3.4/board.xml as part xcvc1902-vsva2197-2mp-e-s specified in board_part file is either invalid or not available
WARNING: [Board 49-26] cannot add Board Part xilinx.com:vck190_newl:part0:1.0 available at /opt/Xilinx/2025.2/data/xhub/boards/XilinxBoardStore/boards/Xilinx/vck190_newl/production/1.0/board.xml as part xcvc1902-vsva2197-2mp-e-s specified in board_part file is either invalid or not available
WARNING: [Board 49-26] cannot add Board Part xilinx.com:vck190_newl:part0:1.1 available at /opt/Xilinx/2025.2/data/xhub/boards/XilinxBoardStore/boards/Xilinx/vck190_newl/production/1.1/board.xml as part xcvc1902-vsva2197-2mp-e-s specified in board_part file is either invalid or not available
WARNING: [Board 49-26] cannot add Board Part xilinx.com:vck190_newl:part0:1.2 available at /opt/Xilinx/2025.2/data/xhub/boards/XilinxBoardStore/boards/Xilinx/vck190_newl/production/1.2/board.xml as part xcvc1902-vsva2197-2mp-e-s specified in board_part file is either invalid or not available
WARNING: [Board 49-26] cannot add Board Part xilinx.com:vck190_newl:part0:1.3 available at /opt/Xilinx/2025.2/data/xhub/boards/XilinxBoardStore/boards/Xilinx/vck190_newl/production/1.3/board.xml as part xcvc1902-vsva2197-2mp-e-s specified in board_part file is either invalid or not available
WARNING: [Board 49-26] cannot add Board Part xilinx.com:vcu108:part0:1.6 available at /opt/Xilinx/2025.2/data/xhub/boards/XilinxBoardStore/boards/Xilinx/vcu108/1.6/board.xml as part xcvu095-ffva2104-2-e specified in board_part file is either invalid or not available
WARNING: [Board 49-26] cannot add Board Part xilinx.com:vcu108:part0:1.7 available at /opt/Xilinx/2025.2/data/xhub/boards/XilinxBoardStore/boards/Xilinx/vcu108/1.7/board.xml as part xcvu095-ffva2104-2-e specified in board_part file is either invalid or not available
WARNING: [Board 49-26] cannot add Board Part xilinx.com:vcu110:part0:1.4 available at /opt/Xilinx/2025.2/data/xhub/boards/XilinxBoardStore/boards/Xilinx/vcu110/1.4/board.xml as part xcvu190-flgc2104-2-e specified in board_part file is either invalid or not available
WARNING: [Board 49-26] cannot add Board Part xilinx.com:vcu118:part0:2.0 available at /opt/Xilinx/2025.2/data/xhub/boards/XilinxBoardStore/boards/Xilinx/vcu118/2.0/board.xml as part xcvu9p-flga2104-2l-e specified in board_part file is either invalid or not available
WARNING: [Board 49-26] cannot add Board Part xilinx.com:vcu118:part0:2.3 available at /opt/Xilinx/2025.2/data/xhub/boards/XilinxBoardStore/boards/Xilinx/vcu118/2.3/board.xml as part xcvu9p-flga2104-2l-e specified in board_part file is either invalid or not available
WARNING: [Board 49-26] cannot add Board Part xilinx.com:vcu118:part0:2.4 available at /opt/Xilinx/2025.2/data/xhub/boards/XilinxBoardStore/boards/Xilinx/vcu118/2.4/board.xml as part xcvu9p-flga2104-2l-e specified in board_part file is either invalid or not available
WARNING: [Board 49-26] cannot add Board Part xilinx.com:vcu128:part0:1.0 available at /opt/Xilinx/2025.2/data/xhub/boards/XilinxBoardStore/boards/Xilinx/vcu128/production/1.0/board.xml as part xcvu37p-fsvh2892-2l-e specified in board_part file is either invalid or not available
WARNING: [Board 49-26] cannot add Board Part xilinx.com:vcu129:part0:1.0 available at /opt/Xilinx/2025.2/data/xhub/boards/XilinxBoardStore/boards/Xilinx/vcu129/production/1.0/board.xml as part xcvu29p-fsga2577-2l-e specified in board_part file is either invalid or not available
WARNING: [Board 49-26] cannot add Board Part xilinx.com:vcu1525:part0:1.3 available at /opt/Xilinx/2025.2/data/xhub/boards/XilinxBoardStore/boards/Xilinx/vcu1525/1.3/board.xml as part xcvu9p-fsgd2104-2l-e specified in board_part file is either invalid or not available
WARNING: [Board 49-26] cannot add Board Part xilinx.com:vek280:part0:1.0 available at /opt/Xilinx/2025.2/data/xhub/boards/XilinxBoardStore/boards/Xilinx/vek280/production/1.0/board.xml as part xcve2802-vsvh1760-2mp-e-s specified in board_part file is either invalid or not available
WARNING: [Board 49-26] cannot add Board Part xilinx.com:vek280:part0:1.1 available at /opt/Xilinx/2025.2/data/xhub/boards/XilinxBoardStore/boards/Xilinx/vek280/production/1.1/board.xml as part xcve2802-vsvh1760-2mp-e-s specified in board_part file is either invalid or not available
WARNING: [Board 49-26] cannot add Board Part xilinx.com:vek280:part0:1.2 available at /opt/Xilinx/2025.2/data/xhub/boards/XilinxBoardStore/boards/Xilinx/vek280/production/1.2/board.xml as part xcve2802-vsvh1760-2mp-e-s specified in board_part file is either invalid or not available
WARNING: [Board 49-26] cannot add Board Part xilinx.com:vek385:part0:1.0 available at /opt/Xilinx/2025.2/data/xhub/boards/XilinxBoardStore/boards/Xilinx/vek385/1.0/board.xml as part xc2ve3858-ssva2112-2mp-e-s specified in board_part file is either invalid or not available
WARNING: [Board 49-26] cannot add Board Part xilinx.com:vek385:part0:1.1 available at /opt/Xilinx/2025.2/data/xhub/boards/XilinxBoardStore/boards/Xilinx/vek385/1.1/board.xml as part xc2ve3858-ssva2112-2mp-e-s specified in board_part file is either invalid or not available
WARNING: [Board 49-26] cannot add Board Part xilinx.com:vek385_1:part0:1.0 available at /opt/Xilinx/2025.2/data/xhub/boards/XilinxBoardStore/boards/Xilinx/vek385_2/1.0/board.xml as part xc2ve3858-ssva2112-2mp-e-s specified in board_part file is either invalid or not available
WARNING: [Board 49-26] cannot add Board Part xilinx.com:vermeo_t1_mpsoc:part0:1.0 available at /opt/Xilinx/2025.2/data/xhub/boards/XilinxBoardStore/boards/Xilinx/vermeo_t1_mpsoc/1.0/board.xml as part xczu19eg-ffvd1760-2l-e specified in board_part file is either invalid or not available
WARNING: [Board 49-26] cannot add Board Part xilinx.com:vermeo_t1_rfsoc:part0:1.0 available at /opt/Xilinx/2025.2/data/xhub/boards/XilinxBoardStore/boards/Xilinx/vermeo_t1_rfsoc/1.0/board.xml as part xczu21dr-ffvd1156-2l-e specified in board_part file is either invalid or not available
WARNING: [Board 49-26] cannot add Board Part xilinx.com:vhk158:part0:1.0 available at /opt/Xilinx/2025.2/data/xhub/boards/XilinxBoardStore/boards/Xilinx/vhk158/production/1.0/board.xml as part xcvh1582-vsva3697-2mp-e-s specified in board_part file is either invalid or not available
WARNING: [Board 49-26] cannot add Board Part xilinx.com:vhk158:part0:1.1 available at /opt/Xilinx/2025.2/data/xhub/boards/XilinxBoardStore/boards/Xilinx/vhk158/production/1.1/board.xml as part xcvh1582-vsva3697-2mp-e-s specified in board_part file is either invalid or not available
WARNING: [Board 49-26] cannot add Board Part xilinx.com:vhk158:part0:1.2 available at /opt/Xilinx/2025.2/data/xhub/boards/XilinxBoardStore/boards/Xilinx/vhk158/production/1.2/board.xml as part xcvh1582-vsva3697-2mp-e-s specified in board_part file is either invalid or not available
WARNING: [Board 49-26] cannot add Board Part xilinx.com:vmk180:part0:2.2 available at /opt/Xilinx/2025.2/data/xhub/boards/XilinxBoardStore/boards/Xilinx/vmk180/production/2.2/board.xml as part xcvm1802-vsva2197-2mp-e-s specified in board_part file is either invalid or not available
WARNING: [Board 49-26] cannot add Board Part xilinx.com:vmk180:part0:3.0 available at /opt/Xilinx/2025.2/data/xhub/boards/XilinxBoardStore/boards/Xilinx/vmk180/production/3.0/board.xml as part xcvm1802-vsva2197-2mp-e-s specified in board_part file is either invalid or not available
WARNING: [Board 49-26] cannot add Board Part xilinx.com:vmk180:part0:3.1 available at /opt/Xilinx/2025.2/data/xhub/boards/XilinxBoardStore/boards/Xilinx/vmk180/production/3.1/board.xml as part xcvm1802-vsva2197-2mp-e-s specified in board_part file is either invalid or not available
WARNING: [Board 49-26] cannot add Board Part xilinx.com:vmk180:part0:3.2 available at /opt/Xilinx/2025.2/data/xhub/boards/XilinxBoardStore/boards/Xilinx/vmk180/production/3.2/board.xml as part xcvm1802-vsva2197-2mp-e-s specified in board_part file is either invalid or not available
WARNING: [Board 49-26] cannot add Board Part xilinx.com:vmk180:part0:3.3 available at /opt/Xilinx/2025.2/data/xhub/boards/XilinxBoardStore/boards/Xilinx/vmk180/production/3.3/board.xml as part xcvm1802-vsva2197-2mp-e-s specified in board_part file is either invalid or not available
WARNING: [Board 49-26] cannot add Board Part xilinx.com:vmk180_newl:part0:1.0 available at /opt/Xilinx/2025.2/data/xhub/boards/XilinxBoardStore/boards/Xilinx/vmk180_newl/production/1.0/board.xml as part xcvm1802-vsva2197-2mp-e-s specified in board_part file is either invalid or not available
WARNING: [Board 49-26] cannot add Board Part xilinx.com:vmk180_newl:part0:1.1 available at /opt/Xilinx/2025.2/data/xhub/boards/XilinxBoardStore/boards/Xilinx/vmk180_newl/production/1.1/board.xml as part xcvm1802-vsva2197-2mp-e-s specified in board_part file is either invalid or not available
WARNING: [Board 49-26] cannot add Board Part xilinx.com:vpk120:part0:1.0 available at /opt/Xilinx/2025.2/data/xhub/boards/XilinxBoardStore/boards/Xilinx/vpk120/production/1.0/board.xml as part xcvp1202-vsva2785-2mp-e-s specified in board_part file is either invalid or not available
WARNING: [Board 49-26] cannot add Board Part xilinx.com:vpk120:part0:1.1 available at /opt/Xilinx/2025.2/data/xhub/boards/XilinxBoardStore/boards/Xilinx/vpk120/production/1.1/board.xml as part xcvp1202-vsva2785-2mp-e-s specified in board_part file is either invalid or not available
WARNING: [Board 49-26] cannot add Board Part xilinx.com:vpk120:part0:1.2 available at /opt/Xilinx/2025.2/data/xhub/boards/XilinxBoardStore/boards/Xilinx/vpk120/production/1.2/board.xml as part xcvp1202-vsva2785-2mp-e-s specified in board_part file is either invalid or not available
WARNING: [Board 49-26] cannot add Board Part xilinx.com:vpk180:part0:1.0 available at /opt/Xilinx/2025.2/data/xhub/boards/XilinxBoardStore/boards/Xilinx/vpk180/production/1.0/board.xml as part xcvp1802-lsvc4072-2mp-e-s specified in board_part file is either invalid or not available
WARNING: [Board 49-26] cannot add Board Part xilinx.com:vpk180:part0:1.1 available at /opt/Xilinx/2025.2/data/xhub/boards/XilinxBoardStore/boards/Xilinx/vpk180/production/1.1/board.xml as part xcvp1802-lsvc4072-2mp-e-s specified in board_part file is either invalid or not available
WARNING: [Board 49-26] cannot add Board Part xilinx.com:vpk180:part0:1.2 available at /opt/Xilinx/2025.2/data/xhub/boards/XilinxBoardStore/boards/Xilinx/vpk180/production/1.2/board.xml as part xcvp1802-lsvc4072-2mp-e-s specified in board_part file is either invalid or not available
WARNING: [Board 49-26] cannot add Board Part xilinx.com:vrk160:part0:1.0 available at /opt/Xilinx/2025.2/data/xhub/boards/XilinxBoardStore/boards/Xilinx/vrk160/1.0/board.xml as part xcvr1602-vsva2488-2mp-e-s-es1 specified in board_part file is either invalid or not available
WARNING: [Board 49-26] cannot add Board Part xilinx.com:vrk160:part0:1.1 available at /opt/Xilinx/2025.2/data/xhub/boards/XilinxBoardStore/boards/Xilinx/vrk160/1.1/board.xml as part xcvr1602-vsva2488-2mp-e-s-es1 specified in board_part file is either invalid or not available
WARNING: [Board 49-26] cannot add Board Part xilinx.com:zc702:part0:1.4 available at /opt/Xilinx/2025.2/data/xhub/boards/XilinxBoardStore/boards/Xilinx/zc702/1.4/board.xml as part xc7z020clg484-1 specified in board_part file is either invalid or not available
WARNING: [Board 49-26] cannot add Board Part xilinx.com:zc706:part0:1.4 available at /opt/Xilinx/2025.2/data/xhub/boards/XilinxBoardStore/boards/Xilinx/zc706/1.4/board.xml as part xc7z045ffg900-2 specified in board_part file is either invalid or not available
WARNING: [Board 49-26] cannot add Board Part xilinx.com:zc706:part0:1.5 available at /opt/Xilinx/2025.2/data/xhub/boards/XilinxBoardStore/boards/Xilinx/zc706/1.5/board.xml as part xc7z045ffg900-2 specified in board_part file is either invalid or not available
WARNING: [Board 49-26] cannot add Board Part xilinx.com:zcu102:part0:3.3 available at /opt/Xilinx/2025.2/data/xhub/boards/XilinxBoardStore/boards/Xilinx/zcu102/3.3/board.xml as part xczu9eg-ffvb1156-2-e specified in board_part file is either invalid or not available
WARNING: [Board 49-26] cannot add Board Part xilinx.com:zcu102:part0:3.4 available at /opt/Xilinx/2025.2/data/xhub/boards/XilinxBoardStore/boards/Xilinx/zcu102/3.4/board.xml as part xczu9eg-ffvb1156-2-e specified in board_part file is either invalid or not available
WARNING: [Board 49-26] cannot add Board Part xilinx.com:zcu104:part0:1.1 available at /opt/Xilinx/2025.2/data/xhub/boards/XilinxBoardStore/boards/Xilinx/zcu104/1.1/board.xml as part xczu7ev-ffvc1156-2-e specified in board_part file is either invalid or not available
WARNING: [Board 49-26] cannot add Board Part xilinx.com:zcu106:part0:2.4 available at /opt/Xilinx/2025.2/data/xhub/boards/XilinxBoardStore/boards/Xilinx/zcu106/2.4/board.xml as part xczu7ev-ffvc1156-2-e specified in board_part file is either invalid or not available
WARNING: [Board 49-26] cannot add Board Part xilinx.com:zcu106:part0:2.5 available at /opt/Xilinx/2025.2/data/xhub/boards/XilinxBoardStore/boards/Xilinx/zcu106/2.5/board.xml as part xczu7ev-ffvc1156-2-e specified in board_part file is either invalid or not available
WARNING: [Board 49-26] cannot add Board Part xilinx.com:zcu106:part0:2.6 available at /opt/Xilinx/2025.2/data/xhub/boards/XilinxBoardStore/boards/Xilinx/zcu106/2.6/board.xml as part xczu7ev-ffvc1156-2-e specified in board_part file is either invalid or not available
WARNING: [Board 49-26] cannot add Board Part xilinx.com:zcu111:part0:1.2 available at /opt/Xilinx/2025.2/data/xhub/boards/XilinxBoardStore/boards/Xilinx/zcu111/1.2/board.xml as part xczu28dr-ffvg1517-2-e specified in board_part file is either invalid or not available
WARNING: [Board 49-26] cannot add Board Part xilinx.com:zcu111:part0:1.3 available at /opt/Xilinx/2025.2/data/xhub/boards/XilinxBoardStore/boards/Xilinx/zcu111/1.3/board.xml as part xczu28dr-ffvg1517-2-e specified in board_part file is either invalid or not available
WARNING: [Board 49-26] cannot add Board Part xilinx.com:zcu111:part0:1.4 available at /opt/Xilinx/2025.2/data/xhub/boards/XilinxBoardStore/boards/Xilinx/zcu111/1.4/board.xml as part xczu28dr-ffvg1517-2-e specified in board_part file is either invalid or not available
WARNING: [Board 49-26] cannot add Board Part xilinx.com:zcu1275:part0:1.0 available at /opt/Xilinx/2025.2/data/xhub/boards/XilinxBoardStore/boards/Xilinx/zcu1275/1.0/board.xml as part xczu29dr-ffvf1760-2-e specified in board_part file is either invalid or not available
WARNING: [Board 49-26] cannot add Board Part xilinx.com:zcu1285:part0:1.0 available at /opt/Xilinx/2025.2/data/xhub/boards/XilinxBoardStore/boards/Xilinx/zcu1285/1.0/board.xml as part xczu39dr-ffvf1760-2-i specified in board_part file is either invalid or not available
WARNING: [Board 49-26] cannot add Board Part xilinx.com:zcu208:part0:2.0 available at /opt/Xilinx/2025.2/data/xhub/boards/XilinxBoardStore/boards/Xilinx/zcu208/production/2.0/board.xml as part xczu48dr-fsvg1517-2-e specified in board_part file is either invalid or not available
WARNING: [Board 49-26] cannot add Board Part xilinx.com:zcu208ld:part0:2.0 available at /opt/Xilinx/2025.2/data/xhub/boards/XilinxBoardStore/boards/Xilinx/zcu208ld/production/2.0/board.xml as part xczu58dr-fsvg1517-2-i specified in board_part file is either invalid or not available
WARNING: [Board 49-26] cannot add Board Part xilinx.com:zcu216:part0:2.0 available at /opt/Xilinx/2025.2/data/xhub/boards/XilinxBoardStore/boards/Xilinx/zcu216/production/2.0/board.xml as part xczu49dr-ffvf1760-2-e specified in board_part file is either invalid or not available
WARNING: [Board 49-26] cannot add Board Part xilinx.com:zcu216ld:part0:2.0 available at /opt/Xilinx/2025.2/data/xhub/boards/XilinxBoardStore/boards/Xilinx/zcu216ld/production/2.0/board.xml as part xczu59dr-ffvf1760-2-i specified in board_part file is either invalid or not available
WARNING: [Board 49-26] cannot add Board Part xilinx.com:zcu670:part0:2.0 available at /opt/Xilinx/2025.2/data/xhub/boards/XilinxBoardStore/boards/Xilinx/zcu670/2.0/board.xml as part xczu67dr-fsve1156-2-i specified in board_part file is either invalid or not available
WARNING: [Board 49-26] cannot add Board Part xilinx.com:zcu670ld:part0:1.0 available at /opt/Xilinx/2025.2/data/xhub/boards/XilinxBoardStore/boards/Xilinx/zcu670ld/1.0/board.xml as part xczu57dr-fsve1156-2-i specified in board_part file is either invalid or not available
WARNING: [Project 1-5713] Board part '' set for the project  is not found. BoardPart property will be unset. Please select board from latest repo build 
INFO: [IP_Flow 19-234] Refreshing IP repositories
INFO: [IP_Flow 19-1704] No user IP repositories specified
INFO: [IP_Flow 19-2313] Loaded Vivado IP repository '/opt/Xilinx/2025.2/data/ip'.
update_compile_order -fileset sources_1
file mkdir /home/dfec/ece485/ece485_final_cadet_stage4/ece485_final_cadet_stage4.srcs/sources_1/new
close [ open /home/dfec/ece485/ece485_final_cadet_stage4/ece485_final_cadet_stage4.srcs/sources_1/new/forwarding_unit_default.vhd w ]
add_files /home/dfec/ece485/ece485_final_cadet_stage4/ece485_final_cadet_stage4.srcs/sources_1/new/forwarding_unit_default.vhd
update_compile_order -fileset sources_1
export_ip_user_files -of_objects  [get_files /home/dfec/ece485/ece485_final_cadet_stage4/ece485_final_cadet_stage4.srcs/sources_1/new/forwarding_unit_default.vhd] -no_script -reset -force -quiet
remove_files  /home/dfec/ece485/ece485_final_cadet_stage4/ece485_final_cadet_stage4.srcs/sources_1/new/forwarding_unit_default.vhd
close_project
open_project /home/dfec/ece485/ece485_final_cadet_stage4/ece485_final_cadet_stage4.xpr
INFO: [filemgmt 56-3] Default IP Output Path : Could not find the directory '/home/dfec/ece485/ece485_final_cadet_stage4/ece485_final_cadet_stage4.gen/sources_1'.
WARNING: [filemgmt 56-3] IPUserFilesDir: Could not find the directory '/home/dfec/ece485/ece485_final_cadet_stage4/ece485_final_cadet_stage4.ip_user_files'.
Scanning sources...
Finished scanning sources
WARNING: [Board 49-26] cannot add Board Part xilinx.com:emb-plus-vpr-4616:part0:1.0 available at /opt/Xilinx/2025.2/data/xhub/boards/XilinxBoardStore/boards/Xilinx/emb-plus-vpr-4616/1.0/board.xml as part xcve2302-sfva784-2mp-e-s specified in board_part file is either invalid or not available
WARNING: [Board 49-26] cannot add Board Part xilinx.com:emb-plus-vpr-4616:part0:1.1 available at /opt/Xilinx/2025.2/data/xhub/boards/XilinxBoardStore/boards/Xilinx/emb-plus-vpr-4616/1.1/board.xml as part xcve2302-sfva784-2mp-e-s specified in board_part file is either invalid or not available
WARNING: [Board 49-26] cannot add Board Part xilinx.com:k24c:part0:1.0 available at /opt/Xilinx/2025.2/data/xhub/boards/XilinxBoardStore/boards/Xilinx/k24c/1.0/board.xml as part xck24-ubva530-2lv-c specified in board_part file is either invalid or not available
WARNING: [Board 49-26] cannot add Board Part xilinx.com:k24c:part0:1.1 available at /opt/Xilinx/2025.2/data/xhub/boards/XilinxBoardStore/boards/Xilinx/k24c/1.1/board.xml as part xck24-ubva530-2lv-c specified in board_part file is either invalid or not available
WARNING: [Board 49-26] cannot add Board Part xilinx.com:k24i:part0:1.0 available at /opt/Xilinx/2025.2/data/xhub/boards/XilinxBoardStore/boards/Xilinx/k24i/1.0/board.xml as part xck24-ubva530-2lvi-i specified in board_part file is either invalid or not available
WARNING: [Board 49-26] cannot add Board Part xilinx.com:k26c:part0:1.2 available at /opt/Xilinx/2025.2/data/xhub/boards/XilinxBoardStore/boards/Xilinx/k26c/1.2/board.xml as part xck26-sfvc784-2lv-c specified in board_part file is either invalid or not available
WARNING: [Board 49-26] cannot add Board Part xilinx.com:k26c:part0:1.3 available at /opt/Xilinx/2025.2/data/xhub/boards/XilinxBoardStore/boards/Xilinx/k26c/1.3/board.xml as part xck26-sfvc784-2lv-c specified in board_part file is either invalid or not available
WARNING: [Board 49-26] cannot add Board Part xilinx.com:k26c:part0:1.4 available at /opt/Xilinx/2025.2/data/xhub/boards/XilinxBoardStore/boards/Xilinx/k26c/1.4/board.xml as part xck26-sfvc784-2lv-c specified in board_part file is either invalid or not available
WARNING: [Board 49-26] cannot add Board Part xilinx.com:k26i:part0:1.2 available at /opt/Xilinx/2025.2/data/xhub/boards/XilinxBoardStore/boards/Xilinx/k26i/1.2/board.xml as part xck26-sfvc784-2lvi-i specified in board_part file is either invalid or not available
WARNING: [Board 49-26] cannot add Board Part xilinx.com:k26i:part0:1.3 available at /opt/Xilinx/2025.2/data/xhub/boards/XilinxBoardStore/boards/Xilinx/k26i/1.3/board.xml as part xck26-sfvc784-2lvi-i specified in board_part file is either invalid or not available
WARNING: [Board 49-26] cannot add Board Part xilinx.com:k26i:part0:1.4 available at /opt/Xilinx/2025.2/data/xhub/boards/XilinxBoardStore/boards/Xilinx/k26i/1.4/board.xml as part xck26-sfvc784-2lvi-i specified in board_part file is either invalid or not available
WARNING: [Board 49-26] cannot add Board Part xilinx.com:kc705:part0:1.6 available at /opt/Xilinx/2025.2/data/xhub/boards/XilinxBoardStore/boards/Xilinx/kc705/1.6/board.xml as part xc7k325tffg900-2 specified in board_part file is either invalid or not available
WARNING: [Board 49-26] cannot add Board Part xilinx.com:kc705:part0:1.7 available at /opt/Xilinx/2025.2/data/xhub/boards/XilinxBoardStore/boards/Xilinx/kc705/1.7/board.xml as part xc7k325tffg900-2 specified in board_part file is either invalid or not available
WARNING: [Board 49-26] cannot add Board Part xilinx.com:kcu105:part0:1.6 available at /opt/Xilinx/2025.2/data/xhub/boards/XilinxBoardStore/boards/Xilinx/kcu105/1.6/board.xml as part xcku040-ffva1156-2-e specified in board_part file is either invalid or not available
WARNING: [Board 49-26] cannot add Board Part xilinx.com:kcu105:part0:1.7 available at /opt/Xilinx/2025.2/data/xhub/boards/XilinxBoardStore/boards/Xilinx/kcu105/1.7/board.xml as part xcku040-ffva1156-2-e specified in board_part file is either invalid or not available
WARNING: [Board 49-26] cannot add Board Part xilinx.com:kcu116:part0:1.4 available at /opt/Xilinx/2025.2/data/xhub/boards/XilinxBoardStore/boards/Xilinx/kcu116/1.4/board.xml as part xcku5p-ffvb676-2-e specified in board_part file is either invalid or not available
WARNING: [Board 49-26] cannot add Board Part xilinx.com:kcu116:part0:1.5 available at /opt/Xilinx/2025.2/data/xhub/boards/XilinxBoardStore/boards/Xilinx/kcu116/1.5/board.xml as part xcku5p-ffvb676-2-e specified in board_part file is either invalid or not available
WARNING: [Board 49-26] cannot add Board Part xilinx.com:kcu1500:part0:1.2 available at /opt/Xilinx/2025.2/data/xhub/boards/XilinxBoardStore/boards/Xilinx/kcu1500/1.2/board.xml as part xcku115-flvb2104-2-e specified in board_part file is either invalid or not available
WARNING: [Board 49-26] cannot add Board Part xilinx.com:kd240_som:part0:1.0 available at /opt/Xilinx/2025.2/data/xhub/boards/XilinxBoardStore/boards/Xilinx/kd240_som/1.0/board.xml as part xck24-ubva530-2lv-c specified in board_part file is either invalid or not available
WARNING: [Board 49-26] cannot add Board Part xilinx.com:kd240_som:part0:1.1 available at /opt/Xilinx/2025.2/data/xhub/boards/XilinxBoardStore/boards/Xilinx/kd240_som/1.1/board.xml as part xck24-ubva530-2lv-c specified in board_part file is either invalid or not available
WARNING: [Board 49-26] cannot add Board Part xilinx.com:kr260_som:part0:1.0 available at /opt/Xilinx/2025.2/data/xhub/boards/XilinxBoardStore/boards/Xilinx/kr260_som/1.0/board.xml as part xck26-sfvc784-2lv-c specified in board_part file is either invalid or not available
WARNING: [Board 49-26] cannot add Board Part xilinx.com:kr260_som:part0:1.1 available at /opt/Xilinx/2025.2/data/xhub/boards/XilinxBoardStore/boards/Xilinx/kr260_som/1.1/board.xml as part xck26-sfvc784-2lv-c specified in board_part file is either invalid or not available
WARNING: [Board 49-26] cannot add Board Part xilinx.com:kv260_som:part0:1.2 available at /opt/Xilinx/2025.2/data/xhub/boards/XilinxBoardStore/boards/Xilinx/kv260_som/1.2/board.xml as part xck26-sfvc784-2lv-c specified in board_part file is either invalid or not available
WARNING: [Board 49-26] cannot add Board Part xilinx.com:kv260_som:part0:1.3 available at /opt/Xilinx/2025.2/data/xhub/boards/XilinxBoardStore/boards/Xilinx/kv260_som/1.3/board.xml as part xck26-sfvc784-2lv-c specified in board_part file is either invalid or not available
WARNING: [Board 49-26] cannot add Board Part xilinx.com:kv260_som:part0:1.4 available at /opt/Xilinx/2025.2/data/xhub/boards/XilinxBoardStore/boards/Xilinx/kv260_som/1.4/board.xml as part xck26-sfvc784-2lv-c specified in board_part file is either invalid or not available
WARNING: [Board 49-26] cannot add Board Part xilinx.com:scu35:part0:1.0 available at /opt/Xilinx/2025.2/data/xhub/boards/XilinxBoardStore/boards/Xilinx/scu35/1.0/board.xml as part xcsu35p-sbvb625-2-e specified in board_part file is either invalid or not available
WARNING: [Board 49-26] cannot add Board Part xilinx.com:sp701:part0:1.0 available at /opt/Xilinx/2025.2/data/xhub/boards/XilinxBoardStore/boards/Xilinx/sp701/1.0/board.xml as part xc7s100fgga676-2 specified in board_part file is either invalid or not available
WARNING: [Board 49-26] cannot add Board Part xilinx.com:sp701:part0:1.1 available at /opt/Xilinx/2025.2/data/xhub/boards/XilinxBoardStore/boards/Xilinx/sp701/1.1/board.xml as part xc7s100fgga676-2 specified in board_part file is either invalid or not available
WARNING: [Board 49-26] cannot add Board Part xilinx.com:v80:part0:1.0 available at /opt/Xilinx/2025.2/data/xhub/boards/XilinxBoardStore/boards/Xilinx/v80/1.0/board.xml as part xcv80-lsva4737-2mhp-e-s specified in board_part file is either invalid or not available
WARNING: [Board 49-26] cannot add Board Part xilinx.com:vc707:part0:1.4 available at /opt/Xilinx/2025.2/data/xhub/boards/XilinxBoardStore/boards/Xilinx/vc707/1.4/board.xml as part xc7vx485tffg1761-2 specified in board_part file is either invalid or not available
WARNING: [Board 49-26] cannot add Board Part xilinx.com:vc707:part0:1.5 available at /opt/Xilinx/2025.2/data/xhub/boards/XilinxBoardStore/boards/Xilinx/vc707/1.5/board.xml as part xc7vx485tffg1761-2 specified in board_part file is either invalid or not available
WARNING: [Board 49-26] cannot add Board Part xilinx.com:vc709:part0:1.8 available at /opt/Xilinx/2025.2/data/xhub/boards/XilinxBoardStore/boards/Xilinx/vc709/1.8/board.xml as part xc7vx690tffg1761-2 specified in board_part file is either invalid or not available
WARNING: [Board 49-26] cannot add Board Part xilinx.com:vck190:part0:2.2 available at /opt/Xilinx/2025.2/data/xhub/boards/XilinxBoardStore/boards/Xilinx/vck190/production/2.2/board.xml as part xcvc1902-vsva2197-2mp-e-s specified in board_part file is either invalid or not available
WARNING: [Board 49-26] cannot add Board Part xilinx.com:vck190:part0:3.0 available at /opt/Xilinx/2025.2/data/xhub/boards/XilinxBoardStore/boards/Xilinx/vck190/production/3.0/board.xml as part xcvc1902-vsva2197-2mp-e-s specified in board_part file is either invalid or not available
WARNING: [Board 49-26] cannot add Board Part xilinx.com:vck190:part0:3.1 available at /opt/Xilinx/2025.2/data/xhub/boards/XilinxBoardStore/boards/Xilinx/vck190/production/3.1/board.xml as part xcvc1902-vsva2197-2mp-e-s specified in board_part file is either invalid or not available
WARNING: [Board 49-26] cannot add Board Part xilinx.com:vck190:part0:3.2 available at /opt/Xilinx/2025.2/data/xhub/boards/XilinxBoardStore/boards/Xilinx/vck190/production/3.2/board.xml as part xcvc1902-vsva2197-2mp-e-s specified in board_part file is either invalid or not available
WARNING: [Board 49-26] cannot add Board Part xilinx.com:vck190:part0:3.3 available at /opt/Xilinx/2025.2/data/xhub/boards/XilinxBoardStore/boards/Xilinx/vck190/production/3.3/board.xml as part xcvc1902-vsva2197-2mp-e-s specified in board_part file is either invalid or not available
WARNING: [Board 49-26] cannot add Board Part xilinx.com:vck190:part0:3.4 available at /opt/Xilinx/2025.2/data/xhub/boards/XilinxBoardStore/boards/Xilinx/vck190/production/3.4/board.xml as part xcvc1902-vsva2197-2mp-e-s specified in board_part file is either invalid or not available
WARNING: [Board 49-26] cannot add Board Part xilinx.com:vck190_newl:part0:1.0 available at /opt/Xilinx/2025.2/data/xhub/boards/XilinxBoardStore/boards/Xilinx/vck190_newl/production/1.0/board.xml as part xcvc1902-vsva2197-2mp-e-s specified in board_part file is either invalid or not available
WARNING: [Board 49-26] cannot add Board Part xilinx.com:vck190_newl:part0:1.1 available at /opt/Xilinx/2025.2/data/xhub/boards/XilinxBoardStore/boards/Xilinx/vck190_newl/production/1.1/board.xml as part xcvc1902-vsva2197-2mp-e-s specified in board_part file is either invalid or not available
WARNING: [Board 49-26] cannot add Board Part xilinx.com:vck190_newl:part0:1.2 available at /opt/Xilinx/2025.2/data/xhub/boards/XilinxBoardStore/boards/Xilinx/vck190_newl/production/1.2/board.xml as part xcvc1902-vsva2197-2mp-e-s specified in board_part file is either invalid or not available
WARNING: [Board 49-26] cannot add Board Part xilinx.com:vck190_newl:part0:1.3 available at /opt/Xilinx/2025.2/data/xhub/boards/XilinxBoardStore/boards/Xilinx/vck190_newl/production/1.3/board.xml as part xcvc1902-vsva2197-2mp-e-s specified in board_part file is either invalid or not available
WARNING: [Board 49-26] cannot add Board Part xilinx.com:vcu108:part0:1.6 available at /opt/Xilinx/2025.2/data/xhub/boards/XilinxBoardStore/boards/Xilinx/vcu108/1.6/board.xml as part xcvu095-ffva2104-2-e specified in board_part file is either invalid or not available
WARNING: [Board 49-26] cannot add Board Part xilinx.com:vcu108:part0:1.7 available at /opt/Xilinx/2025.2/data/xhub/boards/XilinxBoardStore/boards/Xilinx/vcu108/1.7/board.xml as part xcvu095-ffva2104-2-e specified in board_part file is either invalid or not available
WARNING: [Board 49-26] cannot add Board Part xilinx.com:vcu110:part0:1.4 available at /opt/Xilinx/2025.2/data/xhub/boards/XilinxBoardStore/boards/Xilinx/vcu110/1.4/board.xml as part xcvu190-flgc2104-2-e specified in board_part file is either invalid or not available
WARNING: [Board 49-26] cannot add Board Part xilinx.com:vcu118:part0:2.0 available at /opt/Xilinx/2025.2/data/xhub/boards/XilinxBoardStore/boards/Xilinx/vcu118/2.0/board.xml as part xcvu9p-flga2104-2l-e specified in board_part file is either invalid or not available
WARNING: [Board 49-26] cannot add Board Part xilinx.com:vcu118:part0:2.3 available at /opt/Xilinx/2025.2/data/xhub/boards/XilinxBoardStore/boards/Xilinx/vcu118/2.3/board.xml as part xcvu9p-flga2104-2l-e specified in board_part file is either invalid or not available
WARNING: [Board 49-26] cannot add Board Part xilinx.com:vcu118:part0:2.4 available at /opt/Xilinx/2025.2/data/xhub/boards/XilinxBoardStore/boards/Xilinx/vcu118/2.4/board.xml as part xcvu9p-flga2104-2l-e specified in board_part file is either invalid or not available
WARNING: [Board 49-26] cannot add Board Part xilinx.com:vcu128:part0:1.0 available at /opt/Xilinx/2025.2/data/xhub/boards/XilinxBoardStore/boards/Xilinx/vcu128/production/1.0/board.xml as part xcvu37p-fsvh2892-2l-e specified in board_part file is either invalid or not available
WARNING: [Board 49-26] cannot add Board Part xilinx.com:vcu129:part0:1.0 available at /opt/Xilinx/2025.2/data/xhub/boards/XilinxBoardStore/boards/Xilinx/vcu129/production/1.0/board.xml as part xcvu29p-fsga2577-2l-e specified in board_part file is either invalid or not available
WARNING: [Board 49-26] cannot add Board Part xilinx.com:vcu1525:part0:1.3 available at /opt/Xilinx/2025.2/data/xhub/boards/XilinxBoardStore/boards/Xilinx/vcu1525/1.3/board.xml as part xcvu9p-fsgd2104-2l-e specified in board_part file is either invalid or not available
WARNING: [Board 49-26] cannot add Board Part xilinx.com:vek280:part0:1.0 available at /opt/Xilinx/2025.2/data/xhub/boards/XilinxBoardStore/boards/Xilinx/vek280/production/1.0/board.xml as part xcve2802-vsvh1760-2mp-e-s specified in board_part file is either invalid or not available
WARNING: [Board 49-26] cannot add Board Part xilinx.com:vek280:part0:1.1 available at /opt/Xilinx/2025.2/data/xhub/boards/XilinxBoardStore/boards/Xilinx/vek280/production/1.1/board.xml as part xcve2802-vsvh1760-2mp-e-s specified in board_part file is either invalid or not available
WARNING: [Board 49-26] cannot add Board Part xilinx.com:vek280:part0:1.2 available at /opt/Xilinx/2025.2/data/xhub/boards/XilinxBoardStore/boards/Xilinx/vek280/production/1.2/board.xml as part xcve2802-vsvh1760-2mp-e-s specified in board_part file is either invalid or not available
WARNING: [Board 49-26] cannot add Board Part xilinx.com:vek385:part0:1.0 available at /opt/Xilinx/2025.2/data/xhub/boards/XilinxBoardStore/boards/Xilinx/vek385/1.0/board.xml as part xc2ve3858-ssva2112-2mp-e-s specified in board_part file is either invalid or not available
WARNING: [Board 49-26] cannot add Board Part xilinx.com:vek385:part0:1.1 available at /opt/Xilinx/2025.2/data/xhub/boards/XilinxBoardStore/boards/Xilinx/vek385/1.1/board.xml as part xc2ve3858-ssva2112-2mp-e-s specified in board_part file is either invalid or not available
WARNING: [Board 49-26] cannot add Board Part xilinx.com:vek385_1:part0:1.0 available at /opt/Xilinx/2025.2/data/xhub/boards/XilinxBoardStore/boards/Xilinx/vek385_2/1.0/board.xml as part xc2ve3858-ssva2112-2mp-e-s specified in board_part file is either invalid or not available
WARNING: [Board 49-26] cannot add Board Part xilinx.com:vermeo_t1_mpsoc:part0:1.0 available at /opt/Xilinx/2025.2/data/xhub/boards/XilinxBoardStore/boards/Xilinx/vermeo_t1_mpsoc/1.0/board.xml as part xczu19eg-ffvd1760-2l-e specified in board_part file is either invalid or not available
WARNING: [Board 49-26] cannot add Board Part xilinx.com:vermeo_t1_rfsoc:part0:1.0 available at /opt/Xilinx/2025.2/data/xhub/boards/XilinxBoardStore/boards/Xilinx/vermeo_t1_rfsoc/1.0/board.xml as part xczu21dr-ffvd1156-2l-e specified in board_part file is either invalid or not available
WARNING: [Board 49-26] cannot add Board Part xilinx.com:vhk158:part0:1.0 available at /opt/Xilinx/2025.2/data/xhub/boards/XilinxBoardStore/boards/Xilinx/vhk158/production/1.0/board.xml as part xcvh1582-vsva3697-2mp-e-s specified in board_part file is either invalid or not available
WARNING: [Board 49-26] cannot add Board Part xilinx.com:vhk158:part0:1.1 available at /opt/Xilinx/2025.2/data/xhub/boards/XilinxBoardStore/boards/Xilinx/vhk158/production/1.1/board.xml as part xcvh1582-vsva3697-2mp-e-s specified in board_part file is either invalid or not available
WARNING: [Board 49-26] cannot add Board Part xilinx.com:vhk158:part0:1.2 available at /opt/Xilinx/2025.2/data/xhub/boards/XilinxBoardStore/boards/Xilinx/vhk158/production/1.2/board.xml as part xcvh1582-vsva3697-2mp-e-s specified in board_part file is either invalid or not available
WARNING: [Board 49-26] cannot add Board Part xilinx.com:vmk180:part0:2.2 available at /opt/Xilinx/2025.2/data/xhub/boards/XilinxBoardStore/boards/Xilinx/vmk180/production/2.2/board.xml as part xcvm1802-vsva2197-2mp-e-s specified in board_part file is either invalid or not available
WARNING: [Board 49-26] cannot add Board Part xilinx.com:vmk180:part0:3.0 available at /opt/Xilinx/2025.2/data/xhub/boards/XilinxBoardStore/boards/Xilinx/vmk180/production/3.0/board.xml as part xcvm1802-vsva2197-2mp-e-s specified in board_part file is either invalid or not available
WARNING: [Board 49-26] cannot add Board Part xilinx.com:vmk180:part0:3.1 available at /opt/Xilinx/2025.2/data/xhub/boards/XilinxBoardStore/boards/Xilinx/vmk180/production/3.1/board.xml as part xcvm1802-vsva2197-2mp-e-s specified in board_part file is either invalid or not available
WARNING: [Board 49-26] cannot add Board Part xilinx.com:vmk180:part0:3.2 available at /opt/Xilinx/2025.2/data/xhub/boards/XilinxBoardStore/boards/Xilinx/vmk180/production/3.2/board.xml as part xcvm1802-vsva2197-2mp-e-s specified in board_part file is either invalid or not available
WARNING: [Board 49-26] cannot add Board Part xilinx.com:vmk180:part0:3.3 available at /opt/Xilinx/2025.2/data/xhub/boards/XilinxBoardStore/boards/Xilinx/vmk180/production/3.3/board.xml as part xcvm1802-vsva2197-2mp-e-s specified in board_part file is either invalid or not available
WARNING: [Board 49-26] cannot add Board Part xilinx.com:vmk180_newl:part0:1.0 available at /opt/Xilinx/2025.2/data/xhub/boards/XilinxBoardStore/boards/Xilinx/vmk180_newl/production/1.0/board.xml as part xcvm1802-vsva2197-2mp-e-s specified in board_part file is either invalid or not available
WARNING: [Board 49-26] cannot add Board Part xilinx.com:vmk180_newl:part0:1.1 available at /opt/Xilinx/2025.2/data/xhub/boards/XilinxBoardStore/boards/Xilinx/vmk180_newl/production/1.1/board.xml as part xcvm1802-vsva2197-2mp-e-s specified in board_part file is either invalid or not available
WARNING: [Board 49-26] cannot add Board Part xilinx.com:vpk120:part0:1.0 available at /opt/Xilinx/2025.2/data/xhub/boards/XilinxBoardStore/boards/Xilinx/vpk120/production/1.0/board.xml as part xcvp1202-vsva2785-2mp-e-s specified in board_part file is either invalid or not available
WARNING: [Board 49-26] cannot add Board Part xilinx.com:vpk120:part0:1.1 available at /opt/Xilinx/2025.2/data/xhub/boards/XilinxBoardStore/boards/Xilinx/vpk120/production/1.1/board.xml as part xcvp1202-vsva2785-2mp-e-s specified in board_part file is either invalid or not available
WARNING: [Board 49-26] cannot add Board Part xilinx.com:vpk120:part0:1.2 available at /opt/Xilinx/2025.2/data/xhub/boards/XilinxBoardStore/boards/Xilinx/vpk120/production/1.2/board.xml as part xcvp1202-vsva2785-2mp-e-s specified in board_part file is either invalid or not available
WARNING: [Board 49-26] cannot add Board Part xilinx.com:vpk180:part0:1.0 available at /opt/Xilinx/2025.2/data/xhub/boards/XilinxBoardStore/boards/Xilinx/vpk180/production/1.0/board.xml as part xcvp1802-lsvc4072-2mp-e-s specified in board_part file is either invalid or not available
WARNING: [Board 49-26] cannot add Board Part xilinx.com:vpk180:part0:1.1 available at /opt/Xilinx/2025.2/data/xhub/boards/XilinxBoardStore/boards/Xilinx/vpk180/production/1.1/board.xml as part xcvp1802-lsvc4072-2mp-e-s specified in board_part file is either invalid or not available
WARNING: [Board 49-26] cannot add Board Part xilinx.com:vpk180:part0:1.2 available at /opt/Xilinx/2025.2/data/xhub/boards/XilinxBoardStore/boards/Xilinx/vpk180/production/1.2/board.xml as part xcvp1802-lsvc4072-2mp-e-s specified in board_part file is either invalid or not available
WARNING: [Board 49-26] cannot add Board Part xilinx.com:vrk160:part0:1.0 available at /opt/Xilinx/2025.2/data/xhub/boards/XilinxBoardStore/boards/Xilinx/vrk160/1.0/board.xml as part xcvr1602-vsva2488-2mp-e-s-es1 specified in board_part file is either invalid or not available
WARNING: [Board 49-26] cannot add Board Part xilinx.com:vrk160:part0:1.1 available at /opt/Xilinx/2025.2/data/xhub/boards/XilinxBoardStore/boards/Xilinx/vrk160/1.1/board.xml as part xcvr1602-vsva2488-2mp-e-s-es1 specified in board_part file is either invalid or not available
WARNING: [Board 49-26] cannot add Board Part xilinx.com:zc702:part0:1.4 available at /opt/Xilinx/2025.2/data/xhub/boards/XilinxBoardStore/boards/Xilinx/zc702/1.4/board.xml as part xc7z020clg484-1 specified in board_part file is either invalid or not available
WARNING: [Board 49-26] cannot add Board Part xilinx.com:zc706:part0:1.4 available at /opt/Xilinx/2025.2/data/xhub/boards/XilinxBoardStore/boards/Xilinx/zc706/1.4/board.xml as part xc7z045ffg900-2 specified in board_part file is either invalid or not available
WARNING: [Board 49-26] cannot add Board Part xilinx.com:zc706:part0:1.5 available at /opt/Xilinx/2025.2/data/xhub/boards/XilinxBoardStore/boards/Xilinx/zc706/1.5/board.xml as part xc7z045ffg900-2 specified in board_part file is either invalid or not available
WARNING: [Board 49-26] cannot add Board Part xilinx.com:zcu102:part0:3.3 available at /opt/Xilinx/2025.2/data/xhub/boards/XilinxBoardStore/boards/Xilinx/zcu102/3.3/board.xml as part xczu9eg-ffvb1156-2-e specified in board_part file is either invalid or not available
WARNING: [Board 49-26] cannot add Board Part xilinx.com:zcu102:part0:3.4 available at /opt/Xilinx/2025.2/data/xhub/boards/XilinxBoardStore/boards/Xilinx/zcu102/3.4/board.xml as part xczu9eg-ffvb1156-2-e specified in board_part file is either invalid or not available
WARNING: [Board 49-26] cannot add Board Part xilinx.com:zcu104:part0:1.1 available at /opt/Xilinx/2025.2/data/xhub/boards/XilinxBoardStore/boards/Xilinx/zcu104/1.1/board.xml as part xczu7ev-ffvc1156-2-e specified in board_part file is either invalid or not available
WARNING: [Board 49-26] cannot add Board Part xilinx.com:zcu106:part0:2.4 available at /opt/Xilinx/2025.2/data/xhub/boards/XilinxBoardStore/boards/Xilinx/zcu106/2.4/board.xml as part xczu7ev-ffvc1156-2-e specified in board_part file is either invalid or not available
WARNING: [Board 49-26] cannot add Board Part xilinx.com:zcu106:part0:2.5 available at /opt/Xilinx/2025.2/data/xhub/boards/XilinxBoardStore/boards/Xilinx/zcu106/2.5/board.xml as part xczu7ev-ffvc1156-2-e specified in board_part file is either invalid or not available
WARNING: [Board 49-26] cannot add Board Part xilinx.com:zcu106:part0:2.6 available at /opt/Xilinx/2025.2/data/xhub/boards/XilinxBoardStore/boards/Xilinx/zcu106/2.6/board.xml as part xczu7ev-ffvc1156-2-e specified in board_part file is either invalid or not available
WARNING: [Board 49-26] cannot add Board Part xilinx.com:zcu111:part0:1.2 available at /opt/Xilinx/2025.2/data/xhub/boards/XilinxBoardStore/boards/Xilinx/zcu111/1.2/board.xml as part xczu28dr-ffvg1517-2-e specified in board_part file is either invalid or not available
WARNING: [Board 49-26] cannot add Board Part xilinx.com:zcu111:part0:1.3 available at /opt/Xilinx/2025.2/data/xhub/boards/XilinxBoardStore/boards/Xilinx/zcu111/1.3/board.xml as part xczu28dr-ffvg1517-2-e specified in board_part file is either invalid or not available
WARNING: [Board 49-26] cannot add Board Part xilinx.com:zcu111:part0:1.4 available at /opt/Xilinx/2025.2/data/xhub/boards/XilinxBoardStore/boards/Xilinx/zcu111/1.4/board.xml as part xczu28dr-ffvg1517-2-e specified in board_part file is either invalid or not available
WARNING: [Board 49-26] cannot add Board Part xilinx.com:zcu1275:part0:1.0 available at /opt/Xilinx/2025.2/data/xhub/boards/XilinxBoardStore/boards/Xilinx/zcu1275/1.0/board.xml as part xczu29dr-ffvf1760-2-e specified in board_part file is either invalid or not available
WARNING: [Board 49-26] cannot add Board Part xilinx.com:zcu1285:part0:1.0 available at /opt/Xilinx/2025.2/data/xhub/boards/XilinxBoardStore/boards/Xilinx/zcu1285/1.0/board.xml as part xczu39dr-ffvf1760-2-i specified in board_part file is either invalid or not available
WARNING: [Board 49-26] cannot add Board Part xilinx.com:zcu208:part0:2.0 available at /opt/Xilinx/2025.2/data/xhub/boards/XilinxBoardStore/boards/Xilinx/zcu208/production/2.0/board.xml as part xczu48dr-fsvg1517-2-e specified in board_part file is either invalid or not available
WARNING: [Board 49-26] cannot add Board Part xilinx.com:zcu208ld:part0:2.0 available at /opt/Xilinx/2025.2/data/xhub/boards/XilinxBoardStore/boards/Xilinx/zcu208ld/production/2.0/board.xml as part xczu58dr-fsvg1517-2-i specified in board_part file is either invalid or not available
WARNING: [Board 49-26] cannot add Board Part xilinx.com:zcu216:part0:2.0 available at /opt/Xilinx/2025.2/data/xhub/boards/XilinxBoardStore/boards/Xilinx/zcu216/production/2.0/board.xml as part xczu49dr-ffvf1760-2-e specified in board_part file is either invalid or not available
WARNING: [Board 49-26] cannot add Board Part xilinx.com:zcu216ld:part0:2.0 available at /opt/Xilinx/2025.2/data/xhub/boards/XilinxBoardStore/boards/Xilinx/zcu216ld/production/2.0/board.xml as part xczu59dr-ffvf1760-2-i specified in board_part file is either invalid or not available
WARNING: [Board 49-26] cannot add Board Part xilinx.com:zcu670:part0:2.0 available at /opt/Xilinx/2025.2/data/xhub/boards/XilinxBoardStore/boards/Xilinx/zcu670/2.0/board.xml as part xczu67dr-fsve1156-2-i specified in board_part file is either invalid or not available
WARNING: [Board 49-26] cannot add Board Part xilinx.com:zcu670ld:part0:1.0 available at /opt/Xilinx/2025.2/data/xhub/boards/XilinxBoardStore/boards/Xilinx/zcu670ld/1.0/board.xml as part xczu57dr-fsve1156-2-i specified in board_part file is either invalid or not available
WARNING: [Project 1-5713] Board part '' set for the project  is not found. BoardPart property will be unset. Please select board from latest repo build 
INFO: [IP_Flow 19-234] Refreshing IP repositories
INFO: [IP_Flow 19-1704] No user IP repositories specified
INFO: [IP_Flow 19-2313] Loaded Vivado IP repository '/opt/Xilinx/2025.2/data/ip'.
update_compile_order -fileset sources_1
WARNING: [filemgmt 56-199] Attempt to get parsing info during refresh. "On-the-fly" syntax checking information may be incorrect. [/home/dfec/ece485/ece485_final_cadet_stage4/forwarding_unit.vhdl:]
WARNING: [filemgmt 56-199] Attempt to get parsing info during refresh. "On-the-fly" syntax checking information may be incorrect. [/home/dfec/ece485/ece485_final_cadet_stage4/hazard_detection_unit.vhdl:]
WARNING: [filemgmt 56-199] Attempt to get parsing info during refresh. "On-the-fly" syntax checking information may be incorrect. [/home/dfec/ece485/ece485_final_cadet_stage4/pipeline_registers.vhdl:]
WARNING: [filemgmt 56-199] Attempt to get parsing info during refresh. "On-the-fly" syntax checking information may be incorrect. [/home/dfec/ece485/ece485_final_cadet_stage4/riscv_pipeline.vhdl:]
WARNING: [filemgmt 56-199] Attempt to get parsing info during refresh. "On-the-fly" syntax checking information may be incorrect. [/home/dfec/ece485/ece485_final_cadet_stage4/forwarding_unit.vhdl:]
WARNING: [filemgmt 56-199] Attempt to get parsing info during refresh. "On-the-fly" syntax checking information may be incorrect. [/home/dfec/ece485/ece485_final_cadet_stage4/forwarding_unit.vhdl:]
WARNING: [filemgmt 56-199] Attempt to get parsing info during refresh. "On-the-fly" syntax checking information may be incorrect. [/home/dfec/ece485/ece485_final_cadet_stage4/forwarding_unit.vhdl:]
WARNING: [filemgmt 56-199] Attempt to get parsing info during refresh. "On-the-fly" syntax checking information may be incorrect. [/home/dfec/ece485/ece485_final_cadet_stage4/hazard_detection_unit.vhdl:]
WARNING: [filemgmt 56-199] Attempt to get parsing info during refresh. "On-the-fly" syntax checking information may be incorrect. [/home/dfec/ece485/ece485_final_cadet_stage4/pipeline_registers.vhdl:]
WARNING: [filemgmt 56-199] Attempt to get parsing info during refresh. "On-the-fly" syntax checking information may be incorrect. [/home/dfec/ece485/ece485_final_cadet_stage4/riscv_pipeline.vhdl:]
WARNING: [filemgmt 56-199] Attempt to get parsing info during refresh. "On-the-fly" syntax checking information may be incorrect. [/home/dfec/ece485/ece485_final_cadet_stage4/pipeline_registers.vhdl:]
WARNING: [filemgmt 56-199] Attempt to get parsing info during refresh. "On-the-fly" syntax checking information may be incorrect. [/home/dfec/ece485/ece485_final_cadet_stage4/pipeline_registers.vhdl:]
WARNING: [filemgmt 56-199] Attempt to get parsing info during refresh. "On-the-fly" syntax checking information may be incorrect. [/home/dfec/ece485/ece485_final_cadet_stage4/forwarding_unit.vhdl:]
WARNING: [filemgmt 56-199] Attempt to get parsing info during refresh. "On-the-fly" syntax checking information may be incorrect. [/home/dfec/ece485/ece485_final_cadet_stage4/hazard_detection_unit.vhdl:]
WARNING: [filemgmt 56-199] Attempt to get parsing info during refresh. "On-the-fly" syntax checking information may be incorrect. [/home/dfec/ece485/ece485_final_cadet_stage4/pipeline_registers.vhdl:]
WARNING: [filemgmt 56-199] Attempt to get parsing info during refresh. "On-the-fly" syntax checking information may be incorrect. [/home/dfec/ece485/ece485_final_cadet_stage4/riscv_pipeline.vhdl:]
WARNING: [filemgmt 56-199] Attempt to get parsing info during refresh. "On-the-fly" syntax checking information may be incorrect. [/home/dfec/ece485/ece485_final_cadet_stage4/riscv_pipeline.vhdl:]
WARNING: [filemgmt 56-199] Attempt to get parsing info during refresh. "On-the-fly" syntax checking information may be incorrect. [/home/dfec/ece485/ece485_final_cadet_stage4/riscv_pipeline.vhdl:]
update_compile_order -fileset sources_1
WARNING: [filemgmt 56-199] Attempt to get parsing info during refresh. "On-the-fly" syntax checking information may be incorrect. [/home/dfec/ece485/ece485_final_cadet_stage4/forwarding_unit.vhdl:]
WARNING: [filemgmt 56-199] Attempt to get parsing info during refresh. "On-the-fly" syntax checking information may be incorrect. [/home/dfec/ece485/ece485_final_cadet_stage4/hazard_detection_unit.vhdl:]
WARNING: [filemgmt 56-199] Attempt to get parsing info during refresh. "On-the-fly" syntax checking information may be incorrect. [/home/dfec/ece485/ece485_final_cadet_stage4/pipeline_registers.vhdl:]
WARNING: [filemgmt 56-199] Attempt to get parsing info during refresh. "On-the-fly" syntax checking information may be incorrect. [/home/dfec/ece485/ece485_final_cadet_stage4/riscv_pipeline.vhdl:]
WARNING: [filemgmt 56-199] Attempt to get parsing info during refresh. "On-the-fly" syntax checking information may be incorrect. [/home/dfec/ece485/ece485_final_cadet_stage4/forwarding_unit.vhdl:]
WARNING: [filemgmt 56-199] Attempt to get parsing info during refresh. "On-the-fly" syntax checking information may be incorrect. [/home/dfec/ece485/ece485_final_cadet_stage4/forwarding_unit.vhdl:]
WARNING: [filemgmt 56-199] Attempt to get parsing info during refresh. "On-the-fly" syntax checking information may be incorrect. [/home/dfec/ece485/ece485_final_cadet_stage4/forwarding_unit.vhdl:]
WARNING: [filemgmt 56-199] Attempt to get parsing info during refresh. "On-the-fly" syntax checking information may be incorrect. [/home/dfec/ece485/ece485_final_cadet_stage4/hazard_detection_unit.vhdl:]
WARNING: [filemgmt 56-199] Attempt to get parsing info during refresh. "On-the-fly" syntax checking information may be incorrect. [/home/dfec/ece485/ece485_final_cadet_stage4/pipeline_registers.vhdl:]
WARNING: [filemgmt 56-199] Attempt to get parsing info during refresh. "On-the-fly" syntax checking information may be incorrect. [/home/dfec/ece485/ece485_final_cadet_stage4/riscv_pipeline.vhdl:]
WARNING: [filemgmt 56-199] Attempt to get parsing info during refresh. "On-the-fly" syntax checking information may be incorrect. [/home/dfec/ece485/ece485_final_cadet_stage4/pipeline_registers.vhdl:]
WARNING: [filemgmt 56-199] Attempt to get parsing info during refresh. "On-the-fly" syntax checking information may be incorrect. [/home/dfec/ece485/ece485_final_cadet_stage4/pipeline_registers.vhdl:]
WARNING: [filemgmt 56-199] Attempt to get parsing info during refresh. "On-the-fly" syntax checking information may be incorrect. [/home/dfec/ece485/ece485_final_cadet_stage4/forwarding_unit.vhdl:]
WARNING: [filemgmt 56-199] Attempt to get parsing info during refresh. "On-the-fly" syntax checking information may be incorrect. [/home/dfec/ece485/ece485_final_cadet_stage4/hazard_detection_unit.vhdl:]
WARNING: [filemgmt 56-199] Attempt to get parsing info during refresh. "On-the-fly" syntax checking information may be incorrect. [/home/dfec/ece485/ece485_final_cadet_stage4/pipeline_registers.vhdl:]
WARNING: [filemgmt 56-199] Attempt to get parsing info during refresh. "On-the-fly" syntax checking information may be incorrect. [/home/dfec/ece485/ece485_final_cadet_stage4/riscv_pipeline.vhdl:]
WARNING: [filemgmt 56-199] Attempt to get parsing info during refresh. "On-the-fly" syntax checking information may be incorrect. [/home/dfec/ece485/ece485_final_cadet_stage4/hazard_detection_unit.vhdl:]
WARNING: [filemgmt 56-199] Attempt to get parsing info during refresh. "On-the-fly" syntax checking information may be incorrect. [/home/dfec/ece485/ece485_final_cadet_stage4/hazard_detection_unit.vhdl:]
WARNING: [filemgmt 56-199] Attempt to get parsing info during refresh. "On-the-fly" syntax checking information may be incorrect. [/home/dfec/ece485/ece485_final_cadet_stage4/forwarding_unit.vhdl:]
WARNING: [filemgmt 56-199] Attempt to get parsing info during refresh. "On-the-fly" syntax checking information may be incorrect. [/home/dfec/ece485/ece485_final_cadet_stage4/hazard_detection_unit.vhdl:]
WARNING: [filemgmt 56-199] Attempt to get parsing info during refresh. "On-the-fly" syntax checking information may be incorrect. [/home/dfec/ece485/ece485_final_cadet_stage4/pipeline_registers.vhdl:]
WARNING: [filemgmt 56-199] Attempt to get parsing info during refresh. "On-the-fly" syntax checking information may be incorrect. [/home/dfec/ece485/ece485_final_cadet_stage4/riscv_pipeline.vhdl:]
WARNING: [filemgmt 56-199] Attempt to get parsing info during refresh. "On-the-fly" syntax checking information may be incorrect. [/home/dfec/ece485/ece485_final_cadet_stage4/forwarding_unit.vhdl:]
WARNING: [filemgmt 56-199] Attempt to get parsing info during refresh. "On-the-fly" syntax checking information may be incorrect. [/home/dfec/ece485/ece485_final_cadet_stage4/forwarding_unit.vhdl:]
WARNING: [filemgmt 56-199] Attempt to get parsing info during refresh. "On-the-fly" syntax checking information may be incorrect. [/home/dfec/ece485/ece485_final_cadet_stage4/forwarding_unit.vhdl:]
WARNING: [filemgmt 56-199] Attempt to get parsing info during refresh. "On-the-fly" syntax checking information may be incorrect. [/home/dfec/ece485/ece485_final_cadet_stage4/hazard_detection_unit.vhdl:]
WARNING: [filemgmt 56-199] Attempt to get parsing info during refresh. "On-the-fly" syntax checking information may be incorrect. [/home/dfec/ece485/ece485_final_cadet_stage4/pipeline_registers.vhdl:]
WARNING: [filemgmt 56-199] Attempt to get parsing info during refresh. "On-the-fly" syntax checking information may be incorrect. [/home/dfec/ece485/ece485_final_cadet_stage4/riscv_pipeline.vhdl:]
WARNING: [filemgmt 56-199] Attempt to get parsing info during refresh. "On-the-fly" syntax checking information may be incorrect. [/home/dfec/ece485/ece485_final_cadet_stage4/pipeline_registers.vhdl:]
WARNING: [filemgmt 56-199] Attempt to get parsing info during refresh. "On-the-fly" syntax checking information may be incorrect. [/home/dfec/ece485/ece485_final_cadet_stage4/pipeline_registers.vhdl:]
WARNING: [filemgmt 56-199] Attempt to get parsing info during refresh. "On-the-fly" syntax checking information may be incorrect. [/home/dfec/ece485/ece485_final_cadet_stage4/forwarding_unit.vhdl:]
WARNING: [filemgmt 56-199] Attempt to get parsing info during refresh. "On-the-fly" syntax checking information may be incorrect. [/home/dfec/ece485/ece485_final_cadet_stage4/hazard_detection_unit.vhdl:]
WARNING: [filemgmt 56-199] Attempt to get parsing info during refresh. "On-the-fly" syntax checking information may be incorrect. [/home/dfec/ece485/ece485_final_cadet_stage4/pipeline_registers.vhdl:]
WARNING: [filemgmt 56-199] Attempt to get parsing info during refresh. "On-the-fly" syntax checking information may be incorrect. [/home/dfec/ece485/ece485_final_cadet_stage4/riscv_pipeline.vhdl:]
WARNING: [filemgmt 56-199] Attempt to get parsing info during refresh. "On-the-fly" syntax checking information may be incorrect. [/home/dfec/ece485/ece485_final_cadet_stage4/hazard_detection_unit.vhdl:]
WARNING: [filemgmt 56-199] Attempt to get parsing info during refresh. "On-the-fly" syntax checking information may be incorrect. [/home/dfec/ece485/ece485_final_cadet_stage4/hazard_detection_unit.vhdl:]
update_compile_order -fileset sources_1
WARNING: [filemgmt 56-199] Attempt to get parsing info during refresh. "On-the-fly" syntax checking information may be incorrect. [/home/dfec/ece485/ece485_final_cadet_stage4/forwarding_unit.vhdl:]
WARNING: [filemgmt 56-199] Attempt to get parsing info during refresh. "On-the-fly" syntax checking information may be incorrect. [/home/dfec/ece485/ece485_final_cadet_stage4/hazard_detection_unit.vhdl:]
WARNING: [filemgmt 56-199] Attempt to get parsing info during refresh. "On-the-fly" syntax checking information may be incorrect. [/home/dfec/ece485/ece485_final_cadet_stage4/pipeline_registers.vhdl:]
WARNING: [filemgmt 56-199] Attempt to get parsing info during refresh. "On-the-fly" syntax checking information may be incorrect. [/home/dfec/ece485/ece485_final_cadet_stage4/riscv_pipeline.vhdl:]
WARNING: [filemgmt 56-199] Attempt to get parsing info during refresh. "On-the-fly" syntax checking information may be incorrect. [/home/dfec/ece485/ece485_final_cadet_stage4/forwarding_unit.vhdl:]
WARNING: [filemgmt 56-199] Attempt to get parsing info during refresh. "On-the-fly" syntax checking information may be incorrect. [/home/dfec/ece485/ece485_final_cadet_stage4/forwarding_unit.vhdl:]
WARNING: [filemgmt 56-199] Attempt to get parsing info during refresh. "On-the-fly" syntax checking information may be incorrect. [/home/dfec/ece485/ece485_final_cadet_stage4/forwarding_unit.vhdl:]
WARNING: [filemgmt 56-199] Attempt to get parsing info during refresh. "On-the-fly" syntax checking information may be incorrect. [/home/dfec/ece485/ece485_final_cadet_stage4/hazard_detection_unit.vhdl:]
WARNING: [filemgmt 56-199] Attempt to get parsing info during refresh. "On-the-fly" syntax checking information may be incorrect. [/home/dfec/ece485/ece485_final_cadet_stage4/pipeline_registers.vhdl:]
WARNING: [filemgmt 56-199] Attempt to get parsing info during refresh. "On-the-fly" syntax checking information may be incorrect. [/home/dfec/ece485/ece485_final_cadet_stage4/riscv_pipeline.vhdl:]
WARNING: [filemgmt 56-199] Attempt to get parsing info during refresh. "On-the-fly" syntax checking information may be incorrect. [/home/dfec/ece485/ece485_final_cadet_stage4/hazard_detection_unit.vhdl:]
WARNING: [filemgmt 56-199] Attempt to get parsing info during refresh. "On-the-fly" syntax checking information may be incorrect. [/home/dfec/ece485/ece485_final_cadet_stage4/hazard_detection_unit.vhdl:]
WARNING: [filemgmt 56-199] Attempt to get parsing info during refresh. "On-the-fly" syntax checking information may be incorrect. [/home/dfec/ece485/ece485_final_cadet_stage4/forwarding_unit.vhdl:]
WARNING: [filemgmt 56-199] Attempt to get parsing info during refresh. "On-the-fly" syntax checking information may be incorrect. [/home/dfec/ece485/ece485_final_cadet_stage4/hazard_detection_unit.vhdl:]
WARNING: [filemgmt 56-199] Attempt to get parsing info during refresh. "On-the-fly" syntax checking information may be incorrect. [/home/dfec/ece485/ece485_final_cadet_stage4/pipeline_registers.vhdl:]
WARNING: [filemgmt 56-199] Attempt to get parsing info during refresh. "On-the-fly" syntax checking information may be incorrect. [/home/dfec/ece485/ece485_final_cadet_stage4/riscv_pipeline.vhdl:]
WARNING: [filemgmt 56-199] Attempt to get parsing info during refresh. "On-the-fly" syntax checking information may be incorrect. [/home/dfec/ece485/ece485_final_cadet_stage4/riscv_pipeline.vhdl:]
WARNING: [filemgmt 56-199] Attempt to get parsing info during refresh. "On-the-fly" syntax checking information may be incorrect. [/home/dfec/ece485/ece485_final_cadet_stage4/riscv_pipeline.vhdl:]
WARNING: [filemgmt 56-199] Attempt to get parsing info during refresh. "On-the-fly" syntax checking information may be incorrect. [/home/dfec/ece485/ece485_final_cadet_stage4/forwarding_unit.vhdl:]
WARNING: [filemgmt 56-199] Attempt to get parsing info during refresh. "On-the-fly" syntax checking information may be incorrect. [/home/dfec/ece485/ece485_final_cadet_stage4/hazard_detection_unit.vhdl:]
WARNING: [filemgmt 56-199] Attempt to get parsing info during refresh. "On-the-fly" syntax checking information may be incorrect. [/home/dfec/ece485/ece485_final_cadet_stage4/pipeline_registers.vhdl:]
WARNING: [filemgmt 56-199] Attempt to get parsing info during refresh. "On-the-fly" syntax checking information may be incorrect. [/home/dfec/ece485/ece485_final_cadet_stage4/riscv_pipeline.vhdl:]
WARNING: [filemgmt 56-199] Attempt to get parsing info during refresh. "On-the-fly" syntax checking information may be incorrect. [/home/dfec/ece485/ece485_final_cadet_stage4/pipeline_registers.vhdl:]
WARNING: [filemgmt 56-199] Attempt to get parsing info during refresh. "On-the-fly" syntax checking information may be incorrect. [/home/dfec/ece485/ece485_final_cadet_stage4/pipeline_registers.vhdl:]
WARNING: [filemgmt 56-199] Attempt to get parsing info during refresh. "On-the-fly" syntax checking information may be incorrect. [/home/dfec/ece485/ece485_final_cadet_stage4/forwarding_unit.vhdl:]
WARNING: [filemgmt 56-199] Attempt to get parsing info during refresh. "On-the-fly" syntax checking information may be incorrect. [/home/dfec/ece485/ece485_final_cadet_stage4/hazard_detection_unit.vhdl:]
WARNING: [filemgmt 56-199] Attempt to get parsing info during refresh. "On-the-fly" syntax checking information may be incorrect. [/home/dfec/ece485/ece485_final_cadet_stage4/pipeline_registers.vhdl:]
WARNING: [filemgmt 56-199] Attempt to get parsing info during refresh. "On-the-fly" syntax checking information may be incorrect. [/home/dfec/ece485/ece485_final_cadet_stage4/riscv_pipeline.vhdl:]
WARNING: [filemgmt 56-199] Attempt to get parsing info during refresh. "On-the-fly" syntax checking information may be incorrect. [/home/dfec/ece485/ece485_final_cadet_stage4/hazard_detection_unit.vhdl:]
WARNING: [filemgmt 56-199] Attempt to get parsing info during refresh. "On-the-fly" syntax checking information may be incorrect. [/home/dfec/ece485/ece485_final_cadet_stage4/hazard_detection_unit.vhdl:]
WARNING: [filemgmt 56-199] Attempt to get parsing info during refresh. "On-the-fly" syntax checking information may be incorrect. [/home/dfec/ece485/ece485_final_cadet_stage4/forwarding_unit.vhdl:]
WARNING: [filemgmt 56-199] Attempt to get parsing info during refresh. "On-the-fly" syntax checking information may be incorrect. [/home/dfec/ece485/ece485_final_cadet_stage4/hazard_detection_unit.vhdl:]
WARNING: [filemgmt 56-199] Attempt to get parsing info during refresh. "On-the-fly" syntax checking information may be incorrect. [/home/dfec/ece485/ece485_final_cadet_stage4/pipeline_registers.vhdl:]
WARNING: [filemgmt 56-199] Attempt to get parsing info during refresh. "On-the-fly" syntax checking information may be incorrect. [/home/dfec/ece485/ece485_final_cadet_stage4/riscv_pipeline.vhdl:]
WARNING: [filemgmt 56-199] Attempt to get parsing info during refresh. "On-the-fly" syntax checking information may be incorrect. [/home/dfec/ece485/ece485_final_cadet_stage4/riscv_pipeline.vhdl:]
WARNING: [filemgmt 56-199] Attempt to get parsing info during refresh. "On-the-fly" syntax checking information may be incorrect. [/home/dfec/ece485/ece485_final_cadet_stage4/riscv_pipeline.vhdl:]
WARNING: [filemgmt 56-199] Attempt to get parsing info during refresh. "On-the-fly" syntax checking information may be incorrect. [/home/dfec/ece485/ece485_final_cadet_stage4/forwarding_unit.vhdl:]
WARNING: [filemgmt 56-199] Attempt to get parsing info during refresh. "On-the-fly" syntax checking information may be incorrect. [/home/dfec/ece485/ece485_final_cadet_stage4/hazard_detection_unit.vhdl:]
WARNING: [filemgmt 56-199] Attempt to get parsing info during refresh. "On-the-fly" syntax checking information may be incorrect. [/home/dfec/ece485/ece485_final_cadet_stage4/pipeline_registers.vhdl:]
WARNING: [filemgmt 56-199] Attempt to get parsing info during refresh. "On-the-fly" syntax checking information may be incorrect. [/home/dfec/ece485/ece485_final_cadet_stage4/riscv_pipeline.vhdl:]
WARNING: [filemgmt 56-199] Attempt to get parsing info during refresh. "On-the-fly" syntax checking information may be incorrect. [/home/dfec/ece485/ece485_final_cadet_stage4/forwarding_unit.vhdl:]
WARNING: [filemgmt 56-199] Attempt to get parsing info during refresh. "On-the-fly" syntax checking information may be incorrect. [/home/dfec/ece485/ece485_final_cadet_stage4/forwarding_unit.vhdl:]
update_compile_order -fileset sources_1
WARNING: [filemgmt 56-199] Attempt to get parsing info during refresh. "On-the-fly" syntax checking information may be incorrect. [/home/dfec/ece485/ece485_final_cadet_stage4/forwarding_unit.vhdl:]
WARNING: [filemgmt 56-199] Attempt to get parsing info during refresh. "On-the-fly" syntax checking information may be incorrect. [/home/dfec/ece485/ece485_final_cadet_stage4/hazard_detection_unit.vhdl:]
WARNING: [filemgmt 56-199] Attempt to get parsing info during refresh. "On-the-fly" syntax checking information may be incorrect. [/home/dfec/ece485/ece485_final_cadet_stage4/pipeline_registers.vhdl:]
WARNING: [filemgmt 56-199] Attempt to get parsing info during refresh. "On-the-fly" syntax checking information may be incorrect. [/home/dfec/ece485/ece485_final_cadet_stage4/riscv_pipeline.vhdl:]
WARNING: [filemgmt 56-199] Attempt to get parsing info during refresh. "On-the-fly" syntax checking information may be incorrect. [/home/dfec/ece485/ece485_final_cadet_stage4/hazard_detection_unit.vhdl:]
WARNING: [filemgmt 56-199] Attempt to get parsing info during refresh. "On-the-fly" syntax checking information may be incorrect. [/home/dfec/ece485/ece485_final_cadet_stage4/hazard_detection_unit.vhdl:]
WARNING: [filemgmt 56-199] Attempt to get parsing info during refresh. "On-the-fly" syntax checking information may be incorrect. [/home/dfec/ece485/ece485_final_cadet_stage4/forwarding_unit.vhdl:]
WARNING: [filemgmt 56-199] Attempt to get parsing info during refresh. "On-the-fly" syntax checking information may be incorrect. [/home/dfec/ece485/ece485_final_cadet_stage4/hazard_detection_unit.vhdl:]
WARNING: [filemgmt 56-199] Attempt to get parsing info during refresh. "On-the-fly" syntax checking information may be incorrect. [/home/dfec/ece485/ece485_final_cadet_stage4/pipeline_registers.vhdl:]
WARNING: [filemgmt 56-199] Attempt to get parsing info during refresh. "On-the-fly" syntax checking information may be incorrect. [/home/dfec/ece485/ece485_final_cadet_stage4/riscv_pipeline.vhdl:]
WARNING: [filemgmt 56-199] Attempt to get parsing info during refresh. "On-the-fly" syntax checking information may be incorrect. [/home/dfec/ece485/ece485_final_cadet_stage4/riscv_pipeline.vhdl:]
WARNING: [filemgmt 56-199] Attempt to get parsing info during refresh. "On-the-fly" syntax checking information may be incorrect. [/home/dfec/ece485/ece485_final_cadet_stage4/riscv_pipeline.vhdl:]
WARNING: [filemgmt 56-199] Attempt to get parsing info during refresh. "On-the-fly" syntax checking information may be incorrect. [/home/dfec/ece485/ece485_final_cadet_stage4/forwarding_unit.vhdl:]
WARNING: [filemgmt 56-199] Attempt to get parsing info during refresh. "On-the-fly" syntax checking information may be incorrect. [/home/dfec/ece485/ece485_final_cadet_stage4/hazard_detection_unit.vhdl:]
WARNING: [filemgmt 56-199] Attempt to get parsing info during refresh. "On-the-fly" syntax checking information may be incorrect. [/home/dfec/ece485/ece485_final_cadet_stage4/pipeline_registers.vhdl:]
WARNING: [filemgmt 56-199] Attempt to get parsing info during refresh. "On-the-fly" syntax checking information may be incorrect. [/home/dfec/ece485/ece485_final_cadet_stage4/riscv_pipeline.vhdl:]
WARNING: [filemgmt 56-199] Attempt to get parsing info during refresh. "On-the-fly" syntax checking information may be incorrect. [/home/dfec/ece485/ece485_final_cadet_stage4/forwarding_unit.vhdl:]
WARNING: [filemgmt 56-199] Attempt to get parsing info during refresh. "On-the-fly" syntax checking information may be incorrect. [/home/dfec/ece485/ece485_final_cadet_stage4/forwarding_unit.vhdl:]
WARNING: [filemgmt 56-199] Attempt to get parsing info during refresh. "On-the-fly" syntax checking information may be incorrect. [/home/dfec/ece485/ece485_final_cadet_stage4/forwarding_unit.vhdl:]
WARNING: [filemgmt 56-199] Attempt to get parsing info during refresh. "On-the-fly" syntax checking information may be incorrect. [/home/dfec/ece485/ece485_final_cadet_stage4/hazard_detection_unit.vhdl:]
WARNING: [filemgmt 56-199] Attempt to get parsing info during refresh. "On-the-fly" syntax checking information may be incorrect. [/home/dfec/ece485/ece485_final_cadet_stage4/pipeline_registers.vhdl:]
WARNING: [filemgmt 56-199] Attempt to get parsing info during refresh. "On-the-fly" syntax checking information may be incorrect. [/home/dfec/ece485/ece485_final_cadet_stage4/riscv_pipeline.vhdl:]
WARNING: [filemgmt 56-199] Attempt to get parsing info during refresh. "On-the-fly" syntax checking information may be incorrect. [/home/dfec/ece485/ece485_final_cadet_stage4/hazard_detection_unit.vhdl:]
WARNING: [filemgmt 56-199] Attempt to get parsing info during refresh. "On-the-fly" syntax checking information may be incorrect. [/home/dfec/ece485/ece485_final_cadet_stage4/hazard_detection_unit.vhdl:]
WARNING: [filemgmt 56-199] Attempt to get parsing info during refresh. "On-the-fly" syntax checking information may be incorrect. [/home/dfec/ece485/ece485_final_cadet_stage4/forwarding_unit.vhdl:]
WARNING: [filemgmt 56-199] Attempt to get parsing info during refresh. "On-the-fly" syntax checking information may be incorrect. [/home/dfec/ece485/ece485_final_cadet_stage4/hazard_detection_unit.vhdl:]
WARNING: [filemgmt 56-199] Attempt to get parsing info during refresh. "On-the-fly" syntax checking information may be incorrect. [/home/dfec/ece485/ece485_final_cadet_stage4/pipeline_registers.vhdl:]
WARNING: [filemgmt 56-199] Attempt to get parsing info during refresh. "On-the-fly" syntax checking information may be incorrect. [/home/dfec/ece485/ece485_final_cadet_stage4/riscv_pipeline.vhdl:]
WARNING: [filemgmt 56-199] Attempt to get parsing info during refresh. "On-the-fly" syntax checking information may be incorrect. [/home/dfec/ece485/ece485_final_cadet_stage4/forwarding_unit.vhdl:]
WARNING: [filemgmt 56-199] Attempt to get parsing info during refresh. "On-the-fly" syntax checking information may be incorrect. [/home/dfec/ece485/ece485_final_cadet_stage4/forwarding_unit.vhdl:]
WARNING: [filemgmt 56-199] Attempt to get parsing info during refresh. "On-the-fly" syntax checking information may be incorrect. [/home/dfec/ece485/ece485_final_cadet_stage4/forwarding_unit.vhdl:]
WARNING: [filemgmt 56-199] Attempt to get parsing info during refresh. "On-the-fly" syntax checking information may be incorrect. [/home/dfec/ece485/ece485_final_cadet_stage4/hazard_detection_unit.vhdl:]
WARNING: [filemgmt 56-199] Attempt to get parsing info during refresh. "On-the-fly" syntax checking information may be incorrect. [/home/dfec/ece485/ece485_final_cadet_stage4/pipeline_registers.vhdl:]
WARNING: [filemgmt 56-199] Attempt to get parsing info during refresh. "On-the-fly" syntax checking information may be incorrect. [/home/dfec/ece485/ece485_final_cadet_stage4/riscv_pipeline.vhdl:]
WARNING: [filemgmt 56-199] Attempt to get parsing info during refresh. "On-the-fly" syntax checking information may be incorrect. [/home/dfec/ece485/ece485_final_cadet_stage4/riscv_pipeline.vhdl:]
WARNING: [filemgmt 56-199] Attempt to get parsing info during refresh. "On-the-fly" syntax checking information may be incorrect. [/home/dfec/ece485/ece485_final_cadet_stage4/riscv_pipeline.vhdl:]
WARNING: [filemgmt 56-199] Attempt to get parsing info during refresh. "On-the-fly" syntax checking information may be incorrect. [/home/dfec/ece485/ece485_final_cadet_stage4/forwarding_unit.vhdl:]
WARNING: [filemgmt 56-199] Attempt to get parsing info during refresh. "On-the-fly" syntax checking information may be incorrect. [/home/dfec/ece485/ece485_final_cadet_stage4/hazard_detection_unit.vhdl:]
WARNING: [filemgmt 56-199] Attempt to get parsing info during refresh. "On-the-fly" syntax checking information may be incorrect. [/home/dfec/ece485/ece485_final_cadet_stage4/pipeline_registers.vhdl:]
WARNING: [filemgmt 56-199] Attempt to get parsing info during refresh. "On-the-fly" syntax checking information may be incorrect. [/home/dfec/ece485/ece485_final_cadet_stage4/riscv_pipeline.vhdl:]
WARNING: [filemgmt 56-199] Attempt to get parsing info during refresh. "On-the-fly" syntax checking information may be incorrect. [/home/dfec/ece485/ece485_final_cadet_stage4/forwarding_unit.vhdl:]
WARNING: [filemgmt 56-199] Attempt to get parsing info during refresh. "On-the-fly" syntax checking information may be incorrect. [/home/dfec/ece485/ece485_final_cadet_stage4/forwarding_unit.vhdl:]
WARNING: [filemgmt 56-199] Attempt to get parsing info during refresh. "On-the-fly" syntax checking information may be incorrect. [/home/dfec/ece485/ece485_final_cadet_stage4/forwarding_unit.vhdl:]
WARNING: [filemgmt 56-199] Attempt to get parsing info during refresh. "On-the-fly" syntax checking information may be incorrect. [/home/dfec/ece485/ece485_final_cadet_stage4/hazard_detection_unit.vhdl:]
WARNING: [filemgmt 56-199] Attempt to get parsing info during refresh. "On-the-fly" syntax checking information may be incorrect. [/home/dfec/ece485/ece485_final_cadet_stage4/pipeline_registers.vhdl:]
WARNING: [filemgmt 56-199] Attempt to get parsing info during refresh. "On-the-fly" syntax checking information may be incorrect. [/home/dfec/ece485/ece485_final_cadet_stage4/riscv_pipeline.vhdl:]
WARNING: [filemgmt 56-199] Attempt to get parsing info during refresh. "On-the-fly" syntax checking information may be incorrect. [/home/dfec/ece485/ece485_final_cadet_stage4/pipeline_registers.vhdl:]
WARNING: [filemgmt 56-199] Attempt to get parsing info during refresh. "On-the-fly" syntax checking information may be incorrect. [/home/dfec/ece485/ece485_final_cadet_stage4/pipeline_registers.vhdl:]
WARNING: [filemgmt 56-199] Attempt to get parsing info during refresh. "On-the-fly" syntax checking information may be incorrect. [/home/dfec/ece485/ece485_final_cadet_stage4/forwarding_unit.vhdl:]
WARNING: [filemgmt 56-199] Attempt to get parsing info during refresh. "On-the-fly" syntax checking information may be incorrect. [/home/dfec/ece485/ece485_final_cadet_stage4/hazard_detection_unit.vhdl:]
WARNING: [filemgmt 56-199] Attempt to get parsing info during refresh. "On-the-fly" syntax checking information may be incorrect. [/home/dfec/ece485/ece485_final_cadet_stage4/pipeline_registers.vhdl:]
WARNING: [filemgmt 56-199] Attempt to get parsing info during refresh. "On-the-fly" syntax checking information may be incorrect. [/home/dfec/ece485/ece485_final_cadet_stage4/riscv_pipeline.vhdl:]
WARNING: [filemgmt 56-199] Attempt to get parsing info during refresh. "On-the-fly" syntax checking information may be incorrect. [/home/dfec/ece485/ece485_final_cadet_stage4/hazard_detection_unit.vhdl:]
WARNING: [filemgmt 56-199] Attempt to get parsing info during refresh. "On-the-fly" syntax checking information may be incorrect. [/home/dfec/ece485/ece485_final_cadet_stage4/hazard_detection_unit.vhdl:]
WARNING: [filemgmt 56-199] Attempt to get parsing info during refresh. "On-the-fly" syntax checking information may be incorrect. [/home/dfec/ece485/ece485_final_cadet_stage4/forwarding_unit.vhdl:]
WARNING: [filemgmt 56-199] Attempt to get parsing info during refresh. "On-the-fly" syntax checking information may be incorrect. [/home/dfec/ece485/ece485_final_cadet_stage4/hazard_detection_unit.vhdl:]
WARNING: [filemgmt 56-199] Attempt to get parsing info during refresh. "On-the-fly" syntax checking information may be incorrect. [/home/dfec/ece485/ece485_final_cadet_stage4/pipeline_registers.vhdl:]
WARNING: [filemgmt 56-199] Attempt to get parsing info during refresh. "On-the-fly" syntax checking information may be incorrect. [/home/dfec/ece485/ece485_final_cadet_stage4/riscv_pipeline.vhdl:]
WARNING: [filemgmt 56-199] Attempt to get parsing info during refresh. "On-the-fly" syntax checking information may be incorrect. [/home/dfec/ece485/ece485_final_cadet_stage4/forwarding_unit.vhdl:]
WARNING: [filemgmt 56-199] Attempt to get parsing info during refresh. "On-the-fly" syntax checking information may be incorrect. [/home/dfec/ece485/ece485_final_cadet_stage4/forwarding_unit.vhdl:]
WARNING: [filemgmt 56-199] Attempt to get parsing info during refresh. "On-the-fly" syntax checking information may be incorrect. [/home/dfec/ece485/ece485_final_cadet_stage4/forwarding_unit.vhdl:]
WARNING: [filemgmt 56-199] Attempt to get parsing info during refresh. "On-the-fly" syntax checking information may be incorrect. [/home/dfec/ece485/ece485_final_cadet_stage4/hazard_detection_unit.vhdl:]
WARNING: [filemgmt 56-199] Attempt to get parsing info during refresh. "On-the-fly" syntax checking information may be incorrect. [/home/dfec/ece485/ece485_final_cadet_stage4/pipeline_registers.vhdl:]
WARNING: [filemgmt 56-199] Attempt to get parsing info during refresh. "On-the-fly" syntax checking information may be incorrect. [/home/dfec/ece485/ece485_final_cadet_stage4/riscv_pipeline.vhdl:]
WARNING: [filemgmt 56-199] Attempt to get parsing info during refresh. "On-the-fly" syntax checking information may be incorrect. [/home/dfec/ece485/ece485_final_cadet_stage4/pipeline_registers.vhdl:]
WARNING: [filemgmt 56-199] Attempt to get parsing info during refresh. "On-the-fly" syntax checking information may be incorrect. [/home/dfec/ece485/ece485_final_cadet_stage4/pipeline_registers.vhdl:]
update_compile_order -fileset sources_1
WARNING: [filemgmt 56-199] Attempt to get parsing info during refresh. "On-the-fly" syntax checking information may be incorrect. [/home/dfec/ece485/ece485_final_cadet_stage4/forwarding_unit.vhdl:]
WARNING: [filemgmt 56-199] Attempt to get parsing info during refresh. "On-the-fly" syntax checking information may be incorrect. [/home/dfec/ece485/ece485_final_cadet_stage4/hazard_detection_unit.vhdl:]
WARNING: [filemgmt 56-199] Attempt to get parsing info during refresh. "On-the-fly" syntax checking information may be incorrect. [/home/dfec/ece485/ece485_final_cadet_stage4/pipeline_registers.vhdl:]
WARNING: [filemgmt 56-199] Attempt to get parsing info during refresh. "On-the-fly" syntax checking information may be incorrect. [/home/dfec/ece485/ece485_final_cadet_stage4/riscv_pipeline.vhdl:]
WARNING: [filemgmt 56-199] Attempt to get parsing info during refresh. "On-the-fly" syntax checking information may be incorrect. [/home/dfec/ece485/ece485_final_cadet_stage4/hazard_detection_unit.vhdl:]
WARNING: [filemgmt 56-199] Attempt to get parsing info during refresh. "On-the-fly" syntax checking information may be incorrect. [/home/dfec/ece485/ece485_final_cadet_stage4/hazard_detection_unit.vhdl:]
WARNING: [filemgmt 56-199] Attempt to get parsing info during refresh. "On-the-fly" syntax checking information may be incorrect. [/home/dfec/ece485/ece485_final_cadet_stage4/forwarding_unit.vhdl:]
WARNING: [filemgmt 56-199] Attempt to get parsing info during refresh. "On-the-fly" syntax checking information may be incorrect. [/home/dfec/ece485/ece485_final_cadet_stage4/hazard_detection_unit.vhdl:]
WARNING: [filemgmt 56-199] Attempt to get parsing info during refresh. "On-the-fly" syntax checking information may be incorrect. [/home/dfec/ece485/ece485_final_cadet_stage4/pipeline_registers.vhdl:]
WARNING: [filemgmt 56-199] Attempt to get parsing info during refresh. "On-the-fly" syntax checking information may be incorrect. [/home/dfec/ece485/ece485_final_cadet_stage4/riscv_pipeline.vhdl:]
WARNING: [filemgmt 56-199] Attempt to get parsing info during refresh. "On-the-fly" syntax checking information may be incorrect. [/home/dfec/ece485/ece485_final_cadet_stage4/forwarding_unit.vhdl:]
WARNING: [filemgmt 56-199] Attempt to get parsing info during refresh. "On-the-fly" syntax checking information may be incorrect. [/home/dfec/ece485/ece485_final_cadet_stage4/forwarding_unit.vhdl:]
WARNING: [filemgmt 56-199] Attempt to get parsing info during refresh. "On-the-fly" syntax checking information may be incorrect. [/home/dfec/ece485/ece485_final_cadet_stage4/forwarding_unit.vhdl:]
WARNING: [filemgmt 56-199] Attempt to get parsing info during refresh. "On-the-fly" syntax checking information may be incorrect. [/home/dfec/ece485/ece485_final_cadet_stage4/hazard_detection_unit.vhdl:]
WARNING: [filemgmt 56-199] Attempt to get parsing info during refresh. "On-the-fly" syntax checking information may be incorrect. [/home/dfec/ece485/ece485_final_cadet_stage4/pipeline_registers.vhdl:]
WARNING: [filemgmt 56-199] Attempt to get parsing info during refresh. "On-the-fly" syntax checking information may be incorrect. [/home/dfec/ece485/ece485_final_cadet_stage4/riscv_pipeline.vhdl:]
WARNING: [filemgmt 56-199] Attempt to get parsing info during refresh. "On-the-fly" syntax checking information may be incorrect. [/home/dfec/ece485/ece485_final_cadet_stage4/riscv_pipeline.vhdl:]
WARNING: [filemgmt 56-199] Attempt to get parsing info during refresh. "On-the-fly" syntax checking information may be incorrect. [/home/dfec/ece485/ece485_final_cadet_stage4/riscv_pipeline.vhdl:]
WARNING: [filemgmt 56-199] Attempt to get parsing info during refresh. "On-the-fly" syntax checking information may be incorrect. [/home/dfec/ece485/ece485_final_cadet_stage4/forwarding_unit.vhdl:]
WARNING: [filemgmt 56-199] Attempt to get parsing info during refresh. "On-the-fly" syntax checking information may be incorrect. [/home/dfec/ece485/ece485_final_cadet_stage4/hazard_detection_unit.vhdl:]
WARNING: [filemgmt 56-199] Attempt to get parsing info during refresh. "On-the-fly" syntax checking information may be incorrect. [/home/dfec/ece485/ece485_final_cadet_stage4/pipeline_registers.vhdl:]
WARNING: [filemgmt 56-199] Attempt to get parsing info during refresh. "On-the-fly" syntax checking information may be incorrect. [/home/dfec/ece485/ece485_final_cadet_stage4/riscv_pipeline.vhdl:]
WARNING: [filemgmt 56-199] Attempt to get parsing info during refresh. "On-the-fly" syntax checking information may be incorrect. [/home/dfec/ece485/ece485_final_cadet_stage4/riscv_pipeline.vhdl:]
WARNING: [filemgmt 56-199] Attempt to get parsing info during refresh. "On-the-fly" syntax checking information may be incorrect. [/home/dfec/ece485/ece485_final_cadet_stage4/riscv_pipeline.vhdl:]
WARNING: [filemgmt 56-199] Attempt to get parsing info during refresh. "On-the-fly" syntax checking information may be incorrect. [/home/dfec/ece485/ece485_final_cadet_stage4/forwarding_unit.vhdl:]
WARNING: [filemgmt 56-199] Attempt to get parsing info during refresh. "On-the-fly" syntax checking information may be incorrect. [/home/dfec/ece485/ece485_final_cadet_stage4/hazard_detection_unit.vhdl:]
WARNING: [filemgmt 56-199] Attempt to get parsing info during refresh. "On-the-fly" syntax checking information may be incorrect. [/home/dfec/ece485/ece485_final_cadet_stage4/pipeline_registers.vhdl:]
WARNING: [filemgmt 56-199] Attempt to get parsing info during refresh. "On-the-fly" syntax checking information may be incorrect. [/home/dfec/ece485/ece485_final_cadet_stage4/riscv_pipeline.vhdl:]
WARNING: [filemgmt 56-199] Attempt to get parsing info during refresh. "On-the-fly" syntax checking information may be incorrect. [/home/dfec/ece485/ece485_final_cadet_stage4/hazard_detection_unit.vhdl:]
WARNING: [filemgmt 56-199] Attempt to get parsing info during refresh. "On-the-fly" syntax checking information may be incorrect. [/home/dfec/ece485/ece485_final_cadet_stage4/hazard_detection_unit.vhdl:]
WARNING: [filemgmt 56-199] Attempt to get parsing info during refresh. "On-the-fly" syntax checking information may be incorrect. [/home/dfec/ece485/ece485_final_cadet_stage4/forwarding_unit.vhdl:]
WARNING: [filemgmt 56-199] Attempt to get parsing info during refresh. "On-the-fly" syntax checking information may be incorrect. [/home/dfec/ece485/ece485_final_cadet_stage4/hazard_detection_unit.vhdl:]
WARNING: [filemgmt 56-199] Attempt to get parsing info during refresh. "On-the-fly" syntax checking information may be incorrect. [/home/dfec/ece485/ece485_final_cadet_stage4/pipeline_registers.vhdl:]
WARNING: [filemgmt 56-199] Attempt to get parsing info during refresh. "On-the-fly" syntax checking information may be incorrect. [/home/dfec/ece485/ece485_final_cadet_stage4/riscv_pipeline.vhdl:]
WARNING: [filemgmt 56-199] Attempt to get parsing info during refresh. "On-the-fly" syntax checking information may be incorrect. [/home/dfec/ece485/ece485_final_cadet_stage4/hazard_detection_unit.vhdl:]
WARNING: [filemgmt 56-199] Attempt to get parsing info during refresh. "On-the-fly" syntax checking information may be incorrect. [/home/dfec/ece485/ece485_final_cadet_stage4/hazard_detection_unit.vhdl:]
WARNING: [filemgmt 56-199] Attempt to get parsing info during refresh. "On-the-fly" syntax checking information may be incorrect. [/home/dfec/ece485/ece485_final_cadet_stage4/forwarding_unit.vhdl:]
WARNING: [filemgmt 56-199] Attempt to get parsing info during refresh. "On-the-fly" syntax checking information may be incorrect. [/home/dfec/ece485/ece485_final_cadet_stage4/hazard_detection_unit.vhdl:]
WARNING: [filemgmt 56-199] Attempt to get parsing info during refresh. "On-the-fly" syntax checking information may be incorrect. [/home/dfec/ece485/ece485_final_cadet_stage4/pipeline_registers.vhdl:]
WARNING: [filemgmt 56-199] Attempt to get parsing info during refresh. "On-the-fly" syntax checking information may be incorrect. [/home/dfec/ece485/ece485_final_cadet_stage4/riscv_pipeline.vhdl:]
WARNING: [filemgmt 56-199] Attempt to get parsing info during refresh. "On-the-fly" syntax checking information may be incorrect. [/home/dfec/ece485/ece485_final_cadet_stage4/riscv_pipeline.vhdl:]
WARNING: [filemgmt 56-199] Attempt to get parsing info during refresh. "On-the-fly" syntax checking information may be incorrect. [/home/dfec/ece485/ece485_final_cadet_stage4/riscv_pipeline.vhdl:]
WARNING: [filemgmt 56-199] Attempt to get parsing info during refresh. "On-the-fly" syntax checking information may be incorrect. [/home/dfec/ece485/ece485_final_cadet_stage4/forwarding_unit.vhdl:]
WARNING: [filemgmt 56-199] Attempt to get parsing info during refresh. "On-the-fly" syntax checking information may be incorrect. [/home/dfec/ece485/ece485_final_cadet_stage4/hazard_detection_unit.vhdl:]
WARNING: [filemgmt 56-199] Attempt to get parsing info during refresh. "On-the-fly" syntax checking information may be incorrect. [/home/dfec/ece485/ece485_final_cadet_stage4/pipeline_registers.vhdl:]
WARNING: [filemgmt 56-199] Attempt to get parsing info during refresh. "On-the-fly" syntax checking information may be incorrect. [/home/dfec/ece485/ece485_final_cadet_stage4/riscv_pipeline.vhdl:]
WARNING: [filemgmt 56-199] Attempt to get parsing info during refresh. "On-the-fly" syntax checking information may be incorrect. [/home/dfec/ece485/ece485_final_cadet_stage4/forwarding_unit.vhdl:]
WARNING: [filemgmt 56-199] Attempt to get parsing info during refresh. "On-the-fly" syntax checking information may be incorrect. [/home/dfec/ece485/ece485_final_cadet_stage4/forwarding_unit.vhdl:]
WARNING: [filemgmt 56-199] Attempt to get parsing info during refresh. "On-the-fly" syntax checking information may be incorrect. [/home/dfec/ece485/ece485_final_cadet_stage4/forwarding_unit.vhdl:]
WARNING: [filemgmt 56-199] Attempt to get parsing info during refresh. "On-the-fly" syntax checking information may be incorrect. [/home/dfec/ece485/ece485_final_cadet_stage4/hazard_detection_unit.vhdl:]
WARNING: [filemgmt 56-199] Attempt to get parsing info during refresh. "On-the-fly" syntax checking information may be incorrect. [/home/dfec/ece485/ece485_final_cadet_stage4/pipeline_registers.vhdl:]
WARNING: [filemgmt 56-199] Attempt to get parsing info during refresh. "On-the-fly" syntax checking information may be incorrect. [/home/dfec/ece485/ece485_final_cadet_stage4/riscv_pipeline.vhdl:]
WARNING: [filemgmt 56-199] Attempt to get parsing info during refresh. "On-the-fly" syntax checking information may be incorrect. [/home/dfec/ece485/ece485_final_cadet_stage4/pipeline_registers.vhdl:]
WARNING: [filemgmt 56-199] Attempt to get parsing info during refresh. "On-the-fly" syntax checking information may be incorrect. [/home/dfec/ece485/ece485_final_cadet_stage4/pipeline_registers.vhdl:]
WARNING: [filemgmt 56-199] Attempt to get parsing info during refresh. "On-the-fly" syntax checking information may be incorrect. [/home/dfec/ece485/ece485_final_cadet_stage4/forwarding_unit.vhdl:]
WARNING: [filemgmt 56-199] Attempt to get parsing info during refresh. "On-the-fly" syntax checking information may be incorrect. [/home/dfec/ece485/ece485_final_cadet_stage4/hazard_detection_unit.vhdl:]
WARNING: [filemgmt 56-199] Attempt to get parsing info during refresh. "On-the-fly" syntax checking information may be incorrect. [/home/dfec/ece485/ece485_final_cadet_stage4/pipeline_registers.vhdl:]
WARNING: [filemgmt 56-199] Attempt to get parsing info during refresh. "On-the-fly" syntax checking information may be incorrect. [/home/dfec/ece485/ece485_final_cadet_stage4/riscv_pipeline.vhdl:]
WARNING: [filemgmt 56-199] Attempt to get parsing info during refresh. "On-the-fly" syntax checking information may be incorrect. [/home/dfec/ece485/ece485_final_cadet_stage4/riscv_pipeline.vhdl:]
WARNING: [filemgmt 56-199] Attempt to get parsing info during refresh. "On-the-fly" syntax checking information may be incorrect. [/home/dfec/ece485/ece485_final_cadet_stage4/riscv_pipeline.vhdl:]
update_compile_order -fileset sources_1
WARNING: [filemgmt 56-199] Attempt to get parsing info during refresh. "On-the-fly" syntax checking information may be incorrect. [/home/dfec/ece485/ece485_final_cadet_stage4/forwarding_unit.vhdl:]
WARNING: [filemgmt 56-199] Attempt to get parsing info during refresh. "On-the-fly" syntax checking information may be incorrect. [/home/dfec/ece485/ece485_final_cadet_stage4/hazard_detection_unit.vhdl:]
WARNING: [filemgmt 56-199] Attempt to get parsing info during refresh. "On-the-fly" syntax checking information may be incorrect. [/home/dfec/ece485/ece485_final_cadet_stage4/pipeline_registers.vhdl:]
WARNING: [filemgmt 56-199] Attempt to get parsing info during refresh. "On-the-fly" syntax checking information may be incorrect. [/home/dfec/ece485/ece485_final_cadet_stage4/riscv_pipeline.vhdl:]
WARNING: [filemgmt 56-199] Attempt to get parsing info during refresh. "On-the-fly" syntax checking information may be incorrect. [/home/dfec/ece485/ece485_final_cadet_stage4/hazard_detection_unit.vhdl:]
WARNING: [filemgmt 56-199] Attempt to get parsing info during refresh. "On-the-fly" syntax checking information may be incorrect. [/home/dfec/ece485/ece485_final_cadet_stage4/hazard_detection_unit.vhdl:]
WARNING: [filemgmt 56-199] Attempt to get parsing info during refresh. "On-the-fly" syntax checking information may be incorrect. [/home/dfec/ece485/ece485_final_cadet_stage4/forwarding_unit.vhdl:]
WARNING: [filemgmt 56-199] Attempt to get parsing info during refresh. "On-the-fly" syntax checking information may be incorrect. [/home/dfec/ece485/ece485_final_cadet_stage4/hazard_detection_unit.vhdl:]
WARNING: [filemgmt 56-199] Attempt to get parsing info during refresh. "On-the-fly" syntax checking information may be incorrect. [/home/dfec/ece485/ece485_final_cadet_stage4/pipeline_registers.vhdl:]
WARNING: [filemgmt 56-199] Attempt to get parsing info during refresh. "On-the-fly" syntax checking information may be incorrect. [/home/dfec/ece485/ece485_final_cadet_stage4/riscv_pipeline.vhdl:]
WARNING: [filemgmt 56-199] Attempt to get parsing info during refresh. "On-the-fly" syntax checking information may be incorrect. [/home/dfec/ece485/ece485_final_cadet_stage4/pipeline_registers.vhdl:]
WARNING: [filemgmt 56-199] Attempt to get parsing info during refresh. "On-the-fly" syntax checking information may be incorrect. [/home/dfec/ece485/ece485_final_cadet_stage4/pipeline_registers.vhdl:]
WARNING: [filemgmt 56-199] Attempt to get parsing info during refresh. "On-the-fly" syntax checking information may be incorrect. [/home/dfec/ece485/ece485_final_cadet_stage4/forwarding_unit.vhdl:]
WARNING: [filemgmt 56-199] Attempt to get parsing info during refresh. "On-the-fly" syntax checking information may be incorrect. [/home/dfec/ece485/ece485_final_cadet_stage4/hazard_detection_unit.vhdl:]
WARNING: [filemgmt 56-199] Attempt to get parsing info during refresh. "On-the-fly" syntax checking information may be incorrect. [/home/dfec/ece485/ece485_final_cadet_stage4/pipeline_registers.vhdl:]
WARNING: [filemgmt 56-199] Attempt to get parsing info during refresh. "On-the-fly" syntax checking information may be incorrect. [/home/dfec/ece485/ece485_final_cadet_stage4/riscv_pipeline.vhdl:]
WARNING: [filemgmt 56-199] Attempt to get parsing info during refresh. "On-the-fly" syntax checking information may be incorrect. [/home/dfec/ece485/ece485_final_cadet_stage4/riscv_pipeline.vhdl:]
WARNING: [filemgmt 56-199] Attempt to get parsing info during refresh. "On-the-fly" syntax checking information may be incorrect. [/home/dfec/ece485/ece485_final_cadet_stage4/riscv_pipeline.vhdl:]
WARNING: [filemgmt 56-199] Attempt to get parsing info during refresh. "On-the-fly" syntax checking information may be incorrect. [/home/dfec/ece485/ece485_final_cadet_stage4/forwarding_unit.vhdl:]
WARNING: [filemgmt 56-199] Attempt to get parsing info during refresh. "On-the-fly" syntax checking information may be incorrect. [/home/dfec/ece485/ece485_final_cadet_stage4/hazard_detection_unit.vhdl:]
WARNING: [filemgmt 56-199] Attempt to get parsing info during refresh. "On-the-fly" syntax checking information may be incorrect. [/home/dfec/ece485/ece485_final_cadet_stage4/pipeline_registers.vhdl:]
WARNING: [filemgmt 56-199] Attempt to get parsing info during refresh. "On-the-fly" syntax checking information may be incorrect. [/home/dfec/ece485/ece485_final_cadet_stage4/riscv_pipeline.vhdl:]
WARNING: [filemgmt 56-199] Attempt to get parsing info during refresh. "On-the-fly" syntax checking information may be incorrect. [/home/dfec/ece485/ece485_final_cadet_stage4/forwarding_unit.vhdl:]
WARNING: [filemgmt 56-199] Attempt to get parsing info during refresh. "On-the-fly" syntax checking information may be incorrect. [/home/dfec/ece485/ece485_final_cadet_stage4/forwarding_unit.vhdl:]
WARNING: [filemgmt 56-199] Attempt to get parsing info during refresh. "On-the-fly" syntax checking information may be incorrect. [/home/dfec/ece485/ece485_final_cadet_stage4/forwarding_unit.vhdl:]
WARNING: [filemgmt 56-199] Attempt to get parsing info during refresh. "On-the-fly" syntax checking information may be incorrect. [/home/dfec/ece485/ece485_final_cadet_stage4/hazard_detection_unit.vhdl:]
WARNING: [filemgmt 56-199] Attempt to get parsing info during refresh. "On-the-fly" syntax checking information may be incorrect. [/home/dfec/ece485/ece485_final_cadet_stage4/pipeline_registers.vhdl:]
WARNING: [filemgmt 56-199] Attempt to get parsing info during refresh. "On-the-fly" syntax checking information may be incorrect. [/home/dfec/ece485/ece485_final_cadet_stage4/riscv_pipeline.vhdl:]
WARNING: [filemgmt 56-199] Attempt to get parsing info during refresh. "On-the-fly" syntax checking information may be incorrect. [/home/dfec/ece485/ece485_final_cadet_stage4/forwarding_unit.vhdl:]
WARNING: [filemgmt 56-199] Attempt to get parsing info during refresh. "On-the-fly" syntax checking information may be incorrect. [/home/dfec/ece485/ece485_final_cadet_stage4/forwarding_unit.vhdl:]
WARNING: [filemgmt 56-199] Attempt to get parsing info during refresh. "On-the-fly" syntax checking information may be incorrect. [/home/dfec/ece485/ece485_final_cadet_stage4/forwarding_unit.vhdl:]
WARNING: [filemgmt 56-199] Attempt to get parsing info during refresh. "On-the-fly" syntax checking information may be incorrect. [/home/dfec/ece485/ece485_final_cadet_stage4/hazard_detection_unit.vhdl:]
WARNING: [filemgmt 56-199] Attempt to get parsing info during refresh. "On-the-fly" syntax checking information may be incorrect. [/home/dfec/ece485/ece485_final_cadet_stage4/pipeline_registers.vhdl:]
WARNING: [filemgmt 56-199] Attempt to get parsing info during refresh. "On-the-fly" syntax checking information may be incorrect. [/home/dfec/ece485/ece485_final_cadet_stage4/riscv_pipeline.vhdl:]
WARNING: [filemgmt 56-199] Attempt to get parsing info during refresh. "On-the-fly" syntax checking information may be incorrect. [/home/dfec/ece485/ece485_final_cadet_stage4/pipeline_registers.vhdl:]
WARNING: [filemgmt 56-199] Attempt to get parsing info during refresh. "On-the-fly" syntax checking information may be incorrect. [/home/dfec/ece485/ece485_final_cadet_stage4/pipeline_registers.vhdl:]
WARNING: [filemgmt 56-199] Attempt to get parsing info during refresh. "On-the-fly" syntax checking information may be incorrect. [/home/dfec/ece485/ece485_final_cadet_stage4/forwarding_unit.vhdl:]
WARNING: [filemgmt 56-199] Attempt to get parsing info during refresh. "On-the-fly" syntax checking information may be incorrect. [/home/dfec/ece485/ece485_final_cadet_stage4/hazard_detection_unit.vhdl:]
WARNING: [filemgmt 56-199] Attempt to get parsing info during refresh. "On-the-fly" syntax checking information may be incorrect. [/home/dfec/ece485/ece485_final_cadet_stage4/pipeline_registers.vhdl:]
WARNING: [filemgmt 56-199] Attempt to get parsing info during refresh. "On-the-fly" syntax checking information may be incorrect. [/home/dfec/ece485/ece485_final_cadet_stage4/riscv_pipeline.vhdl:]
WARNING: [filemgmt 56-199] Attempt to get parsing info during refresh. "On-the-fly" syntax checking information may be incorrect. [/home/dfec/ece485/ece485_final_cadet_stage4/hazard_detection_unit.vhdl:]
WARNING: [filemgmt 56-199] Attempt to get parsing info during refresh. "On-the-fly" syntax checking information may be incorrect. [/home/dfec/ece485/ece485_final_cadet_stage4/hazard_detection_unit.vhdl:]
WARNING: [filemgmt 56-199] Attempt to get parsing info during refresh. "On-the-fly" syntax checking information may be incorrect. [/home/dfec/ece485/ece485_final_cadet_stage4/forwarding_unit.vhdl:]
WARNING: [filemgmt 56-199] Attempt to get parsing info during refresh. "On-the-fly" syntax checking information may be incorrect. [/home/dfec/ece485/ece485_final_cadet_stage4/hazard_detection_unit.vhdl:]
WARNING: [filemgmt 56-199] Attempt to get parsing info during refresh. "On-the-fly" syntax checking information may be incorrect. [/home/dfec/ece485/ece485_final_cadet_stage4/pipeline_registers.vhdl:]
WARNING: [filemgmt 56-199] Attempt to get parsing info during refresh. "On-the-fly" syntax checking information may be incorrect. [/home/dfec/ece485/ece485_final_cadet_stage4/riscv_pipeline.vhdl:]
WARNING: [filemgmt 56-199] Attempt to get parsing info during refresh. "On-the-fly" syntax checking information may be incorrect. [/home/dfec/ece485/ece485_final_cadet_stage4/forwarding_unit.vhdl:]
WARNING: [filemgmt 56-199] Attempt to get parsing info during refresh. "On-the-fly" syntax checking information may be incorrect. [/home/dfec/ece485/ece485_final_cadet_stage4/forwarding_unit.vhdl:]
WARNING: [filemgmt 56-199] Attempt to get parsing info during refresh. "On-the-fly" syntax checking information may be incorrect. [/home/dfec/ece485/ece485_final_cadet_stage4/forwarding_unit.vhdl:]
WARNING: [filemgmt 56-199] Attempt to get parsing info during refresh. "On-the-fly" syntax checking information may be incorrect. [/home/dfec/ece485/ece485_final_cadet_stage4/hazard_detection_unit.vhdl:]
WARNING: [filemgmt 56-199] Attempt to get parsing info during refresh. "On-the-fly" syntax checking information may be incorrect. [/home/dfec/ece485/ece485_final_cadet_stage4/pipeline_registers.vhdl:]
WARNING: [filemgmt 56-199] Attempt to get parsing info during refresh. "On-the-fly" syntax checking information may be incorrect. [/home/dfec/ece485/ece485_final_cadet_stage4/riscv_pipeline.vhdl:]
WARNING: [filemgmt 56-199] Attempt to get parsing info during refresh. "On-the-fly" syntax checking information may be incorrect. [/home/dfec/ece485/ece485_final_cadet_stage4/pipeline_registers.vhdl:]
WARNING: [filemgmt 56-199] Attempt to get parsing info during refresh. "On-the-fly" syntax checking information may be incorrect. [/home/dfec/ece485/ece485_final_cadet_stage4/pipeline_registers.vhdl:]
WARNING: [filemgmt 56-199] Attempt to get parsing info during refresh. "On-the-fly" syntax checking information may be incorrect. [/home/dfec/ece485/ece485_final_cadet_stage4/forwarding_unit.vhdl:]
WARNING: [filemgmt 56-199] Attempt to get parsing info during refresh. "On-the-fly" syntax checking information may be incorrect. [/home/dfec/ece485/ece485_final_cadet_stage4/hazard_detection_unit.vhdl:]
WARNING: [filemgmt 56-199] Attempt to get parsing info during refresh. "On-the-fly" syntax checking information may be incorrect. [/home/dfec/ece485/ece485_final_cadet_stage4/pipeline_registers.vhdl:]
WARNING: [filemgmt 56-199] Attempt to get parsing info during refresh. "On-the-fly" syntax checking information may be incorrect. [/home/dfec/ece485/ece485_final_cadet_stage4/riscv_pipeline.vhdl:]
WARNING: [filemgmt 56-199] Attempt to get parsing info during refresh. "On-the-fly" syntax checking information may be incorrect. [/home/dfec/ece485/ece485_final_cadet_stage4/hazard_detection_unit.vhdl:]
WARNING: [filemgmt 56-199] Attempt to get parsing info during refresh. "On-the-fly" syntax checking information may be incorrect. [/home/dfec/ece485/ece485_final_cadet_stage4/hazard_detection_unit.vhdl:]
update_compile_order -fileset sources_1
WARNING: [filemgmt 56-199] Attempt to get parsing info during refresh. "On-the-fly" syntax checking information may be incorrect. [/home/dfec/ece485/ece485_final_cadet_stage4/forwarding_unit.vhdl:]
WARNING: [filemgmt 56-199] Attempt to get parsing info during refresh. "On-the-fly" syntax checking information may be incorrect. [/home/dfec/ece485/ece485_final_cadet_stage4/hazard_detection_unit.vhdl:]
WARNING: [filemgmt 56-199] Attempt to get parsing info during refresh. "On-the-fly" syntax checking information may be incorrect. [/home/dfec/ece485/ece485_final_cadet_stage4/pipeline_registers.vhdl:]
WARNING: [filemgmt 56-199] Attempt to get parsing info during refresh. "On-the-fly" syntax checking information may be incorrect. [/home/dfec/ece485/ece485_final_cadet_stage4/riscv_pipeline.vhdl:]
WARNING: [filemgmt 56-199] Attempt to get parsing info during refresh. "On-the-fly" syntax checking information may be incorrect. [/home/dfec/ece485/ece485_final_cadet_stage4/forwarding_unit.vhdl:]
WARNING: [filemgmt 56-199] Attempt to get parsing info during refresh. "On-the-fly" syntax checking information may be incorrect. [/home/dfec/ece485/ece485_final_cadet_stage4/forwarding_unit.vhdl:]
WARNING: [filemgmt 56-199] Attempt to get parsing info during refresh. "On-the-fly" syntax checking information may be incorrect. [/home/dfec/ece485/ece485_final_cadet_stage4/forwarding_unit.vhdl:]
WARNING: [filemgmt 56-199] Attempt to get parsing info during refresh. "On-the-fly" syntax checking information may be incorrect. [/home/dfec/ece485/ece485_final_cadet_stage4/hazard_detection_unit.vhdl:]
WARNING: [filemgmt 56-199] Attempt to get parsing info during refresh. "On-the-fly" syntax checking information may be incorrect. [/home/dfec/ece485/ece485_final_cadet_stage4/pipeline_registers.vhdl:]
WARNING: [filemgmt 56-199] Attempt to get parsing info during refresh. "On-the-fly" syntax checking information may be incorrect. [/home/dfec/ece485/ece485_final_cadet_stage4/riscv_pipeline.vhdl:]
WARNING: [filemgmt 56-199] Attempt to get parsing info during refresh. "On-the-fly" syntax checking information may be incorrect. [/home/dfec/ece485/ece485_final_cadet_stage4/pipeline_registers.vhdl:]
WARNING: [filemgmt 56-199] Attempt to get parsing info during refresh. "On-the-fly" syntax checking information may be incorrect. [/home/dfec/ece485/ece485_final_cadet_stage4/pipeline_registers.vhdl:]
WARNING: [filemgmt 56-199] Attempt to get parsing info during refresh. "On-the-fly" syntax checking information may be incorrect. [/home/dfec/ece485/ece485_final_cadet_stage4/forwarding_unit.vhdl:]
WARNING: [filemgmt 56-199] Attempt to get parsing info during refresh. "On-the-fly" syntax checking information may be incorrect. [/home/dfec/ece485/ece485_final_cadet_stage4/hazard_detection_unit.vhdl:]
WARNING: [filemgmt 56-199] Attempt to get parsing info during refresh. "On-the-fly" syntax checking information may be incorrect. [/home/dfec/ece485/ece485_final_cadet_stage4/pipeline_registers.vhdl:]
WARNING: [filemgmt 56-199] Attempt to get parsing info during refresh. "On-the-fly" syntax checking information may be incorrect. [/home/dfec/ece485/ece485_final_cadet_stage4/riscv_pipeline.vhdl:]
WARNING: [filemgmt 56-199] Attempt to get parsing info during refresh. "On-the-fly" syntax checking information may be incorrect. [/home/dfec/ece485/ece485_final_cadet_stage4/hazard_detection_unit.vhdl:]
WARNING: [filemgmt 56-199] Attempt to get parsing info during refresh. "On-the-fly" syntax checking information may be incorrect. [/home/dfec/ece485/ece485_final_cadet_stage4/hazard_detection_unit.vhdl:]
WARNING: [filemgmt 56-199] Attempt to get parsing info during refresh. "On-the-fly" syntax checking information may be incorrect. [/home/dfec/ece485/ece485_final_cadet_stage4/forwarding_unit.vhdl:]
WARNING: [filemgmt 56-199] Attempt to get parsing info during refresh. "On-the-fly" syntax checking information may be incorrect. [/home/dfec/ece485/ece485_final_cadet_stage4/hazard_detection_unit.vhdl:]
WARNING: [filemgmt 56-199] Attempt to get parsing info during refresh. "On-the-fly" syntax checking information may be incorrect. [/home/dfec/ece485/ece485_final_cadet_stage4/pipeline_registers.vhdl:]
WARNING: [filemgmt 56-199] Attempt to get parsing info during refresh. "On-the-fly" syntax checking information may be incorrect. [/home/dfec/ece485/ece485_final_cadet_stage4/riscv_pipeline.vhdl:]
WARNING: [filemgmt 56-199] Attempt to get parsing info during refresh. "On-the-fly" syntax checking information may be incorrect. [/home/dfec/ece485/ece485_final_cadet_stage4/forwarding_unit.vhdl:]
WARNING: [filemgmt 56-199] Attempt to get parsing info during refresh. "On-the-fly" syntax checking information may be incorrect. [/home/dfec/ece485/ece485_final_cadet_stage4/forwarding_unit.vhdl:]
update_compile_order -fileset sources_1
WARNING: [filemgmt 56-199] Attempt to get parsing info during refresh. "On-the-fly" syntax checking information may be incorrect. [/home/dfec/ece485/ece485_final_cadet_stage4/forwarding_unit.vhdl:]
WARNING: [filemgmt 56-199] Attempt to get parsing info during refresh. "On-the-fly" syntax checking information may be incorrect. [/home/dfec/ece485/ece485_final_cadet_stage4/hazard_detection_unit.vhdl:]
WARNING: [filemgmt 56-199] Attempt to get parsing info during refresh. "On-the-fly" syntax checking information may be incorrect. [/home/dfec/ece485/ece485_final_cadet_stage4/pipeline_registers.vhdl:]
WARNING: [filemgmt 56-199] Attempt to get parsing info during refresh. "On-the-fly" syntax checking information may be incorrect. [/home/dfec/ece485/ece485_final_cadet_stage4/riscv_pipeline.vhdl:]
WARNING: [filemgmt 56-199] Attempt to get parsing info during refresh. "On-the-fly" syntax checking information may be incorrect. [/home/dfec/ece485/ece485_final_cadet_stage4/forwarding_unit.vhdl:]
WARNING: [filemgmt 56-199] Attempt to get parsing info during refresh. "On-the-fly" syntax checking information may be incorrect. [/home/dfec/ece485/ece485_final_cadet_stage4/forwarding_unit.vhdl:]
WARNING: [filemgmt 56-199] Attempt to get parsing info during refresh. "On-the-fly" syntax checking information may be incorrect. [/home/dfec/ece485/ece485_final_cadet_stage4/forwarding_unit.vhdl:]
WARNING: [filemgmt 56-199] Attempt to get parsing info during refresh. "On-the-fly" syntax checking information may be incorrect. [/home/dfec/ece485/ece485_final_cadet_stage4/hazard_detection_unit.vhdl:]
WARNING: [filemgmt 56-199] Attempt to get parsing info during refresh. "On-the-fly" syntax checking information may be incorrect. [/home/dfec/ece485/ece485_final_cadet_stage4/pipeline_registers.vhdl:]
WARNING: [filemgmt 56-199] Attempt to get parsing info during refresh. "On-the-fly" syntax checking information may be incorrect. [/home/dfec/ece485/ece485_final_cadet_stage4/riscv_pipeline.vhdl:]
WARNING: [filemgmt 56-199] Attempt to get parsing info during refresh. "On-the-fly" syntax checking information may be incorrect. [/home/dfec/ece485/ece485_final_cadet_stage4/hazard_detection_unit.vhdl:]
WARNING: [filemgmt 56-199] Attempt to get parsing info during refresh. "On-the-fly" syntax checking information may be incorrect. [/home/dfec/ece485/ece485_final_cadet_stage4/hazard_detection_unit.vhdl:]
WARNING: [filemgmt 56-199] Attempt to get parsing info during refresh. "On-the-fly" syntax checking information may be incorrect. [/home/dfec/ece485/ece485_final_cadet_stage4/forwarding_unit.vhdl:]
WARNING: [filemgmt 56-199] Attempt to get parsing info during refresh. "On-the-fly" syntax checking information may be incorrect. [/home/dfec/ece485/ece485_final_cadet_stage4/hazard_detection_unit.vhdl:]
WARNING: [filemgmt 56-199] Attempt to get parsing info during refresh. "On-the-fly" syntax checking information may be incorrect. [/home/dfec/ece485/ece485_final_cadet_stage4/pipeline_registers.vhdl:]
WARNING: [filemgmt 56-199] Attempt to get parsing info during refresh. "On-the-fly" syntax checking information may be incorrect. [/home/dfec/ece485/ece485_final_cadet_stage4/riscv_pipeline.vhdl:]
WARNING: [filemgmt 56-199] Attempt to get parsing info during refresh. "On-the-fly" syntax checking information may be incorrect. [/home/dfec/ece485/ece485_final_cadet_stage4/riscv_pipeline.vhdl:]
WARNING: [filemgmt 56-199] Attempt to get parsing info during refresh. "On-the-fly" syntax checking information may be incorrect. [/home/dfec/ece485/ece485_final_cadet_stage4/riscv_pipeline.vhdl:]
WARNING: [filemgmt 56-199] Attempt to get parsing info during refresh. "On-the-fly" syntax checking information may be incorrect. [/home/dfec/ece485/ece485_final_cadet_stage4/forwarding_unit.vhdl:]
WARNING: [filemgmt 56-199] Attempt to get parsing info during refresh. "On-the-fly" syntax checking information may be incorrect. [/home/dfec/ece485/ece485_final_cadet_stage4/hazard_detection_unit.vhdl:]
WARNING: [filemgmt 56-199] Attempt to get parsing info during refresh. "On-the-fly" syntax checking information may be incorrect. [/home/dfec/ece485/ece485_final_cadet_stage4/pipeline_registers.vhdl:]
WARNING: [filemgmt 56-199] Attempt to get parsing info during refresh. "On-the-fly" syntax checking information may be incorrect. [/home/dfec/ece485/ece485_final_cadet_stage4/riscv_pipeline.vhdl:]
WARNING: [filemgmt 56-199] Attempt to get parsing info during refresh. "On-the-fly" syntax checking information may be incorrect. [/home/dfec/ece485/ece485_final_cadet_stage4/hazard_detection_unit.vhdl:]
WARNING: [filemgmt 56-199] Attempt to get parsing info during refresh. "On-the-fly" syntax checking information may be incorrect. [/home/dfec/ece485/ece485_final_cadet_stage4/hazard_detection_unit.vhdl:]
WARNING: [filemgmt 56-199] Attempt to get parsing info during refresh. "On-the-fly" syntax checking information may be incorrect. [/home/dfec/ece485/ece485_final_cadet_stage4/forwarding_unit.vhdl:]
WARNING: [filemgmt 56-199] Attempt to get parsing info during refresh. "On-the-fly" syntax checking information may be incorrect. [/home/dfec/ece485/ece485_final_cadet_stage4/hazard_detection_unit.vhdl:]
WARNING: [filemgmt 56-199] Attempt to get parsing info during refresh. "On-the-fly" syntax checking information may be incorrect. [/home/dfec/ece485/ece485_final_cadet_stage4/pipeline_registers.vhdl:]
WARNING: [filemgmt 56-199] Attempt to get parsing info during refresh. "On-the-fly" syntax checking information may be incorrect. [/home/dfec/ece485/ece485_final_cadet_stage4/riscv_pipeline.vhdl:]
WARNING: [filemgmt 56-199] Attempt to get parsing info during refresh. "On-the-fly" syntax checking information may be incorrect. [/home/dfec/ece485/ece485_final_cadet_stage4/hazard_detection_unit.vhdl:]
WARNING: [filemgmt 56-199] Attempt to get parsing info during refresh. "On-the-fly" syntax checking information may be incorrect. [/home/dfec/ece485/ece485_final_cadet_stage4/hazard_detection_unit.vhdl:]
WARNING: [filemgmt 56-199] Attempt to get parsing info during refresh. "On-the-fly" syntax checking information may be incorrect. [/home/dfec/ece485/ece485_final_cadet_stage4/forwarding_unit.vhdl:]
WARNING: [filemgmt 56-199] Attempt to get parsing info during refresh. "On-the-fly" syntax checking information may be incorrect. [/home/dfec/ece485/ece485_final_cadet_stage4/hazard_detection_unit.vhdl:]
WARNING: [filemgmt 56-199] Attempt to get parsing info during refresh. "On-the-fly" syntax checking information may be incorrect. [/home/dfec/ece485/ece485_final_cadet_stage4/pipeline_registers.vhdl:]
WARNING: [filemgmt 56-199] Attempt to get parsing info during refresh. "On-the-fly" syntax checking information may be incorrect. [/home/dfec/ece485/ece485_final_cadet_stage4/riscv_pipeline.vhdl:]
WARNING: [filemgmt 56-199] Attempt to get parsing info during refresh. "On-the-fly" syntax checking information may be incorrect. [/home/dfec/ece485/ece485_final_cadet_stage4/riscv_pipeline.vhdl:]
WARNING: [filemgmt 56-199] Attempt to get parsing info during refresh. "On-the-fly" syntax checking information may be incorrect. [/home/dfec/ece485/ece485_final_cadet_stage4/riscv_pipeline.vhdl:]
WARNING: [filemgmt 56-199] Attempt to get parsing info during refresh. "On-the-fly" syntax checking information may be incorrect. [/home/dfec/ece485/ece485_final_cadet_stage4/forwarding_unit.vhdl:]
WARNING: [filemgmt 56-199] Attempt to get parsing info during refresh. "On-the-fly" syntax checking information may be incorrect. [/home/dfec/ece485/ece485_final_cadet_stage4/hazard_detection_unit.vhdl:]
WARNING: [filemgmt 56-199] Attempt to get parsing info during refresh. "On-the-fly" syntax checking information may be incorrect. [/home/dfec/ece485/ece485_final_cadet_stage4/pipeline_registers.vhdl:]
WARNING: [filemgmt 56-199] Attempt to get parsing info during refresh. "On-the-fly" syntax checking information may be incorrect. [/home/dfec/ece485/ece485_final_cadet_stage4/riscv_pipeline.vhdl:]
WARNING: [filemgmt 56-199] Attempt to get parsing info during refresh. "On-the-fly" syntax checking information may be incorrect. [/home/dfec/ece485/ece485_final_cadet_stage4/forwarding_unit.vhdl:]
WARNING: [filemgmt 56-199] Attempt to get parsing info during refresh. "On-the-fly" syntax checking information may be incorrect. [/home/dfec/ece485/ece485_final_cadet_stage4/forwarding_unit.vhdl:]
WARNING: [filemgmt 56-199] Attempt to get parsing info during refresh. "On-the-fly" syntax checking information may be incorrect. [/home/dfec/ece485/ece485_final_cadet_stage4/forwarding_unit.vhdl:]
WARNING: [filemgmt 56-199] Attempt to get parsing info during refresh. "On-the-fly" syntax checking information may be incorrect. [/home/dfec/ece485/ece485_final_cadet_stage4/hazard_detection_unit.vhdl:]
WARNING: [filemgmt 56-199] Attempt to get parsing info during refresh. "On-the-fly" syntax checking information may be incorrect. [/home/dfec/ece485/ece485_final_cadet_stage4/pipeline_registers.vhdl:]
WARNING: [filemgmt 56-199] Attempt to get parsing info during refresh. "On-the-fly" syntax checking information may be incorrect. [/home/dfec/ece485/ece485_final_cadet_stage4/riscv_pipeline.vhdl:]
WARNING: [filemgmt 56-199] Attempt to get parsing info during refresh. "On-the-fly" syntax checking information may be incorrect. [/home/dfec/ece485/ece485_final_cadet_stage4/forwarding_unit.vhdl:]
WARNING: [filemgmt 56-199] Attempt to get parsing info during refresh. "On-the-fly" syntax checking information may be incorrect. [/home/dfec/ece485/ece485_final_cadet_stage4/forwarding_unit.vhdl:]
WARNING: [filemgmt 56-199] Attempt to get parsing info during refresh. "On-the-fly" syntax checking information may be incorrect. [/home/dfec/ece485/ece485_final_cadet_stage4/forwarding_unit.vhdl:]
WARNING: [filemgmt 56-199] Attempt to get parsing info during refresh. "On-the-fly" syntax checking information may be incorrect. [/home/dfec/ece485/ece485_final_cadet_stage4/hazard_detection_unit.vhdl:]
WARNING: [filemgmt 56-199] Attempt to get parsing info during refresh. "On-the-fly" syntax checking information may be incorrect. [/home/dfec/ece485/ece485_final_cadet_stage4/pipeline_registers.vhdl:]
WARNING: [filemgmt 56-199] Attempt to get parsing info during refresh. "On-the-fly" syntax checking information may be incorrect. [/home/dfec/ece485/ece485_final_cadet_stage4/riscv_pipeline.vhdl:]
WARNING: [filemgmt 56-199] Attempt to get parsing info during refresh. "On-the-fly" syntax checking information may be incorrect. [/home/dfec/ece485/ece485_final_cadet_stage4/pipeline_registers.vhdl:]
WARNING: [filemgmt 56-199] Attempt to get parsing info during refresh. "On-the-fly" syntax checking information may be incorrect. [/home/dfec/ece485/ece485_final_cadet_stage4/pipeline_registers.vhdl:]
WARNING: [filemgmt 56-199] Attempt to get parsing info during refresh. "On-the-fly" syntax checking information may be incorrect. [/home/dfec/ece485/ece485_final_cadet_stage4/forwarding_unit.vhdl:]
WARNING: [filemgmt 56-199] Attempt to get parsing info during refresh. "On-the-fly" syntax checking information may be incorrect. [/home/dfec/ece485/ece485_final_cadet_stage4/hazard_detection_unit.vhdl:]
WARNING: [filemgmt 56-199] Attempt to get parsing info during refresh. "On-the-fly" syntax checking information may be incorrect. [/home/dfec/ece485/ece485_final_cadet_stage4/pipeline_registers.vhdl:]
WARNING: [filemgmt 56-199] Attempt to get parsing info during refresh. "On-the-fly" syntax checking information may be incorrect. [/home/dfec/ece485/ece485_final_cadet_stage4/riscv_pipeline.vhdl:]
WARNING: [filemgmt 56-199] Attempt to get parsing info during refresh. "On-the-fly" syntax checking information may be incorrect. [/home/dfec/ece485/ece485_final_cadet_stage4/hazard_detection_unit.vhdl:]
WARNING: [filemgmt 56-199] Attempt to get parsing info during refresh. "On-the-fly" syntax checking information may be incorrect. [/home/dfec/ece485/ece485_final_cadet_stage4/hazard_detection_unit.vhdl:]
WARNING: [filemgmt 56-199] Attempt to get parsing info during refresh. "On-the-fly" syntax checking information may be incorrect. [/home/dfec/ece485/ece485_final_cadet_stage4/forwarding_unit.vhdl:]
WARNING: [filemgmt 56-199] Attempt to get parsing info during refresh. "On-the-fly" syntax checking information may be incorrect. [/home/dfec/ece485/ece485_final_cadet_stage4/hazard_detection_unit.vhdl:]
WARNING: [filemgmt 56-199] Attempt to get parsing info during refresh. "On-the-fly" syntax checking information may be incorrect. [/home/dfec/ece485/ece485_final_cadet_stage4/pipeline_registers.vhdl:]
WARNING: [filemgmt 56-199] Attempt to get parsing info during refresh. "On-the-fly" syntax checking information may be incorrect. [/home/dfec/ece485/ece485_final_cadet_stage4/riscv_pipeline.vhdl:]
WARNING: [filemgmt 56-199] Attempt to get parsing info during refresh. "On-the-fly" syntax checking information may be incorrect. [/home/dfec/ece485/ece485_final_cadet_stage4/hazard_detection_unit.vhdl:]
WARNING: [filemgmt 56-199] Attempt to get parsing info during refresh. "On-the-fly" syntax checking information may be incorrect. [/home/dfec/ece485/ece485_final_cadet_stage4/hazard_detection_unit.vhdl:]
WARNING: [filemgmt 56-199] Attempt to get parsing info during refresh. "On-the-fly" syntax checking information may be incorrect. [/home/dfec/ece485/ece485_final_cadet_stage4/forwarding_unit.vhdl:]
WARNING: [filemgmt 56-199] Attempt to get parsing info during refresh. "On-the-fly" syntax checking information may be incorrect. [/home/dfec/ece485/ece485_final_cadet_stage4/hazard_detection_unit.vhdl:]
WARNING: [filemgmt 56-199] Attempt to get parsing info during refresh. "On-the-fly" syntax checking information may be incorrect. [/home/dfec/ece485/ece485_final_cadet_stage4/pipeline_registers.vhdl:]
WARNING: [filemgmt 56-199] Attempt to get parsing info during refresh. "On-the-fly" syntax checking information may be incorrect. [/home/dfec/ece485/ece485_final_cadet_stage4/riscv_pipeline.vhdl:]
WARNING: [filemgmt 56-199] Attempt to get parsing info during refresh. "On-the-fly" syntax checking information may be incorrect. [/home/dfec/ece485/ece485_final_cadet_stage4/forwarding_unit.vhdl:]
WARNING: [filemgmt 56-199] Attempt to get parsing info during refresh. "On-the-fly" syntax checking information may be incorrect. [/home/dfec/ece485/ece485_final_cadet_stage4/forwarding_unit.vhdl:]
WARNING: [filemgmt 56-199] Attempt to get parsing info during refresh. "On-the-fly" syntax checking information may be incorrect. [/home/dfec/ece485/ece485_final_cadet_stage4/forwarding_unit.vhdl:]
WARNING: [filemgmt 56-199] Attempt to get parsing info during refresh. "On-the-fly" syntax checking information may be incorrect. [/home/dfec/ece485/ece485_final_cadet_stage4/hazard_detection_unit.vhdl:]
WARNING: [filemgmt 56-199] Attempt to get parsing info during refresh. "On-the-fly" syntax checking information may be incorrect. [/home/dfec/ece485/ece485_final_cadet_stage4/pipeline_registers.vhdl:]
WARNING: [filemgmt 56-199] Attempt to get parsing info during refresh. "On-the-fly" syntax checking information may be incorrect. [/home/dfec/ece485/ece485_final_cadet_stage4/riscv_pipeline.vhdl:]
WARNING: [filemgmt 56-199] Attempt to get parsing info during refresh. "On-the-fly" syntax checking information may be incorrect. [/home/dfec/ece485/ece485_final_cadet_stage4/riscv_pipeline.vhdl:]
WARNING: [filemgmt 56-199] Attempt to get parsing info during refresh. "On-the-fly" syntax checking information may be incorrect. [/home/dfec/ece485/ece485_final_cadet_stage4/riscv_pipeline.vhdl:]
WARNING: [filemgmt 56-199] Attempt to get parsing info during refresh. "On-the-fly" syntax checking information may be incorrect. [/home/dfec/ece485/ece485_final_cadet_stage4/forwarding_unit.vhdl:]
WARNING: [filemgmt 56-199] Attempt to get parsing info during refresh. "On-the-fly" syntax checking information may be incorrect. [/home/dfec/ece485/ece485_final_cadet_stage4/hazard_detection_unit.vhdl:]
WARNING: [filemgmt 56-199] Attempt to get parsing info during refresh. "On-the-fly" syntax checking information may be incorrect. [/home/dfec/ece485/ece485_final_cadet_stage4/pipeline_registers.vhdl:]
WARNING: [filemgmt 56-199] Attempt to get parsing info during refresh. "On-the-fly" syntax checking information may be incorrect. [/home/dfec/ece485/ece485_final_cadet_stage4/riscv_pipeline.vhdl:]
WARNING: [filemgmt 56-199] Attempt to get parsing info during refresh. "On-the-fly" syntax checking information may be incorrect. [/home/dfec/ece485/ece485_final_cadet_stage4/forwarding_unit.vhdl:]
WARNING: [filemgmt 56-199] Attempt to get parsing info during refresh. "On-the-fly" syntax checking information may be incorrect. [/home/dfec/ece485/ece485_final_cadet_stage4/forwarding_unit.vhdl:]
WARNING: [filemgmt 56-199] Attempt to get parsing info during refresh. "On-the-fly" syntax checking information may be incorrect. [/home/dfec/ece485/ece485_final_cadet_stage4/forwarding_unit.vhdl:]
WARNING: [filemgmt 56-199] Attempt to get parsing info during refresh. "On-the-fly" syntax checking information may be incorrect. [/home/dfec/ece485/ece485_final_cadet_stage4/hazard_detection_unit.vhdl:]
WARNING: [filemgmt 56-199] Attempt to get parsing info during refresh. "On-the-fly" syntax checking information may be incorrect. [/home/dfec/ece485/ece485_final_cadet_stage4/pipeline_registers.vhdl:]
WARNING: [filemgmt 56-199] Attempt to get parsing info during refresh. "On-the-fly" syntax checking information may be incorrect. [/home/dfec/ece485/ece485_final_cadet_stage4/riscv_pipeline.vhdl:]
WARNING: [filemgmt 56-199] Attempt to get parsing info during refresh. "On-the-fly" syntax checking information may be incorrect. [/home/dfec/ece485/ece485_final_cadet_stage4/pipeline_registers.vhdl:]
WARNING: [filemgmt 56-199] Attempt to get parsing info during refresh. "On-the-fly" syntax checking information may be incorrect. [/home/dfec/ece485/ece485_final_cadet_stage4/pipeline_registers.vhdl:]
WARNING: [filemgmt 56-199] Attempt to get parsing info during refresh. "On-the-fly" syntax checking information may be incorrect. [/home/dfec/ece485/ece485_final_cadet_stage4/forwarding_unit.vhdl:]
WARNING: [filemgmt 56-199] Attempt to get parsing info during refresh. "On-the-fly" syntax checking information may be incorrect. [/home/dfec/ece485/ece485_final_cadet_stage4/hazard_detection_unit.vhdl:]
WARNING: [filemgmt 56-199] Attempt to get parsing info during refresh. "On-the-fly" syntax checking information may be incorrect. [/home/dfec/ece485/ece485_final_cadet_stage4/pipeline_registers.vhdl:]
WARNING: [filemgmt 56-199] Attempt to get parsing info during refresh. "On-the-fly" syntax checking information may be incorrect. [/home/dfec/ece485/ece485_final_cadet_stage4/riscv_pipeline.vhdl:]
WARNING: [filemgmt 56-199] Attempt to get parsing info during refresh. "On-the-fly" syntax checking information may be incorrect. [/home/dfec/ece485/ece485_final_cadet_stage4/hazard_detection_unit.vhdl:]
WARNING: [filemgmt 56-199] Attempt to get parsing info during refresh. "On-the-fly" syntax checking information may be incorrect. [/home/dfec/ece485/ece485_final_cadet_stage4/hazard_detection_unit.vhdl:]
WARNING: [filemgmt 56-199] Attempt to get parsing info during refresh. "On-the-fly" syntax checking information may be incorrect. [/home/dfec/ece485/ece485_final_cadet_stage4/forwarding_unit.vhdl:]
WARNING: [filemgmt 56-199] Attempt to get parsing info during refresh. "On-the-fly" syntax checking information may be incorrect. [/home/dfec/ece485/ece485_final_cadet_stage4/hazard_detection_unit.vhdl:]
WARNING: [filemgmt 56-199] Attempt to get parsing info during refresh. "On-the-fly" syntax checking information may be incorrect. [/home/dfec/ece485/ece485_final_cadet_stage4/pipeline_registers.vhdl:]
WARNING: [filemgmt 56-199] Attempt to get parsing info during refresh. "On-the-fly" syntax checking information may be incorrect. [/home/dfec/ece485/ece485_final_cadet_stage4/riscv_pipeline.vhdl:]
WARNING: [filemgmt 56-199] Attempt to get parsing info during refresh. "On-the-fly" syntax checking information may be incorrect. [/home/dfec/ece485/ece485_final_cadet_stage4/forwarding_unit.vhdl:]
WARNING: [filemgmt 56-199] Attempt to get parsing info during refresh. "On-the-fly" syntax checking information may be incorrect. [/home/dfec/ece485/ece485_final_cadet_stage4/forwarding_unit.vhdl:]
WARNING: [filemgmt 56-199] Attempt to get parsing info during refresh. "On-the-fly" syntax checking information may be incorrect. [/home/dfec/ece485/ece485_final_cadet_stage4/forwarding_unit.vhdl:]
WARNING: [filemgmt 56-199] Attempt to get parsing info during refresh. "On-the-fly" syntax checking information may be incorrect. [/home/dfec/ece485/ece485_final_cadet_stage4/hazard_detection_unit.vhdl:]
WARNING: [filemgmt 56-199] Attempt to get parsing info during refresh. "On-the-fly" syntax checking information may be incorrect. [/home/dfec/ece485/ece485_final_cadet_stage4/pipeline_registers.vhdl:]
WARNING: [filemgmt 56-199] Attempt to get parsing info during refresh. "On-the-fly" syntax checking information may be incorrect. [/home/dfec/ece485/ece485_final_cadet_stage4/riscv_pipeline.vhdl:]
WARNING: [filemgmt 56-199] Attempt to get parsing info during refresh. "On-the-fly" syntax checking information may be incorrect. [/home/dfec/ece485/ece485_final_cadet_stage4/pipeline_registers.vhdl:]
WARNING: [filemgmt 56-199] Attempt to get parsing info during refresh. "On-the-fly" syntax checking information may be incorrect. [/home/dfec/ece485/ece485_final_cadet_stage4/pipeline_registers.vhdl:]
WARNING: [filemgmt 56-199] Attempt to get parsing info during refresh. "On-the-fly" syntax checking information may be incorrect. [/home/dfec/ece485/ece485_final_cadet_stage4/forwarding_unit.vhdl:]
WARNING: [filemgmt 56-199] Attempt to get parsing info during refresh. "On-the-fly" syntax checking information may be incorrect. [/home/dfec/ece485/ece485_final_cadet_stage4/hazard_detection_unit.vhdl:]
WARNING: [filemgmt 56-199] Attempt to get parsing info during refresh. "On-the-fly" syntax checking information may be incorrect. [/home/dfec/ece485/ece485_final_cadet_stage4/pipeline_registers.vhdl:]
WARNING: [filemgmt 56-199] Attempt to get parsing info during refresh. "On-the-fly" syntax checking information may be incorrect. [/home/dfec/ece485/ece485_final_cadet_stage4/riscv_pipeline.vhdl:]
WARNING: [filemgmt 56-199] Attempt to get parsing info during refresh. "On-the-fly" syntax checking information may be incorrect. [/home/dfec/ece485/ece485_final_cadet_stage4/hazard_detection_unit.vhdl:]
WARNING: [filemgmt 56-199] Attempt to get parsing info during refresh. "On-the-fly" syntax checking information may be incorrect. [/home/dfec/ece485/ece485_final_cadet_stage4/hazard_detection_unit.vhdl:]
WARNING: [filemgmt 56-199] Attempt to get parsing info during refresh. "On-the-fly" syntax checking information may be incorrect. [/home/dfec/ece485/ece485_final_cadet_stage4/forwarding_unit.vhdl:]
WARNING: [filemgmt 56-199] Attempt to get parsing info during refresh. "On-the-fly" syntax checking information may be incorrect. [/home/dfec/ece485/ece485_final_cadet_stage4/hazard_detection_unit.vhdl:]
WARNING: [filemgmt 56-199] Attempt to get parsing info during refresh. "On-the-fly" syntax checking information may be incorrect. [/home/dfec/ece485/ece485_final_cadet_stage4/pipeline_registers.vhdl:]
WARNING: [filemgmt 56-199] Attempt to get parsing info during refresh. "On-the-fly" syntax checking information may be incorrect. [/home/dfec/ece485/ece485_final_cadet_stage4/riscv_pipeline.vhdl:]
WARNING: [filemgmt 56-199] Attempt to get parsing info during refresh. "On-the-fly" syntax checking information may be incorrect. [/home/dfec/ece485/ece485_final_cadet_stage4/hazard_detection_unit.vhdl:]
WARNING: [filemgmt 56-199] Attempt to get parsing info during refresh. "On-the-fly" syntax checking information may be incorrect. [/home/dfec/ece485/ece485_final_cadet_stage4/hazard_detection_unit.vhdl:]
WARNING: [filemgmt 56-199] Attempt to get parsing info during refresh. "On-the-fly" syntax checking information may be incorrect. [/home/dfec/ece485/ece485_final_cadet_stage4/forwarding_unit.vhdl:]
WARNING: [filemgmt 56-199] Attempt to get parsing info during refresh. "On-the-fly" syntax checking information may be incorrect. [/home/dfec/ece485/ece485_final_cadet_stage4/hazard_detection_unit.vhdl:]
WARNING: [filemgmt 56-199] Attempt to get parsing info during refresh. "On-the-fly" syntax checking information may be incorrect. [/home/dfec/ece485/ece485_final_cadet_stage4/pipeline_registers.vhdl:]
WARNING: [filemgmt 56-199] Attempt to get parsing info during refresh. "On-the-fly" syntax checking information may be incorrect. [/home/dfec/ece485/ece485_final_cadet_stage4/riscv_pipeline.vhdl:]
WARNING: [filemgmt 56-199] Attempt to get parsing info during refresh. "On-the-fly" syntax checking information may be incorrect. [/home/dfec/ece485/ece485_final_cadet_stage4/pipeline_registers.vhdl:]
WARNING: [filemgmt 56-199] Attempt to get parsing info during refresh. "On-the-fly" syntax checking information may be incorrect. [/home/dfec/ece485/ece485_final_cadet_stage4/pipeline_registers.vhdl:]
WARNING: [filemgmt 56-199] Attempt to get parsing info during refresh. "On-the-fly" syntax checking information may be incorrect. [/home/dfec/ece485/ece485_final_cadet_stage4/forwarding_unit.vhdl:]
WARNING: [filemgmt 56-199] Attempt to get parsing info during refresh. "On-the-fly" syntax checking information may be incorrect. [/home/dfec/ece485/ece485_final_cadet_stage4/hazard_detection_unit.vhdl:]
WARNING: [filemgmt 56-199] Attempt to get parsing info during refresh. "On-the-fly" syntax checking information may be incorrect. [/home/dfec/ece485/ece485_final_cadet_stage4/pipeline_registers.vhdl:]
WARNING: [filemgmt 56-199] Attempt to get parsing info during refresh. "On-the-fly" syntax checking information may be incorrect. [/home/dfec/ece485/ece485_final_cadet_stage4/riscv_pipeline.vhdl:]
WARNING: [filemgmt 56-199] Attempt to get parsing info during refresh. "On-the-fly" syntax checking information may be incorrect. [/home/dfec/ece485/ece485_final_cadet_stage4/forwarding_unit.vhdl:]
WARNING: [filemgmt 56-199] Attempt to get parsing info during refresh. "On-the-fly" syntax checking information may be incorrect. [/home/dfec/ece485/ece485_final_cadet_stage4/forwarding_unit.vhdl:]
WARNING: [filemgmt 56-199] Attempt to get parsing info during refresh. "On-the-fly" syntax checking information may be incorrect. [/home/dfec/ece485/ece485_final_cadet_stage4/forwarding_unit.vhdl:]
WARNING: [filemgmt 56-199] Attempt to get parsing info during refresh. "On-the-fly" syntax checking information may be incorrect. [/home/dfec/ece485/ece485_final_cadet_stage4/hazard_detection_unit.vhdl:]
WARNING: [filemgmt 56-199] Attempt to get parsing info during refresh. "On-the-fly" syntax checking information may be incorrect. [/home/dfec/ece485/ece485_final_cadet_stage4/pipeline_registers.vhdl:]
WARNING: [filemgmt 56-199] Attempt to get parsing info during refresh. "On-the-fly" syntax checking information may be incorrect. [/home/dfec/ece485/ece485_final_cadet_stage4/riscv_pipeline.vhdl:]
WARNING: [filemgmt 56-199] Attempt to get parsing info during refresh. "On-the-fly" syntax checking information may be incorrect. [/home/dfec/ece485/ece485_final_cadet_stage4/forwarding_unit.vhdl:]
WARNING: [filemgmt 56-199] Attempt to get parsing info during refresh. "On-the-fly" syntax checking information may be incorrect. [/home/dfec/ece485/ece485_final_cadet_stage4/forwarding_unit.vhdl:]
WARNING: [filemgmt 56-199] Attempt to get parsing info during refresh. "On-the-fly" syntax checking information may be incorrect. [/home/dfec/ece485/ece485_final_cadet_stage4/forwarding_unit.vhdl:]
WARNING: [filemgmt 56-199] Attempt to get parsing info during refresh. "On-the-fly" syntax checking information may be incorrect. [/home/dfec/ece485/ece485_final_cadet_stage4/hazard_detection_unit.vhdl:]
WARNING: [filemgmt 56-199] Attempt to get parsing info during refresh. "On-the-fly" syntax checking information may be incorrect. [/home/dfec/ece485/ece485_final_cadet_stage4/pipeline_registers.vhdl:]
WARNING: [filemgmt 56-199] Attempt to get parsing info during refresh. "On-the-fly" syntax checking information may be incorrect. [/home/dfec/ece485/ece485_final_cadet_stage4/riscv_pipeline.vhdl:]
WARNING: [filemgmt 56-199] Attempt to get parsing info during refresh. "On-the-fly" syntax checking information may be incorrect. [/home/dfec/ece485/ece485_final_cadet_stage4/pipeline_registers.vhdl:]
WARNING: [filemgmt 56-199] Attempt to get parsing info during refresh. "On-the-fly" syntax checking information may be incorrect. [/home/dfec/ece485/ece485_final_cadet_stage4/pipeline_registers.vhdl:]
WARNING: [filemgmt 56-199] Attempt to get parsing info during refresh. "On-the-fly" syntax checking information may be incorrect. [/home/dfec/ece485/ece485_final_cadet_stage4/forwarding_unit.vhdl:]
WARNING: [filemgmt 56-199] Attempt to get parsing info during refresh. "On-the-fly" syntax checking information may be incorrect. [/home/dfec/ece485/ece485_final_cadet_stage4/hazard_detection_unit.vhdl:]
WARNING: [filemgmt 56-199] Attempt to get parsing info during refresh. "On-the-fly" syntax checking information may be incorrect. [/home/dfec/ece485/ece485_final_cadet_stage4/pipeline_registers.vhdl:]
WARNING: [filemgmt 56-199] Attempt to get parsing info during refresh. "On-the-fly" syntax checking information may be incorrect. [/home/dfec/ece485/ece485_final_cadet_stage4/riscv_pipeline.vhdl:]
WARNING: [filemgmt 56-199] Attempt to get parsing info during refresh. "On-the-fly" syntax checking information may be incorrect. [/home/dfec/ece485/ece485_final_cadet_stage4/hazard_detection_unit.vhdl:]
WARNING: [filemgmt 56-199] Attempt to get parsing info during refresh. "On-the-fly" syntax checking information may be incorrect. [/home/dfec/ece485/ece485_final_cadet_stage4/hazard_detection_unit.vhdl:]
WARNING: [filemgmt 56-199] Attempt to get parsing info during refresh. "On-the-fly" syntax checking information may be incorrect. [/home/dfec/ece485/ece485_final_cadet_stage4/forwarding_unit.vhdl:]
WARNING: [filemgmt 56-199] Attempt to get parsing info during refresh. "On-the-fly" syntax checking information may be incorrect. [/home/dfec/ece485/ece485_final_cadet_stage4/hazard_detection_unit.vhdl:]
WARNING: [filemgmt 56-199] Attempt to get parsing info during refresh. "On-the-fly" syntax checking information may be incorrect. [/home/dfec/ece485/ece485_final_cadet_stage4/pipeline_registers.vhdl:]
WARNING: [filemgmt 56-199] Attempt to get parsing info during refresh. "On-the-fly" syntax checking information may be incorrect. [/home/dfec/ece485/ece485_final_cadet_stage4/riscv_pipeline.vhdl:]
WARNING: [filemgmt 56-199] Attempt to get parsing info during refresh. "On-the-fly" syntax checking information may be incorrect. [/home/dfec/ece485/ece485_final_cadet_stage4/forwarding_unit.vhdl:]
WARNING: [filemgmt 56-199] Attempt to get parsing info during refresh. "On-the-fly" syntax checking information may be incorrect. [/home/dfec/ece485/ece485_final_cadet_stage4/forwarding_unit.vhdl:]
WARNING: [filemgmt 56-199] Attempt to get parsing info during refresh. "On-the-fly" syntax checking information may be incorrect. [/home/dfec/ece485/ece485_final_cadet_stage4/forwarding_unit.vhdl:]
WARNING: [filemgmt 56-199] Attempt to get parsing info during refresh. "On-the-fly" syntax checking information may be incorrect. [/home/dfec/ece485/ece485_final_cadet_stage4/hazard_detection_unit.vhdl:]
WARNING: [filemgmt 56-199] Attempt to get parsing info during refresh. "On-the-fly" syntax checking information may be incorrect. [/home/dfec/ece485/ece485_final_cadet_stage4/pipeline_registers.vhdl:]
WARNING: [filemgmt 56-199] Attempt to get parsing info during refresh. "On-the-fly" syntax checking information may be incorrect. [/home/dfec/ece485/ece485_final_cadet_stage4/riscv_pipeline.vhdl:]
WARNING: [filemgmt 56-199] Attempt to get parsing info during refresh. "On-the-fly" syntax checking information may be incorrect. [/home/dfec/ece485/ece485_final_cadet_stage4/pipeline_registers.vhdl:]
WARNING: [filemgmt 56-199] Attempt to get parsing info during refresh. "On-the-fly" syntax checking information may be incorrect. [/home/dfec/ece485/ece485_final_cadet_stage4/pipeline_registers.vhdl:]
WARNING: [filemgmt 56-199] Attempt to get parsing info during refresh. "On-the-fly" syntax checking information may be incorrect. [/home/dfec/ece485/ece485_final_cadet_stage4/forwarding_unit.vhdl:]
WARNING: [filemgmt 56-199] Attempt to get parsing info during refresh. "On-the-fly" syntax checking information may be incorrect. [/home/dfec/ece485/ece485_final_cadet_stage4/hazard_detection_unit.vhdl:]
WARNING: [filemgmt 56-199] Attempt to get parsing info during refresh. "On-the-fly" syntax checking information may be incorrect. [/home/dfec/ece485/ece485_final_cadet_stage4/pipeline_registers.vhdl:]
WARNING: [filemgmt 56-199] Attempt to get parsing info during refresh. "On-the-fly" syntax checking information may be incorrect. [/home/dfec/ece485/ece485_final_cadet_stage4/riscv_pipeline.vhdl:]
WARNING: [filemgmt 56-199] Attempt to get parsing info during refresh. "On-the-fly" syntax checking information may be incorrect. [/home/dfec/ece485/ece485_final_cadet_stage4/hazard_detection_unit.vhdl:]
WARNING: [filemgmt 56-199] Attempt to get parsing info during refresh. "On-the-fly" syntax checking information may be incorrect. [/home/dfec/ece485/ece485_final_cadet_stage4/hazard_detection_unit.vhdl:]
WARNING: [filemgmt 56-199] Attempt to get parsing info during refresh. "On-the-fly" syntax checking information may be incorrect. [/home/dfec/ece485/ece485_final_cadet_stage4/forwarding_unit.vhdl:]
WARNING: [filemgmt 56-199] Attempt to get parsing info during refresh. "On-the-fly" syntax checking information may be incorrect. [/home/dfec/ece485/ece485_final_cadet_stage4/instr_mem.vhdl:]
WARNING: [filemgmt 56-199] Attempt to get parsing info during refresh. "On-the-fly" syntax checking information may be incorrect. [/home/dfec/ece485/ece485_final_cadet_stage4/hazard_detection_unit.vhdl:]
WARNING: [filemgmt 56-199] Attempt to get parsing info during refresh. "On-the-fly" syntax checking information may be incorrect. [/home/dfec/ece485/ece485_final_cadet_stage4/pipeline_registers.vhdl:]
WARNING: [filemgmt 56-199] Attempt to get parsing info during refresh. "On-the-fly" syntax checking information may be incorrect. [/home/dfec/ece485/ece485_final_cadet_stage4/alu_control.vhdl:]
WARNING: [filemgmt 56-199] Attempt to get parsing info during refresh. "On-the-fly" syntax checking information may be incorrect. [/home/dfec/ece485/ece485_final_cadet_stage4/riscv_pipeline.vhdl:]
WARNING: [filemgmt 56-199] Attempt to get parsing info during refresh. "On-the-fly" syntax checking information may be incorrect. [/home/dfec/ece485/ece485_final_cadet_stage4/pipeline_registers.vhdl:]
WARNING: [filemgmt 56-199] Attempt to get parsing info during refresh. "On-the-fly" syntax checking information may be incorrect. [/home/dfec/ece485/ece485_final_cadet_stage4/pipeline_registers.vhdl:]
WARNING: [filemgmt 56-199] Attempt to get parsing info during refresh. "On-the-fly" syntax checking information may be incorrect. [/home/dfec/ece485/ece485_final_cadet_stage4/forwarding_unit.vhdl:]
WARNING: [filemgmt 56-199] Attempt to get parsing info during refresh. "On-the-fly" syntax checking information may be incorrect. [/home/dfec/ece485/ece485_final_cadet_stage4/instr_mem.vhdl:]
WARNING: [filemgmt 56-199] Attempt to get parsing info during refresh. "On-the-fly" syntax checking information may be incorrect. [/home/dfec/ece485/ece485_final_cadet_stage4/hazard_detection_unit.vhdl:]
WARNING: [filemgmt 56-199] Attempt to get parsing info during refresh. "On-the-fly" syntax checking information may be incorrect. [/home/dfec/ece485/ece485_final_cadet_stage4/pipeline_registers.vhdl:]
WARNING: [filemgmt 56-199] Attempt to get parsing info during refresh. "On-the-fly" syntax checking information may be incorrect. [/home/dfec/ece485/ece485_final_cadet_stage4/alu_control.vhdl:]
WARNING: [filemgmt 56-199] Attempt to get parsing info during refresh. "On-the-fly" syntax checking information may be incorrect. [/home/dfec/ece485/ece485_final_cadet_stage4/riscv_pipeline.vhdl:]
WARNING: [filemgmt 56-199] Attempt to get parsing info during refresh. "On-the-fly" syntax checking information may be incorrect. [/home/dfec/ece485/ece485_final_cadet_stage4/hazard_detection_unit.vhdl:]
WARNING: [filemgmt 56-199] Attempt to get parsing info during refresh. "On-the-fly" syntax checking information may be incorrect. [/home/dfec/ece485/ece485_final_cadet_stage4/hazard_detection_unit.vhdl:]
WARNING: [filemgmt 56-199] Attempt to get parsing info during refresh. "On-the-fly" syntax checking information may be incorrect. [/home/dfec/ece485/ece485_final_cadet_stage4/forwarding_unit.vhdl:]
WARNING: [filemgmt 56-199] Attempt to get parsing info during refresh. "On-the-fly" syntax checking information may be incorrect. [/home/dfec/ece485/ece485_final_cadet_stage4/instr_mem.vhdl:]
WARNING: [filemgmt 56-199] Attempt to get parsing info during refresh. "On-the-fly" syntax checking information may be incorrect. [/home/dfec/ece485/ece485_final_cadet_stage4/hazard_detection_unit.vhdl:]
WARNING: [filemgmt 56-199] Attempt to get parsing info during refresh. "On-the-fly" syntax checking information may be incorrect. [/home/dfec/ece485/ece485_final_cadet_stage4/pipeline_registers.vhdl:]
WARNING: [filemgmt 56-199] Attempt to get parsing info during refresh. "On-the-fly" syntax checking information may be incorrect. [/home/dfec/ece485/ece485_final_cadet_stage4/alu_control.vhdl:]
WARNING: [filemgmt 56-199] Attempt to get parsing info during refresh. "On-the-fly" syntax checking information may be incorrect. [/home/dfec/ece485/ece485_final_cadet_stage4/riscv_pipeline.vhdl:]
WARNING: [filemgmt 56-199] Attempt to get parsing info during refresh. "On-the-fly" syntax checking information may be incorrect. [/home/dfec/ece485/ece485_final_cadet_stage4/forwarding_unit.vhdl:]
WARNING: [filemgmt 56-199] Attempt to get parsing info during refresh. "On-the-fly" syntax checking information may be incorrect. [/home/dfec/ece485/ece485_final_cadet_stage4/forwarding_unit.vhdl:]
WARNING: [filemgmt 56-199] Attempt to get parsing info during refresh. "On-the-fly" syntax checking information may be incorrect. [/home/dfec/ece485/ece485_final_cadet_stage4/forwarding_unit.vhdl:]
WARNING: [filemgmt 56-199] Attempt to get parsing info during refresh. "On-the-fly" syntax checking information may be incorrect. [/home/dfec/ece485/ece485_final_cadet_stage4/instr_mem.vhdl:]
WARNING: [filemgmt 56-199] Attempt to get parsing info during refresh. "On-the-fly" syntax checking information may be incorrect. [/home/dfec/ece485/ece485_final_cadet_stage4/hazard_detection_unit.vhdl:]
WARNING: [filemgmt 56-199] Attempt to get parsing info during refresh. "On-the-fly" syntax checking information may be incorrect. [/home/dfec/ece485/ece485_final_cadet_stage4/pipeline_registers.vhdl:]
WARNING: [filemgmt 56-199] Attempt to get parsing info during refresh. "On-the-fly" syntax checking information may be incorrect. [/home/dfec/ece485/ece485_final_cadet_stage4/alu_control.vhdl:]
WARNING: [filemgmt 56-199] Attempt to get parsing info during refresh. "On-the-fly" syntax checking information may be incorrect. [/home/dfec/ece485/ece485_final_cadet_stage4/riscv_pipeline.vhdl:]
WARNING: [filemgmt 56-199] Attempt to get parsing info during refresh. "On-the-fly" syntax checking information may be incorrect. [/home/dfec/ece485/ece485_final_cadet_stage4/instr_mem.vhdl:]
WARNING: [filemgmt 56-199] Attempt to get parsing info during refresh. "On-the-fly" syntax checking information may be incorrect. [/home/dfec/ece485/ece485_final_cadet_stage4/instr_mem.vhdl:]
WARNING: [filemgmt 56-199] Attempt to get parsing info during refresh. "On-the-fly" syntax checking information may be incorrect. [/home/dfec/ece485/ece485_final_cadet_stage4/forwarding_unit.vhdl:]
WARNING: [filemgmt 56-199] Attempt to get parsing info during refresh. "On-the-fly" syntax checking information may be incorrect. [/home/dfec/ece485/ece485_final_cadet_stage4/instr_mem.vhdl:]
WARNING: [filemgmt 56-199] Attempt to get parsing info during refresh. "On-the-fly" syntax checking information may be incorrect. [/home/dfec/ece485/ece485_final_cadet_stage4/hazard_detection_unit.vhdl:]
WARNING: [filemgmt 56-199] Attempt to get parsing info during refresh. "On-the-fly" syntax checking information may be incorrect. [/home/dfec/ece485/ece485_final_cadet_stage4/pipeline_registers.vhdl:]
WARNING: [filemgmt 56-199] Attempt to get parsing info during refresh. "On-the-fly" syntax checking information may be incorrect. [/home/dfec/ece485/ece485_final_cadet_stage4/alu_control.vhdl:]
WARNING: [filemgmt 56-199] Attempt to get parsing info during refresh. "On-the-fly" syntax checking information may be incorrect. [/home/dfec/ece485/ece485_final_cadet_stage4/riscv_pipeline.vhdl:]
WARNING: [filemgmt 56-199] Attempt to get parsing info during refresh. "On-the-fly" syntax checking information may be incorrect. [/home/dfec/ece485/ece485_final_cadet_stage4/riscv_pipeline.vhdl:]
WARNING: [filemgmt 56-199] Attempt to get parsing info during refresh. "On-the-fly" syntax checking information may be incorrect. [/home/dfec/ece485/ece485_final_cadet_stage4/riscv_pipeline.vhdl:]
update_compile_order -fileset sources_1
WARNING: [filemgmt 56-199] Attempt to get parsing info during refresh. "On-the-fly" syntax checking information may be incorrect. [/home/dfec/ece485/ece485_final_cadet_stage4/forwarding_unit.vhdl:]
WARNING: [filemgmt 56-199] Attempt to get parsing info during refresh. "On-the-fly" syntax checking information may be incorrect. [/home/dfec/ece485/ece485_final_cadet_stage4/instr_mem.vhdl:]
WARNING: [filemgmt 56-199] Attempt to get parsing info during refresh. "On-the-fly" syntax checking information may be incorrect. [/home/dfec/ece485/ece485_final_cadet_stage4/hazard_detection_unit.vhdl:]
WARNING: [filemgmt 56-199] Attempt to get parsing info during refresh. "On-the-fly" syntax checking information may be incorrect. [/home/dfec/ece485/ece485_final_cadet_stage4/pipeline_registers.vhdl:]
WARNING: [filemgmt 56-199] Attempt to get parsing info during refresh. "On-the-fly" syntax checking information may be incorrect. [/home/dfec/ece485/ece485_final_cadet_stage4/alu_control.vhdl:]
WARNING: [filemgmt 56-199] Attempt to get parsing info during refresh. "On-the-fly" syntax checking information may be incorrect. [/home/dfec/ece485/ece485_final_cadet_stage4/riscv_pipeline.vhdl:]
WARNING: [filemgmt 56-199] Attempt to get parsing info during refresh. "On-the-fly" syntax checking information may be incorrect. [/home/dfec/ece485/ece485_final_cadet_stage4/riscv_pipeline.vhdl:]
WARNING: [filemgmt 56-199] Attempt to get parsing info during refresh. "On-the-fly" syntax checking information may be incorrect. [/home/dfec/ece485/ece485_final_cadet_stage4/riscv_pipeline.vhdl:]
WARNING: [filemgmt 56-199] Attempt to get parsing info during refresh. "On-the-fly" syntax checking information may be incorrect. [/home/dfec/ece485/ece485_final_cadet_stage4/forwarding_unit.vhdl:]
WARNING: [filemgmt 56-199] Attempt to get parsing info during refresh. "On-the-fly" syntax checking information may be incorrect. [/home/dfec/ece485/ece485_final_cadet_stage4/instr_mem.vhdl:]
WARNING: [filemgmt 56-199] Attempt to get parsing info during refresh. "On-the-fly" syntax checking information may be incorrect. [/home/dfec/ece485/ece485_final_cadet_stage4/hazard_detection_unit.vhdl:]
WARNING: [filemgmt 56-199] Attempt to get parsing info during refresh. "On-the-fly" syntax checking information may be incorrect. [/home/dfec/ece485/ece485_final_cadet_stage4/pipeline_registers.vhdl:]
WARNING: [filemgmt 56-199] Attempt to get parsing info during refresh. "On-the-fly" syntax checking information may be incorrect. [/home/dfec/ece485/ece485_final_cadet_stage4/alu_control.vhdl:]
WARNING: [filemgmt 56-199] Attempt to get parsing info during refresh. "On-the-fly" syntax checking information may be incorrect. [/home/dfec/ece485/ece485_final_cadet_stage4/riscv_pipeline.vhdl:]
WARNING: [filemgmt 56-199] Attempt to get parsing info during refresh. "On-the-fly" syntax checking information may be incorrect. [/home/dfec/ece485/ece485_final_cadet_stage4/hazard_detection_unit.vhdl:]
WARNING: [filemgmt 56-199] Attempt to get parsing info during refresh. "On-the-fly" syntax checking information may be incorrect. [/home/dfec/ece485/ece485_final_cadet_stage4/hazard_detection_unit.vhdl:]
WARNING: [filemgmt 56-199] Attempt to get parsing info during refresh. "On-the-fly" syntax checking information may be incorrect. [/home/dfec/ece485/ece485_final_cadet_stage4/forwarding_unit.vhdl:]
WARNING: [filemgmt 56-199] Attempt to get parsing info during refresh. "On-the-fly" syntax checking information may be incorrect. [/home/dfec/ece485/ece485_final_cadet_stage4/instr_mem.vhdl:]
WARNING: [filemgmt 56-199] Attempt to get parsing info during refresh. "On-the-fly" syntax checking information may be incorrect. [/home/dfec/ece485/ece485_final_cadet_stage4/hazard_detection_unit.vhdl:]
WARNING: [filemgmt 56-199] Attempt to get parsing info during refresh. "On-the-fly" syntax checking information may be incorrect. [/home/dfec/ece485/ece485_final_cadet_stage4/pipeline_registers.vhdl:]
WARNING: [filemgmt 56-199] Attempt to get parsing info during refresh. "On-the-fly" syntax checking information may be incorrect. [/home/dfec/ece485/ece485_final_cadet_stage4/alu_control.vhdl:]
WARNING: [filemgmt 56-199] Attempt to get parsing info during refresh. "On-the-fly" syntax checking information may be incorrect. [/home/dfec/ece485/ece485_final_cadet_stage4/riscv_pipeline.vhdl:]
WARNING: [filemgmt 56-199] Attempt to get parsing info during refresh. "On-the-fly" syntax checking information may be incorrect. [/home/dfec/ece485/ece485_final_cadet_stage4/alu_control.vhdl:]
WARNING: [filemgmt 56-199] Attempt to get parsing info during refresh. "On-the-fly" syntax checking information may be incorrect. [/home/dfec/ece485/ece485_final_cadet_stage4/alu_control.vhdl:]
WARNING: [filemgmt 56-199] Attempt to get parsing info during refresh. "On-the-fly" syntax checking information may be incorrect. [/home/dfec/ece485/ece485_final_cadet_stage4/forwarding_unit.vhdl:]
WARNING: [filemgmt 56-199] Attempt to get parsing info during refresh. "On-the-fly" syntax checking information may be incorrect. [/home/dfec/ece485/ece485_final_cadet_stage4/instr_mem.vhdl:]
WARNING: [filemgmt 56-199] Attempt to get parsing info during refresh. "On-the-fly" syntax checking information may be incorrect. [/home/dfec/ece485/ece485_final_cadet_stage4/hazard_detection_unit.vhdl:]
WARNING: [filemgmt 56-199] Attempt to get parsing info during refresh. "On-the-fly" syntax checking information may be incorrect. [/home/dfec/ece485/ece485_final_cadet_stage4/pipeline_registers.vhdl:]
WARNING: [filemgmt 56-199] Attempt to get parsing info during refresh. "On-the-fly" syntax checking information may be incorrect. [/home/dfec/ece485/ece485_final_cadet_stage4/alu_control.vhdl:]
WARNING: [filemgmt 56-199] Attempt to get parsing info during refresh. "On-the-fly" syntax checking information may be incorrect. [/home/dfec/ece485/ece485_final_cadet_stage4/riscv_pipeline.vhdl:]
WARNING: [filemgmt 56-199] Attempt to get parsing info during refresh. "On-the-fly" syntax checking information may be incorrect. [/home/dfec/ece485/ece485_final_cadet_stage4/instr_mem.vhdl:]
WARNING: [filemgmt 56-199] Attempt to get parsing info during refresh. "On-the-fly" syntax checking information may be incorrect. [/home/dfec/ece485/ece485_final_cadet_stage4/instr_mem.vhdl:]
WARNING: [filemgmt 56-199] Attempt to get parsing info during refresh. "On-the-fly" syntax checking information may be incorrect. [/home/dfec/ece485/ece485_final_cadet_stage4/forwarding_unit.vhdl:]
WARNING: [filemgmt 56-199] Attempt to get parsing info during refresh. "On-the-fly" syntax checking information may be incorrect. [/home/dfec/ece485/ece485_final_cadet_stage4/instr_mem.vhdl:]
WARNING: [filemgmt 56-199] Attempt to get parsing info during refresh. "On-the-fly" syntax checking information may be incorrect. [/home/dfec/ece485/ece485_final_cadet_stage4/hazard_detection_unit.vhdl:]
WARNING: [filemgmt 56-199] Attempt to get parsing info during refresh. "On-the-fly" syntax checking information may be incorrect. [/home/dfec/ece485/ece485_final_cadet_stage4/pipeline_registers.vhdl:]
WARNING: [filemgmt 56-199] Attempt to get parsing info during refresh. "On-the-fly" syntax checking information may be incorrect. [/home/dfec/ece485/ece485_final_cadet_stage4/alu_control.vhdl:]
WARNING: [filemgmt 56-199] Attempt to get parsing info during refresh. "On-the-fly" syntax checking information may be incorrect. [/home/dfec/ece485/ece485_final_cadet_stage4/riscv_pipeline.vhdl:]
WARNING: [filemgmt 56-199] Attempt to get parsing info during refresh. "On-the-fly" syntax checking information may be incorrect. [/home/dfec/ece485/ece485_final_cadet_stage4/pipeline_registers.vhdl:]
WARNING: [filemgmt 56-199] Attempt to get parsing info during refresh. "On-the-fly" syntax checking information may be incorrect. [/home/dfec/ece485/ece485_final_cadet_stage4/pipeline_registers.vhdl:]
WARNING: [filemgmt 56-199] Attempt to get parsing info during refresh. "On-the-fly" syntax checking information may be incorrect. [/home/dfec/ece485/ece485_final_cadet_stage4/forwarding_unit.vhdl:]
WARNING: [filemgmt 56-199] Attempt to get parsing info during refresh. "On-the-fly" syntax checking information may be incorrect. [/home/dfec/ece485/ece485_final_cadet_stage4/instr_mem.vhdl:]
WARNING: [filemgmt 56-199] Attempt to get parsing info during refresh. "On-the-fly" syntax checking information may be incorrect. [/home/dfec/ece485/ece485_final_cadet_stage4/hazard_detection_unit.vhdl:]
WARNING: [filemgmt 56-199] Attempt to get parsing info during refresh. "On-the-fly" syntax checking information may be incorrect. [/home/dfec/ece485/ece485_final_cadet_stage4/pipeline_registers.vhdl:]
WARNING: [filemgmt 56-199] Attempt to get parsing info during refresh. "On-the-fly" syntax checking information may be incorrect. [/home/dfec/ece485/ece485_final_cadet_stage4/alu_control.vhdl:]
WARNING: [filemgmt 56-199] Attempt to get parsing info during refresh. "On-the-fly" syntax checking information may be incorrect. [/home/dfec/ece485/ece485_final_cadet_stage4/riscv_pipeline.vhdl:]
WARNING: [filemgmt 56-199] Attempt to get parsing info during refresh. "On-the-fly" syntax checking information may be incorrect. [/home/dfec/ece485/ece485_final_cadet_stage4/riscv_pipeline.vhdl:]
WARNING: [filemgmt 56-199] Attempt to get parsing info during refresh. "On-the-fly" syntax checking information may be incorrect. [/home/dfec/ece485/ece485_final_cadet_stage4/riscv_pipeline.vhdl:]
WARNING: [filemgmt 56-199] Attempt to get parsing info during refresh. "On-the-fly" syntax checking information may be incorrect. [/home/dfec/ece485/ece485_final_cadet_stage4/forwarding_unit.vhdl:]
WARNING: [filemgmt 56-199] Attempt to get parsing info during refresh. "On-the-fly" syntax checking information may be incorrect. [/home/dfec/ece485/ece485_final_cadet_stage4/instr_mem.vhdl:]
WARNING: [filemgmt 56-199] Attempt to get parsing info during refresh. "On-the-fly" syntax checking information may be incorrect. [/home/dfec/ece485/ece485_final_cadet_stage4/hazard_detection_unit.vhdl:]
WARNING: [filemgmt 56-199] Attempt to get parsing info during refresh. "On-the-fly" syntax checking information may be incorrect. [/home/dfec/ece485/ece485_final_cadet_stage4/pipeline_registers.vhdl:]
WARNING: [filemgmt 56-199] Attempt to get parsing info during refresh. "On-the-fly" syntax checking information may be incorrect. [/home/dfec/ece485/ece485_final_cadet_stage4/alu_control.vhdl:]
WARNING: [filemgmt 56-199] Attempt to get parsing info during refresh. "On-the-fly" syntax checking information may be incorrect. [/home/dfec/ece485/ece485_final_cadet_stage4/riscv_pipeline.vhdl:]
WARNING: [filemgmt 56-199] Attempt to get parsing info during refresh. "On-the-fly" syntax checking information may be incorrect. [/home/dfec/ece485/ece485_final_cadet_stage4/forwarding_unit.vhdl:]
WARNING: [filemgmt 56-199] Attempt to get parsing info during refresh. "On-the-fly" syntax checking information may be incorrect. [/home/dfec/ece485/ece485_final_cadet_stage4/forwarding_unit.vhdl:]
WARNING: [filemgmt 56-199] Attempt to get parsing info during refresh. "On-the-fly" syntax checking information may be incorrect. [/home/dfec/ece485/ece485_final_cadet_stage4/forwarding_unit.vhdl:]
WARNING: [filemgmt 56-199] Attempt to get parsing info during refresh. "On-the-fly" syntax checking information may be incorrect. [/home/dfec/ece485/ece485_final_cadet_stage4/instr_mem.vhdl:]
WARNING: [filemgmt 56-199] Attempt to get parsing info during refresh. "On-the-fly" syntax checking information may be incorrect. [/home/dfec/ece485/ece485_final_cadet_stage4/hazard_detection_unit.vhdl:]
WARNING: [filemgmt 56-199] Attempt to get parsing info during refresh. "On-the-fly" syntax checking information may be incorrect. [/home/dfec/ece485/ece485_final_cadet_stage4/pipeline_registers.vhdl:]
WARNING: [filemgmt 56-199] Attempt to get parsing info during refresh. "On-the-fly" syntax checking information may be incorrect. [/home/dfec/ece485/ece485_final_cadet_stage4/alu_control.vhdl:]
WARNING: [filemgmt 56-199] Attempt to get parsing info during refresh. "On-the-fly" syntax checking information may be incorrect. [/home/dfec/ece485/ece485_final_cadet_stage4/riscv_pipeline.vhdl:]
WARNING: [filemgmt 56-199] Attempt to get parsing info during refresh. "On-the-fly" syntax checking information may be incorrect. [/home/dfec/ece485/ece485_final_cadet_stage4/alu_control.vhdl:]
WARNING: [filemgmt 56-199] Attempt to get parsing info during refresh. "On-the-fly" syntax checking information may be incorrect. [/home/dfec/ece485/ece485_final_cadet_stage4/alu_control.vhdl:]
WARNING: [filemgmt 56-199] Attempt to get parsing info during refresh. "On-the-fly" syntax checking information may be incorrect. [/home/dfec/ece485/ece485_final_cadet_stage4/forwarding_unit.vhdl:]
WARNING: [filemgmt 56-199] Attempt to get parsing info during refresh. "On-the-fly" syntax checking information may be incorrect. [/home/dfec/ece485/ece485_final_cadet_stage4/instr_mem.vhdl:]
WARNING: [filemgmt 56-199] Attempt to get parsing info during refresh. "On-the-fly" syntax checking information may be incorrect. [/home/dfec/ece485/ece485_final_cadet_stage4/hazard_detection_unit.vhdl:]
WARNING: [filemgmt 56-199] Attempt to get parsing info during refresh. "On-the-fly" syntax checking information may be incorrect. [/home/dfec/ece485/ece485_final_cadet_stage4/pipeline_registers.vhdl:]
WARNING: [filemgmt 56-199] Attempt to get parsing info during refresh. "On-the-fly" syntax checking information may be incorrect. [/home/dfec/ece485/ece485_final_cadet_stage4/alu_control.vhdl:]
WARNING: [filemgmt 56-199] Attempt to get parsing info during refresh. "On-the-fly" syntax checking information may be incorrect. [/home/dfec/ece485/ece485_final_cadet_stage4/riscv_pipeline.vhdl:]
WARNING: [filemgmt 56-199] Attempt to get parsing info during refresh. "On-the-fly" syntax checking information may be incorrect. [/home/dfec/ece485/ece485_final_cadet_stage4/instr_mem.vhdl:]
WARNING: [filemgmt 56-199] Attempt to get parsing info during refresh. "On-the-fly" syntax checking information may be incorrect. [/home/dfec/ece485/ece485_final_cadet_stage4/instr_mem.vhdl:]
WARNING: [filemgmt 56-199] Attempt to get parsing info during refresh. "On-the-fly" syntax checking information may be incorrect. [/home/dfec/ece485/ece485_final_cadet_stage4/forwarding_unit.vhdl:]
WARNING: [filemgmt 56-199] Attempt to get parsing info during refresh. "On-the-fly" syntax checking information may be incorrect. [/home/dfec/ece485/ece485_final_cadet_stage4/instr_mem.vhdl:]
WARNING: [filemgmt 56-199] Attempt to get parsing info during refresh. "On-the-fly" syntax checking information may be incorrect. [/home/dfec/ece485/ece485_final_cadet_stage4/hazard_detection_unit.vhdl:]
WARNING: [filemgmt 56-199] Attempt to get parsing info during refresh. "On-the-fly" syntax checking information may be incorrect. [/home/dfec/ece485/ece485_final_cadet_stage4/pipeline_registers.vhdl:]
WARNING: [filemgmt 56-199] Attempt to get parsing info during refresh. "On-the-fly" syntax checking information may be incorrect. [/home/dfec/ece485/ece485_final_cadet_stage4/alu_control.vhdl:]
WARNING: [filemgmt 56-199] Attempt to get parsing info during refresh. "On-the-fly" syntax checking information may be incorrect. [/home/dfec/ece485/ece485_final_cadet_stage4/riscv_pipeline.vhdl:]
WARNING: [filemgmt 56-199] Attempt to get parsing info during refresh. "On-the-fly" syntax checking information may be incorrect. [/home/dfec/ece485/ece485_final_cadet_stage4/pipeline_registers.vhdl:]
WARNING: [filemgmt 56-199] Attempt to get parsing info during refresh. "On-the-fly" syntax checking information may be incorrect. [/home/dfec/ece485/ece485_final_cadet_stage4/pipeline_registers.vhdl:]
launch_simulation
Command: launch_simulation 
INFO: [Vivado 12-25911] Executing simulation for 'XSim' simulator
INFO: [Project 1-5737] Running on host jupiter (64) - Ubuntu 24.04.2 LTS
INFO: [Vivado 12-28535] Process started - Thu May  7 22:05:43 2026

INFO: [Vivado 12-12493] Simulation top is 'tb_riscv_pipeline'
INFO: [Vivado 12-5682] Launching behavioral simulation in '/home/dfec/ece485/ece485_final_cadet_stage4/ece485_final_cadet_stage4.sim/sim_1/behav/xsim'
INFO: [SIM-utils-51] Simulation object is 'sim_1'
INFO: [SIM-utils-72] Using boost library from '/opt/Xilinx/2025.2/tps/boost_1_72_0'
INFO: [SIM-utils-54] Inspecting design source files for 'tb_riscv_pipeline' in fileset 'sim_1'...
INFO: [USF-XSim-97] Finding global include files...
INFO: [USF-XSim-98] Fetching design files from 'sim_1'...
INFO: [USF-XSim-2] XSim::Compile design
INFO: [USF-XSim-61] Executing 'COMPILE and ANALYZE' step in '/home/dfec/ece485/ece485_final_cadet_stage4/ece485_final_cadet_stage4.sim/sim_1/behav/xsim'
xvhdl --incr --relax -prj tb_riscv_pipeline_vhdl.prj
INFO: [VRFC 10-163] Analyzing VHDL file "/home/dfec/ece485/ece485_final_cadet_stage4/alu.vhdl" into library xil_defaultlib
INFO: [VRFC 10-3107] analyzing entity 'alu'
INFO: [VRFC 10-163] Analyzing VHDL file "/home/dfec/ece485/ece485_final_cadet_stage4/alu_control.vhdl" into library xil_defaultlib
INFO: [VRFC 10-3107] analyzing entity 'alu_control'
INFO: [VRFC 10-163] Analyzing VHDL file "/home/dfec/ece485/ece485_final_cadet_stage4/control_unit.vhdl" into library xil_defaultlib
INFO: [VRFC 10-3107] analyzing entity 'control_unit'
INFO: [VRFC 10-163] Analyzing VHDL file "/home/dfec/ece485/ece485_final_cadet_stage4/data_mem.vhdl" into library xil_defaultlib
INFO: [VRFC 10-3107] analyzing entity 'data_mem'
INFO: [VRFC 10-163] Analyzing VHDL file "/home/dfec/ece485/ece485_final_cadet_stage4/forwarding_unit.vhdl" into library xil_defaultlib
INFO: [VRFC 10-3107] analyzing entity 'forwarding_unit'
INFO: [VRFC 10-163] Analyzing VHDL file "/home/dfec/ece485/ece485_final_cadet_stage4/hazard_detection_unit.vhdl" into library xil_defaultlib
INFO: [VRFC 10-3107] analyzing entity 'hazard_detection_unit'
ERROR: [VRFC 10-8825] cannot update object 'if_id_instr' of mode 'in' [/home/dfec/ece485/ece485_final_cadet_stage4/hazard_detection_unit.vhdl:30]
ERROR: [VRFC 10-9458] unit 'behavioral' is ignored due to previous errors [/home/dfec/ece485/ece485_final_cadet_stage4/hazard_detection_unit.vhdl:23]
INFO: [VRFC 10-8704] VHDL file '/home/dfec/ece485/ece485_final_cadet_stage4/hazard_detection_unit.vhdl' is ignored due to errors
INFO: [USF-XSim-69] 'compile' step finished in '2' seconds
INFO: [USF-XSim-99] Step results log file:'/home/dfec/ece485/ece485_final_cadet_stage4/ece485_final_cadet_stage4.sim/sim_1/behav/xsim/xvhdl.log'
ERROR: [USF-XSim-62] 'compile' step failed with error(s). Please check the Tcl console output or '/home/dfec/ece485/ece485_final_cadet_stage4/ece485_final_cadet_stage4.sim/sim_1/behav/xsim/xvhdl.log' file for more information.
ERROR: [Vivado 12-4473] Detected error while running simulation. Please correct the issue and retry this operation.
ERROR: [Common 17-39] 'launch_simulation' failed due to earlier errors.
WARNING: [filemgmt 56-199] Attempt to get parsing info during refresh. "On-the-fly" syntax checking information may be incorrect. [/home/dfec/ece485/ece485_final_cadet_stage4/forwarding_unit.vhdl:]
WARNING: [filemgmt 56-199] Attempt to get parsing info during refresh. "On-the-fly" syntax checking information may be incorrect. [/home/dfec/ece485/ece485_final_cadet_stage4/instr_mem.vhdl:]
WARNING: [filemgmt 56-199] Attempt to get parsing info during refresh. "On-the-fly" syntax checking information may be incorrect. [/home/dfec/ece485/ece485_final_cadet_stage4/hazard_detection_unit.vhdl:]
WARNING: [filemgmt 56-199] Attempt to get parsing info during refresh. "On-the-fly" syntax checking information may be incorrect. [/home/dfec/ece485/ece485_final_cadet_stage4/pipeline_registers.vhdl:]
WARNING: [filemgmt 56-199] Attempt to get parsing info during refresh. "On-the-fly" syntax checking information may be incorrect. [/home/dfec/ece485/ece485_final_cadet_stage4/alu_control.vhdl:]
WARNING: [filemgmt 56-199] Attempt to get parsing info during refresh. "On-the-fly" syntax checking information may be incorrect. [/home/dfec/ece485/ece485_final_cadet_stage4/riscv_pipeline.vhdl:]
WARNING: [filemgmt 56-199] Attempt to get parsing info during refresh. "On-the-fly" syntax checking information may be incorrect. [/home/dfec/ece485/ece485_final_cadet_stage4/hazard_detection_unit.vhdl:]
WARNING: [filemgmt 56-199] Attempt to get parsing info during refresh. "On-the-fly" syntax checking information may be incorrect. [/home/dfec/ece485/ece485_final_cadet_stage4/hazard_detection_unit.vhdl:]
WARNING: [filemgmt 56-199] Attempt to get parsing info during refresh. "On-the-fly" syntax checking information may be incorrect. [/home/dfec/ece485/ece485_final_cadet_stage4/forwarding_unit.vhdl:]
WARNING: [filemgmt 56-199] Attempt to get parsing info during refresh. "On-the-fly" syntax checking information may be incorrect. [/home/dfec/ece485/ece485_final_cadet_stage4/instr_mem.vhdl:]
WARNING: [filemgmt 56-199] Attempt to get parsing info during refresh. "On-the-fly" syntax checking information may be incorrect. [/home/dfec/ece485/ece485_final_cadet_stage4/hazard_detection_unit.vhdl:]
WARNING: [filemgmt 56-199] Attempt to get parsing info during refresh. "On-the-fly" syntax checking information may be incorrect. [/home/dfec/ece485/ece485_final_cadet_stage4/pipeline_registers.vhdl:]
WARNING: [filemgmt 56-199] Attempt to get parsing info during refresh. "On-the-fly" syntax checking information may be incorrect. [/home/dfec/ece485/ece485_final_cadet_stage4/alu_control.vhdl:]
WARNING: [filemgmt 56-199] Attempt to get parsing info during refresh. "On-the-fly" syntax checking information may be incorrect. [/home/dfec/ece485/ece485_final_cadet_stage4/riscv_pipeline.vhdl:]
WARNING: [filemgmt 56-199] Attempt to get parsing info during refresh. "On-the-fly" syntax checking information may be incorrect. [/home/dfec/ece485/ece485_final_cadet_stage4/riscv_pipeline.vhdl:]
WARNING: [filemgmt 56-199] Attempt to get parsing info during refresh. "On-the-fly" syntax checking information may be incorrect. [/home/dfec/ece485/ece485_final_cadet_stage4/riscv_pipeline.vhdl:]
WARNING: [filemgmt 56-199] Attempt to get parsing info during refresh. "On-the-fly" syntax checking information may be incorrect. [/home/dfec/ece485/ece485_final_cadet_stage4/forwarding_unit.vhdl:]
WARNING: [filemgmt 56-199] Attempt to get parsing info during refresh. "On-the-fly" syntax checking information may be incorrect. [/home/dfec/ece485/ece485_final_cadet_stage4/instr_mem.vhdl:]
WARNING: [filemgmt 56-199] Attempt to get parsing info during refresh. "On-the-fly" syntax checking information may be incorrect. [/home/dfec/ece485/ece485_final_cadet_stage4/hazard_detection_unit.vhdl:]
WARNING: [filemgmt 56-199] Attempt to get parsing info during refresh. "On-the-fly" syntax checking information may be incorrect. [/home/dfec/ece485/ece485_final_cadet_stage4/pipeline_registers.vhdl:]
WARNING: [filemgmt 56-199] Attempt to get parsing info during refresh. "On-the-fly" syntax checking information may be incorrect. [/home/dfec/ece485/ece485_final_cadet_stage4/alu_control.vhdl:]
WARNING: [filemgmt 56-199] Attempt to get parsing info during refresh. "On-the-fly" syntax checking information may be incorrect. [/home/dfec/ece485/ece485_final_cadet_stage4/riscv_pipeline.vhdl:]
WARNING: [filemgmt 56-199] Attempt to get parsing info during refresh. "On-the-fly" syntax checking information may be incorrect. [/home/dfec/ece485/ece485_final_cadet_stage4/instr_mem.vhdl:]
WARNING: [filemgmt 56-199] Attempt to get parsing info during refresh. "On-the-fly" syntax checking information may be incorrect. [/home/dfec/ece485/ece485_final_cadet_stage4/instr_mem.vhdl:]
WARNING: [filemgmt 56-199] Attempt to get parsing info during refresh. "On-the-fly" syntax checking information may be incorrect. [/home/dfec/ece485/ece485_final_cadet_stage4/forwarding_unit.vhdl:]
WARNING: [filemgmt 56-199] Attempt to get parsing info during refresh. "On-the-fly" syntax checking information may be incorrect. [/home/dfec/ece485/ece485_final_cadet_stage4/instr_mem.vhdl:]
WARNING: [filemgmt 56-199] Attempt to get parsing info during refresh. "On-the-fly" syntax checking information may be incorrect. [/home/dfec/ece485/ece485_final_cadet_stage4/hazard_detection_unit.vhdl:]
WARNING: [filemgmt 56-199] Attempt to get parsing info during refresh. "On-the-fly" syntax checking information may be incorrect. [/home/dfec/ece485/ece485_final_cadet_stage4/pipeline_registers.vhdl:]
WARNING: [filemgmt 56-199] Attempt to get parsing info during refresh. "On-the-fly" syntax checking information may be incorrect. [/home/dfec/ece485/ece485_final_cadet_stage4/alu_control.vhdl:]
WARNING: [filemgmt 56-199] Attempt to get parsing info during refresh. "On-the-fly" syntax checking information may be incorrect. [/home/dfec/ece485/ece485_final_cadet_stage4/riscv_pipeline.vhdl:]
WARNING: [filemgmt 56-199] Attempt to get parsing info during refresh. "On-the-fly" syntax checking information may be incorrect. [/home/dfec/ece485/ece485_final_cadet_stage4/alu_control.vhdl:]
WARNING: [filemgmt 56-199] Attempt to get parsing info during refresh. "On-the-fly" syntax checking information may be incorrect. [/home/dfec/ece485/ece485_final_cadet_stage4/alu_control.vhdl:]
WARNING: [filemgmt 56-199] Attempt to get parsing info during refresh. "On-the-fly" syntax checking information may be incorrect. [/home/dfec/ece485/ece485_final_cadet_stage4/forwarding_unit.vhdl:]
WARNING: [filemgmt 56-199] Attempt to get parsing info during refresh. "On-the-fly" syntax checking information may be incorrect. [/home/dfec/ece485/ece485_final_cadet_stage4/instr_mem.vhdl:]
WARNING: [filemgmt 56-199] Attempt to get parsing info during refresh. "On-the-fly" syntax checking information may be incorrect. [/home/dfec/ece485/ece485_final_cadet_stage4/hazard_detection_unit.vhdl:]
WARNING: [filemgmt 56-199] Attempt to get parsing info during refresh. "On-the-fly" syntax checking information may be incorrect. [/home/dfec/ece485/ece485_final_cadet_stage4/pipeline_registers.vhdl:]
WARNING: [filemgmt 56-199] Attempt to get parsing info during refresh. "On-the-fly" syntax checking information may be incorrect. [/home/dfec/ece485/ece485_final_cadet_stage4/alu_control.vhdl:]
WARNING: [filemgmt 56-199] Attempt to get parsing info during refresh. "On-the-fly" syntax checking information may be incorrect. [/home/dfec/ece485/ece485_final_cadet_stage4/riscv_pipeline.vhdl:]
WARNING: [filemgmt 56-199] Attempt to get parsing info during refresh. "On-the-fly" syntax checking information may be incorrect. [/home/dfec/ece485/ece485_final_cadet_stage4/pipeline_registers.vhdl:]
WARNING: [filemgmt 56-199] Attempt to get parsing info during refresh. "On-the-fly" syntax checking information may be incorrect. [/home/dfec/ece485/ece485_final_cadet_stage4/pipeline_registers.vhdl:]
launch_simulation
Command: launch_simulation 
INFO: [Vivado 12-25911] Executing simulation for 'XSim' simulator
INFO: [Project 1-5737] Running on host jupiter (64) - Ubuntu 24.04.2 LTS
INFO: [Vivado 12-28535] Process started - Thu May  7 22:22:13 2026

INFO: [Vivado 12-12493] Simulation top is 'tb_riscv_pipeline'
INFO: [Vivado 12-5682] Launching behavioral simulation in '/home/dfec/ece485/ece485_final_cadet_stage4/ece485_final_cadet_stage4.sim/sim_1/behav/xsim'
INFO: [SIM-utils-51] Simulation object is 'sim_1'
INFO: [SIM-utils-72] Using boost library from '/opt/Xilinx/2025.2/tps/boost_1_72_0'
INFO: [SIM-utils-54] Inspecting design source files for 'tb_riscv_pipeline' in fileset 'sim_1'...
INFO: [USF-XSim-97] Finding global include files...
INFO: [USF-XSim-98] Fetching design files from 'sim_1'...
INFO: [USF-XSim-2] XSim::Compile design
INFO: [USF-XSim-61] Executing 'COMPILE and ANALYZE' step in '/home/dfec/ece485/ece485_final_cadet_stage4/ece485_final_cadet_stage4.sim/sim_1/behav/xsim'
xvhdl --incr --relax -prj tb_riscv_pipeline_vhdl.prj
INFO: [VRFC 10-163] Analyzing VHDL file "/home/dfec/ece485/ece485_final_cadet_stage4/alu.vhdl" into library xil_defaultlib
INFO: [VRFC 10-3107] analyzing entity 'alu'
INFO: [VRFC 10-163] Analyzing VHDL file "/home/dfec/ece485/ece485_final_cadet_stage4/alu_control.vhdl" into library xil_defaultlib
INFO: [VRFC 10-3107] analyzing entity 'alu_control'
INFO: [VRFC 10-163] Analyzing VHDL file "/home/dfec/ece485/ece485_final_cadet_stage4/control_unit.vhdl" into library xil_defaultlib
INFO: [VRFC 10-3107] analyzing entity 'control_unit'
INFO: [VRFC 10-163] Analyzing VHDL file "/home/dfec/ece485/ece485_final_cadet_stage4/data_mem.vhdl" into library xil_defaultlib
INFO: [VRFC 10-3107] analyzing entity 'data_mem'
INFO: [VRFC 10-163] Analyzing VHDL file "/home/dfec/ece485/ece485_final_cadet_stage4/forwarding_unit.vhdl" into library xil_defaultlib
INFO: [VRFC 10-3107] analyzing entity 'forwarding_unit'
INFO: [VRFC 10-163] Analyzing VHDL file "/home/dfec/ece485/ece485_final_cadet_stage4/hazard_detection_unit.vhdl" into library xil_defaultlib
INFO: [VRFC 10-3107] analyzing entity 'hazard_detection_unit'
INFO: [VRFC 10-163] Analyzing VHDL file "/home/dfec/ece485/ece485_final_cadet_stage4/immediate_generator.vhdl" into library xil_defaultlib
INFO: [VRFC 10-3107] analyzing entity 'immediate_generator'
INFO: [VRFC 10-163] Analyzing VHDL file "/home/dfec/ece485/ece485_final_cadet_stage4/instr_mem.vhdl" into library xil_defaultlib
INFO: [VRFC 10-3107] analyzing entity 'instr_mem'
INFO: [VRFC 10-163] Analyzing VHDL file "/home/dfec/ece485/ece485_final_cadet_stage4/pc.vhdl" into library xil_defaultlib
INFO: [VRFC 10-3107] analyzing entity 'pc_live'
INFO: [VRFC 10-163] Analyzing VHDL file "/home/dfec/ece485/ece485_final_cadet_stage4/pipeline_registers.vhdl" into library xil_defaultlib
INFO: [VRFC 10-3107] analyzing entity 'pipeline_registers'
ERROR: [VRFC 10-9608] semicolon after last interface declaration is only supported in VHDL 1076-2019 [/home/dfec/ece485/ece485_final_cadet_stage4/pipeline_registers.vhdl:8]
ERROR: [VRFC 10-9458] unit 'pipeline_registers' is ignored due to previous errors [/home/dfec/ece485/ece485_final_cadet_stage4/pipeline_registers.vhdl:6]
INFO: [VRFC 10-8704] VHDL file '/home/dfec/ece485/ece485_final_cadet_stage4/pipeline_registers.vhdl' is ignored due to errors
INFO: [USF-XSim-69] 'compile' step finished in '1' seconds
INFO: [USF-XSim-99] Step results log file:'/home/dfec/ece485/ece485_final_cadet_stage4/ece485_final_cadet_stage4.sim/sim_1/behav/xsim/xvhdl.log'
ERROR: [USF-XSim-62] 'compile' step failed with error(s). Please check the Tcl console output or '/home/dfec/ece485/ece485_final_cadet_stage4/ece485_final_cadet_stage4.sim/sim_1/behav/xsim/xvhdl.log' file for more information.
ERROR: [Vivado 12-4473] Detected error while running simulation. Please correct the issue and retry this operation.
ERROR: [Common 17-39] 'launch_simulation' failed due to earlier errors.
WARNING: [filemgmt 56-199] Attempt to get parsing info during refresh. "On-the-fly" syntax checking information may be incorrect. [/home/dfec/ece485/ece485_final_cadet_stage4/forwarding_unit.vhdl:]
WARNING: [filemgmt 56-199] Attempt to get parsing info during refresh. "On-the-fly" syntax checking information may be incorrect. [/home/dfec/ece485/ece485_final_cadet_stage4/instr_mem.vhdl:]
WARNING: [filemgmt 56-199] Attempt to get parsing info during refresh. "On-the-fly" syntax checking information may be incorrect. [/home/dfec/ece485/ece485_final_cadet_stage4/hazard_detection_unit.vhdl:]
WARNING: [filemgmt 56-199] Attempt to get parsing info during refresh. "On-the-fly" syntax checking information may be incorrect. [/home/dfec/ece485/ece485_final_cadet_stage4/pipeline_registers.vhdl:]
WARNING: [filemgmt 56-199] Attempt to get parsing info during refresh. "On-the-fly" syntax checking information may be incorrect. [/home/dfec/ece485/ece485_final_cadet_stage4/alu_control.vhdl:]
WARNING: [filemgmt 56-199] Attempt to get parsing info during refresh. "On-the-fly" syntax checking information may be incorrect. [/home/dfec/ece485/ece485_final_cadet_stage4/riscv_pipeline.vhdl:]
WARNING: [filemgmt 56-199] Attempt to get parsing info during refresh. "On-the-fly" syntax checking information may be incorrect. [/home/dfec/ece485/ece485_final_cadet_stage4/pipeline_registers.vhdl:]
WARNING: [filemgmt 56-199] Attempt to get parsing info during refresh. "On-the-fly" syntax checking information may be incorrect. [/home/dfec/ece485/ece485_final_cadet_stage4/pipeline_registers.vhdl:]
WARNING: [filemgmt 56-199] Attempt to get parsing info during refresh. "On-the-fly" syntax checking information may be incorrect. [/home/dfec/ece485/ece485_final_cadet_stage4/forwarding_unit.vhdl:]
WARNING: [filemgmt 56-199] Attempt to get parsing info during refresh. "On-the-fly" syntax checking information may be incorrect. [/home/dfec/ece485/ece485_final_cadet_stage4/instr_mem.vhdl:]
WARNING: [filemgmt 56-199] Attempt to get parsing info during refresh. "On-the-fly" syntax checking information may be incorrect. [/home/dfec/ece485/ece485_final_cadet_stage4/hazard_detection_unit.vhdl:]
WARNING: [filemgmt 56-199] Attempt to get parsing info during refresh. "On-the-fly" syntax checking information may be incorrect. [/home/dfec/ece485/ece485_final_cadet_stage4/pipeline_registers.vhdl:]
WARNING: [filemgmt 56-199] Attempt to get parsing info during refresh. "On-the-fly" syntax checking information may be incorrect. [/home/dfec/ece485/ece485_final_cadet_stage4/alu_control.vhdl:]
WARNING: [filemgmt 56-199] Attempt to get parsing info during refresh. "On-the-fly" syntax checking information may be incorrect. [/home/dfec/ece485/ece485_final_cadet_stage4/riscv_pipeline.vhdl:]
WARNING: [filemgmt 56-199] Attempt to get parsing info during refresh. "On-the-fly" syntax checking information may be incorrect. [/home/dfec/ece485/ece485_final_cadet_stage4/forwarding_unit.vhdl:]
WARNING: [filemgmt 56-199] Attempt to get parsing info during refresh. "On-the-fly" syntax checking information may be incorrect. [/home/dfec/ece485/ece485_final_cadet_stage4/forwarding_unit.vhdl:]
WARNING: [filemgmt 56-199] Attempt to get parsing info during refresh. "On-the-fly" syntax checking information may be incorrect. [/home/dfec/ece485/ece485_final_cadet_stage4/forwarding_unit.vhdl:]
WARNING: [filemgmt 56-199] Attempt to get parsing info during refresh. "On-the-fly" syntax checking information may be incorrect. [/home/dfec/ece485/ece485_final_cadet_stage4/instr_mem.vhdl:]
WARNING: [filemgmt 56-199] Attempt to get parsing info during refresh. "On-the-fly" syntax checking information may be incorrect. [/home/dfec/ece485/ece485_final_cadet_stage4/hazard_detection_unit.vhdl:]
WARNING: [filemgmt 56-199] Attempt to get parsing info during refresh. "On-the-fly" syntax checking information may be incorrect. [/home/dfec/ece485/ece485_final_cadet_stage4/pipeline_registers.vhdl:]
WARNING: [filemgmt 56-199] Attempt to get parsing info during refresh. "On-the-fly" syntax checking information may be incorrect. [/home/dfec/ece485/ece485_final_cadet_stage4/alu_control.vhdl:]
WARNING: [filemgmt 56-199] Attempt to get parsing info during refresh. "On-the-fly" syntax checking information may be incorrect. [/home/dfec/ece485/ece485_final_cadet_stage4/riscv_pipeline.vhdl:]
WARNING: [filemgmt 56-199] Attempt to get parsing info during refresh. "On-the-fly" syntax checking information may be incorrect. [/home/dfec/ece485/ece485_final_cadet_stage4/hazard_detection_unit.vhdl:]
WARNING: [filemgmt 56-199] Attempt to get parsing info during refresh. "On-the-fly" syntax checking information may be incorrect. [/home/dfec/ece485/ece485_final_cadet_stage4/hazard_detection_unit.vhdl:]
WARNING: [filemgmt 56-199] Attempt to get parsing info during refresh. "On-the-fly" syntax checking information may be incorrect. [/home/dfec/ece485/ece485_final_cadet_stage4/forwarding_unit.vhdl:]
WARNING: [filemgmt 56-199] Attempt to get parsing info during refresh. "On-the-fly" syntax checking information may be incorrect. [/home/dfec/ece485/ece485_final_cadet_stage4/instr_mem.vhdl:]
WARNING: [filemgmt 56-199] Attempt to get parsing info during refresh. "On-the-fly" syntax checking information may be incorrect. [/home/dfec/ece485/ece485_final_cadet_stage4/hazard_detection_unit.vhdl:]
WARNING: [filemgmt 56-199] Attempt to get parsing info during refresh. "On-the-fly" syntax checking information may be incorrect. [/home/dfec/ece485/ece485_final_cadet_stage4/pipeline_registers.vhdl:]
WARNING: [filemgmt 56-199] Attempt to get parsing info during refresh. "On-the-fly" syntax checking information may be incorrect. [/home/dfec/ece485/ece485_final_cadet_stage4/alu_control.vhdl:]
WARNING: [filemgmt 56-199] Attempt to get parsing info during refresh. "On-the-fly" syntax checking information may be incorrect. [/home/dfec/ece485/ece485_final_cadet_stage4/riscv_pipeline.vhdl:]
WARNING: [filemgmt 56-199] Attempt to get parsing info during refresh. "On-the-fly" syntax checking information may be incorrect. [/home/dfec/ece485/ece485_final_cadet_stage4/alu_control.vhdl:]
WARNING: [filemgmt 56-199] Attempt to get parsing info during refresh. "On-the-fly" syntax checking information may be incorrect. [/home/dfec/ece485/ece485_final_cadet_stage4/alu_control.vhdl:]
WARNING: [filemgmt 56-199] Attempt to get parsing info during refresh. "On-the-fly" syntax checking information may be incorrect. [/home/dfec/ece485/ece485_final_cadet_stage4/forwarding_unit.vhdl:]
WARNING: [filemgmt 56-199] Attempt to get parsing info during refresh. "On-the-fly" syntax checking information may be incorrect. [/home/dfec/ece485/ece485_final_cadet_stage4/instr_mem.vhdl:]
WARNING: [filemgmt 56-199] Attempt to get parsing info during refresh. "On-the-fly" syntax checking information may be incorrect. [/home/dfec/ece485/ece485_final_cadet_stage4/hazard_detection_unit.vhdl:]
WARNING: [filemgmt 56-199] Attempt to get parsing info during refresh. "On-the-fly" syntax checking information may be incorrect. [/home/dfec/ece485/ece485_final_cadet_stage4/pipeline_registers.vhdl:]
WARNING: [filemgmt 56-199] Attempt to get parsing info during refresh. "On-the-fly" syntax checking information may be incorrect. [/home/dfec/ece485/ece485_final_cadet_stage4/alu_control.vhdl:]
WARNING: [filemgmt 56-199] Attempt to get parsing info during refresh. "On-the-fly" syntax checking information may be incorrect. [/home/dfec/ece485/ece485_final_cadet_stage4/riscv_pipeline.vhdl:]
WARNING: [filemgmt 56-199] Attempt to get parsing info during refresh. "On-the-fly" syntax checking information may be incorrect. [/home/dfec/ece485/ece485_final_cadet_stage4/riscv_pipeline.vhdl:]
WARNING: [filemgmt 56-199] Attempt to get parsing info during refresh. "On-the-fly" syntax checking information may be incorrect. [/home/dfec/ece485/ece485_final_cadet_stage4/riscv_pipeline.vhdl:]
update_compile_order -fileset sources_1
WARNING: [filemgmt 56-199] Attempt to get parsing info during refresh. "On-the-fly" syntax checking information may be incorrect. [/home/dfec/ece485/ece485_final_cadet_stage4/forwarding_unit.vhdl:]
WARNING: [filemgmt 56-199] Attempt to get parsing info during refresh. "On-the-fly" syntax checking information may be incorrect. [/home/dfec/ece485/ece485_final_cadet_stage4/instr_mem.vhdl:]
WARNING: [filemgmt 56-199] Attempt to get parsing info during refresh. "On-the-fly" syntax checking information may be incorrect. [/home/dfec/ece485/ece485_final_cadet_stage4/hazard_detection_unit.vhdl:]
WARNING: [filemgmt 56-199] Attempt to get parsing info during refresh. "On-the-fly" syntax checking information may be incorrect. [/home/dfec/ece485/ece485_final_cadet_stage4/pipeline_registers.vhdl:]
WARNING: [filemgmt 56-199] Attempt to get parsing info during refresh. "On-the-fly" syntax checking information may be incorrect. [/home/dfec/ece485/ece485_final_cadet_stage4/alu_control.vhdl:]
WARNING: [filemgmt 56-199] Attempt to get parsing info during refresh. "On-the-fly" syntax checking information may be incorrect. [/home/dfec/ece485/ece485_final_cadet_stage4/riscv_pipeline.vhdl:]
WARNING: [filemgmt 56-199] Attempt to get parsing info during refresh. "On-the-fly" syntax checking information may be incorrect. [/home/dfec/ece485/ece485_final_cadet_stage4/hazard_detection_unit.vhdl:]
WARNING: [filemgmt 56-199] Attempt to get parsing info during refresh. "On-the-fly" syntax checking information may be incorrect. [/home/dfec/ece485/ece485_final_cadet_stage4/hazard_detection_unit.vhdl:]
WARNING: [filemgmt 56-199] Attempt to get parsing info during refresh. "On-the-fly" syntax checking information may be incorrect. [/home/dfec/ece485/ece485_final_cadet_stage4/forwarding_unit.vhdl:]
WARNING: [filemgmt 56-199] Attempt to get parsing info during refresh. "On-the-fly" syntax checking information may be incorrect. [/home/dfec/ece485/ece485_final_cadet_stage4/instr_mem.vhdl:]
WARNING: [filemgmt 56-199] Attempt to get parsing info during refresh. "On-the-fly" syntax checking information may be incorrect. [/home/dfec/ece485/ece485_final_cadet_stage4/hazard_detection_unit.vhdl:]
WARNING: [filemgmt 56-199] Attempt to get parsing info during refresh. "On-the-fly" syntax checking information may be incorrect. [/home/dfec/ece485/ece485_final_cadet_stage4/pipeline_registers.vhdl:]
WARNING: [filemgmt 56-199] Attempt to get parsing info during refresh. "On-the-fly" syntax checking information may be incorrect. [/home/dfec/ece485/ece485_final_cadet_stage4/alu_control.vhdl:]
WARNING: [filemgmt 56-199] Attempt to get parsing info during refresh. "On-the-fly" syntax checking information may be incorrect. [/home/dfec/ece485/ece485_final_cadet_stage4/riscv_pipeline.vhdl:]
WARNING: [filemgmt 56-199] Attempt to get parsing info during refresh. "On-the-fly" syntax checking information may be incorrect. [/home/dfec/ece485/ece485_final_cadet_stage4/riscv_pipeline.vhdl:]
WARNING: [filemgmt 56-199] Attempt to get parsing info during refresh. "On-the-fly" syntax checking information may be incorrect. [/home/dfec/ece485/ece485_final_cadet_stage4/riscv_pipeline.vhdl:]
WARNING: [filemgmt 56-199] Attempt to get parsing info during refresh. "On-the-fly" syntax checking information may be incorrect. [/home/dfec/ece485/ece485_final_cadet_stage4/forwarding_unit.vhdl:]
WARNING: [filemgmt 56-199] Attempt to get parsing info during refresh. "On-the-fly" syntax checking information may be incorrect. [/home/dfec/ece485/ece485_final_cadet_stage4/instr_mem.vhdl:]
WARNING: [filemgmt 56-199] Attempt to get parsing info during refresh. "On-the-fly" syntax checking information may be incorrect. [/home/dfec/ece485/ece485_final_cadet_stage4/hazard_detection_unit.vhdl:]
WARNING: [filemgmt 56-199] Attempt to get parsing info during refresh. "On-the-fly" syntax checking information may be incorrect. [/home/dfec/ece485/ece485_final_cadet_stage4/pipeline_registers.vhdl:]
WARNING: [filemgmt 56-199] Attempt to get parsing info during refresh. "On-the-fly" syntax checking information may be incorrect. [/home/dfec/ece485/ece485_final_cadet_stage4/alu_control.vhdl:]
WARNING: [filemgmt 56-199] Attempt to get parsing info during refresh. "On-the-fly" syntax checking information may be incorrect. [/home/dfec/ece485/ece485_final_cadet_stage4/riscv_pipeline.vhdl:]
WARNING: [filemgmt 56-199] Attempt to get parsing info during refresh. "On-the-fly" syntax checking information may be incorrect. [/home/dfec/ece485/ece485_final_cadet_stage4/instr_mem.vhdl:]
WARNING: [filemgmt 56-199] Attempt to get parsing info during refresh. "On-the-fly" syntax checking information may be incorrect. [/home/dfec/ece485/ece485_final_cadet_stage4/instr_mem.vhdl:]
WARNING: [filemgmt 56-199] Attempt to get parsing info during refresh. "On-the-fly" syntax checking information may be incorrect. [/home/dfec/ece485/ece485_final_cadet_stage4/forwarding_unit.vhdl:]
WARNING: [filemgmt 56-199] Attempt to get parsing info during refresh. "On-the-fly" syntax checking information may be incorrect. [/home/dfec/ece485/ece485_final_cadet_stage4/instr_mem.vhdl:]
WARNING: [filemgmt 56-199] Attempt to get parsing info during refresh. "On-the-fly" syntax checking information may be incorrect. [/home/dfec/ece485/ece485_final_cadet_stage4/hazard_detection_unit.vhdl:]
WARNING: [filemgmt 56-199] Attempt to get parsing info during refresh. "On-the-fly" syntax checking information may be incorrect. [/home/dfec/ece485/ece485_final_cadet_stage4/pipeline_registers.vhdl:]
WARNING: [filemgmt 56-199] Attempt to get parsing info during refresh. "On-the-fly" syntax checking information may be incorrect. [/home/dfec/ece485/ece485_final_cadet_stage4/alu_control.vhdl:]
WARNING: [filemgmt 56-199] Attempt to get parsing info during refresh. "On-the-fly" syntax checking information may be incorrect. [/home/dfec/ece485/ece485_final_cadet_stage4/riscv_pipeline.vhdl:]
WARNING: [filemgmt 56-199] Attempt to get parsing info during refresh. "On-the-fly" syntax checking information may be incorrect. [/home/dfec/ece485/ece485_final_cadet_stage4/forwarding_unit.vhdl:]
WARNING: [filemgmt 56-199] Attempt to get parsing info during refresh. "On-the-fly" syntax checking information may be incorrect. [/home/dfec/ece485/ece485_final_cadet_stage4/forwarding_unit.vhdl:]
WARNING: [filemgmt 56-199] Attempt to get parsing info during refresh. "On-the-fly" syntax checking information may be incorrect. [/home/dfec/ece485/ece485_final_cadet_stage4/forwarding_unit.vhdl:]
WARNING: [filemgmt 56-199] Attempt to get parsing info during refresh. "On-the-fly" syntax checking information may be incorrect. [/home/dfec/ece485/ece485_final_cadet_stage4/instr_mem.vhdl:]
WARNING: [filemgmt 56-199] Attempt to get parsing info during refresh. "On-the-fly" syntax checking information may be incorrect. [/home/dfec/ece485/ece485_final_cadet_stage4/hazard_detection_unit.vhdl:]
WARNING: [filemgmt 56-199] Attempt to get parsing info during refresh. "On-the-fly" syntax checking information may be incorrect. [/home/dfec/ece485/ece485_final_cadet_stage4/pipeline_registers.vhdl:]
WARNING: [filemgmt 56-199] Attempt to get parsing info during refresh. "On-the-fly" syntax checking information may be incorrect. [/home/dfec/ece485/ece485_final_cadet_stage4/alu_control.vhdl:]
WARNING: [filemgmt 56-199] Attempt to get parsing info during refresh. "On-the-fly" syntax checking information may be incorrect. [/home/dfec/ece485/ece485_final_cadet_stage4/riscv_pipeline.vhdl:]
WARNING: [filemgmt 56-199] Attempt to get parsing info during refresh. "On-the-fly" syntax checking information may be incorrect. [/home/dfec/ece485/ece485_final_cadet_stage4/alu_control.vhdl:]
WARNING: [filemgmt 56-199] Attempt to get parsing info during refresh. "On-the-fly" syntax checking information may be incorrect. [/home/dfec/ece485/ece485_final_cadet_stage4/alu_control.vhdl:]
WARNING: [filemgmt 56-199] Attempt to get parsing info during refresh. "On-the-fly" syntax checking information may be incorrect. [/home/dfec/ece485/ece485_final_cadet_stage4/forwarding_unit.vhdl:]
WARNING: [filemgmt 56-199] Attempt to get parsing info during refresh. "On-the-fly" syntax checking information may be incorrect. [/home/dfec/ece485/ece485_final_cadet_stage4/instr_mem.vhdl:]
WARNING: [filemgmt 56-199] Attempt to get parsing info during refresh. "On-the-fly" syntax checking information may be incorrect. [/home/dfec/ece485/ece485_final_cadet_stage4/hazard_detection_unit.vhdl:]
WARNING: [filemgmt 56-199] Attempt to get parsing info during refresh. "On-the-fly" syntax checking information may be incorrect. [/home/dfec/ece485/ece485_final_cadet_stage4/pipeline_registers.vhdl:]
WARNING: [filemgmt 56-199] Attempt to get parsing info during refresh. "On-the-fly" syntax checking information may be incorrect. [/home/dfec/ece485/ece485_final_cadet_stage4/alu_control.vhdl:]
WARNING: [filemgmt 56-199] Attempt to get parsing info during refresh. "On-the-fly" syntax checking information may be incorrect. [/home/dfec/ece485/ece485_final_cadet_stage4/riscv_pipeline.vhdl:]
WARNING: [filemgmt 56-199] Attempt to get parsing info during refresh. "On-the-fly" syntax checking information may be incorrect. [/home/dfec/ece485/ece485_final_cadet_stage4/pipeline_registers.vhdl:]
WARNING: [filemgmt 56-199] Attempt to get parsing info during refresh. "On-the-fly" syntax checking information may be incorrect. [/home/dfec/ece485/ece485_final_cadet_stage4/pipeline_registers.vhdl:]
launch_simulation
Command: launch_simulation 
INFO: [Vivado 12-25911] Executing simulation for 'XSim' simulator
INFO: [Project 1-5737] Running on host jupiter (64) - Ubuntu 24.04.2 LTS
INFO: [Vivado 12-28535] Process started - Thu May  7 22:22:58 2026

INFO: [Vivado 12-12493] Simulation top is 'tb_riscv_pipeline'
INFO: [Vivado 12-5682] Launching behavioral simulation in '/home/dfec/ece485/ece485_final_cadet_stage4/ece485_final_cadet_stage4.sim/sim_1/behav/xsim'
INFO: [SIM-utils-51] Simulation object is 'sim_1'
INFO: [SIM-utils-72] Using boost library from '/opt/Xilinx/2025.2/tps/boost_1_72_0'
INFO: [SIM-utils-54] Inspecting design source files for 'tb_riscv_pipeline' in fileset 'sim_1'...
INFO: [USF-XSim-97] Finding global include files...
INFO: [USF-XSim-98] Fetching design files from 'sim_1'...
INFO: [USF-XSim-2] XSim::Compile design
INFO: [USF-XSim-61] Executing 'COMPILE and ANALYZE' step in '/home/dfec/ece485/ece485_final_cadet_stage4/ece485_final_cadet_stage4.sim/sim_1/behav/xsim'
xvhdl --incr --relax -prj tb_riscv_pipeline_vhdl.prj
INFO: [VRFC 10-163] Analyzing VHDL file "/home/dfec/ece485/ece485_final_cadet_stage4/alu.vhdl" into library xil_defaultlib
INFO: [VRFC 10-3107] analyzing entity 'alu'
INFO: [VRFC 10-163] Analyzing VHDL file "/home/dfec/ece485/ece485_final_cadet_stage4/alu_control.vhdl" into library xil_defaultlib
INFO: [VRFC 10-3107] analyzing entity 'alu_control'
INFO: [VRFC 10-163] Analyzing VHDL file "/home/dfec/ece485/ece485_final_cadet_stage4/control_unit.vhdl" into library xil_defaultlib
INFO: [VRFC 10-3107] analyzing entity 'control_unit'
INFO: [VRFC 10-163] Analyzing VHDL file "/home/dfec/ece485/ece485_final_cadet_stage4/data_mem.vhdl" into library xil_defaultlib
INFO: [VRFC 10-3107] analyzing entity 'data_mem'
INFO: [VRFC 10-163] Analyzing VHDL file "/home/dfec/ece485/ece485_final_cadet_stage4/forwarding_unit.vhdl" into library xil_defaultlib
INFO: [VRFC 10-3107] analyzing entity 'forwarding_unit'
INFO: [VRFC 10-163] Analyzing VHDL file "/home/dfec/ece485/ece485_final_cadet_stage4/hazard_detection_unit.vhdl" into library xil_defaultlib
INFO: [VRFC 10-3107] analyzing entity 'hazard_detection_unit'
INFO: [VRFC 10-163] Analyzing VHDL file "/home/dfec/ece485/ece485_final_cadet_stage4/immediate_generator.vhdl" into library xil_defaultlib
INFO: [VRFC 10-3107] analyzing entity 'immediate_generator'
INFO: [VRFC 10-163] Analyzing VHDL file "/home/dfec/ece485/ece485_final_cadet_stage4/instr_mem.vhdl" into library xil_defaultlib
INFO: [VRFC 10-3107] analyzing entity 'instr_mem'
INFO: [VRFC 10-163] Analyzing VHDL file "/home/dfec/ece485/ece485_final_cadet_stage4/pc.vhdl" into library xil_defaultlib
INFO: [VRFC 10-3107] analyzing entity 'pc_live'
INFO: [VRFC 10-163] Analyzing VHDL file "/home/dfec/ece485/ece485_final_cadet_stage4/reg_file.vhdl" into library xil_defaultlib
INFO: [VRFC 10-3107] analyzing entity 'reg_file'
INFO: [VRFC 10-163] Analyzing VHDL file "/home/dfec/ece485/ece485_final_cadet_stage4/riscv_pipeline.vhdl" into library xil_defaultlib
INFO: [VRFC 10-3107] analyzing entity 'riscv_pipeline'
INFO: [VRFC 10-163] Analyzing VHDL file "/home/dfec/ece485/ece485_final_cadet_stage4/tb_riscv_pipeline.vhdl" into library xil_defaultlib
INFO: [VRFC 10-3107] analyzing entity 'tb_riscv_pipeline'
Waiting for jobs to finish...
No pending jobs, compilation finished.
INFO: [USF-XSim-69] 'compile' step finished in '1' seconds
INFO: [USF-XSim-3] XSim::Elaborate design
INFO: [USF-XSim-61] Executing 'ELABORATE' step in '/home/dfec/ece485/ece485_final_cadet_stage4/ece485_final_cadet_stage4.sim/sim_1/behav/xsim'
xelab --incr --debug typical --relax --mt 8 -L xil_defaultlib -L secureip --snapshot tb_riscv_pipeline_behav xil_defaultlib.tb_riscv_pipeline -log elaborate.log
Vivado Simulator v2025.2
Copyright 1986-2022 Xilinx, Inc. All Rights Reserved.
Copyright 2022-2025 Advanced Micro Devices, Inc. All Rights Reserved.
Running: /opt/Xilinx/2025.2/Vivado/bin/unwrapped/lnx64.o/xelab --incr --debug typical --relax --mt 8 -L xil_defaultlib -L secureip --snapshot tb_riscv_pipeline_behav xil_defaultlib.tb_riscv_pipeline -log elaborate.log 
Using 8 slave threads.
WARNING: [XSIM 43-3431] One or more environment variables have been detected which affect the operation of the C compiler. These are typically not set in standard installations and are not tested by AMD, however they may be appropriate for your system, so the flow will attempt to continue.  If errors occur, try running xelab with the "-mt off -v 1" switches to see more information from the C compiler. The following environment variables have been detected:
    LIBRARY_PATH
Starting static elaboration
WARNING: [VRFC 10-4940] 'pipeline_registers' remains a black box since it has no binding entity [/home/dfec/ece485/ece485_final_cadet_stage4/riscv_pipeline.vhdl:278]
Completed static elaboration
Starting simulation data flow analysis
Completed simulation data flow analysis
Time Resolution for simulation is 1ps
Compiling package std.standard
Compiling package std.textio
Compiling package ieee.std_logic_1164
Compiling package ieee.numeric_std
Compiling architecture behavioral of entity xil_defaultlib.pc_live [pc_live_default]
Compiling architecture behavioral of entity xil_defaultlib.instr_mem [instr_mem_default]
Compiling architecture behavioral of entity xil_defaultlib.control_unit [control_unit_default]
Compiling architecture behavioral of entity xil_defaultlib.alu_control [alu_control_default]
Compiling architecture behavioral of entity xil_defaultlib.hazard_detection_unit [hazard_detection_unit_default]
Compiling architecture behavioral of entity xil_defaultlib.forwarding_unit [forwarding_unit_default]
Compiling architecture behavioral of entity xil_defaultlib.reg_file [reg_file_default]
Compiling architecture behavioral of entity xil_defaultlib.immediate_generator [immediate_generator_default]
Compiling architecture behavioral of entity xil_defaultlib.alu [alu_default]
Compiling architecture behavioral of entity xil_defaultlib.data_mem [data_mem_default]
Compiling architecture behavioral of entity xil_defaultlib.riscv_pipeline [riscv_pipeline_default]
Compiling architecture behavioral of entity xil_defaultlib.tb_riscv_pipeline
Built simulation snapshot tb_riscv_pipeline_behav
INFO: [USF-XSim-69] 'elaborate' step finished in '2' seconds
INFO: [USF-XSim-4] XSim::Simulate design
INFO: [USF-XSim-61] Executing 'SIMULATE' step in '/home/dfec/ece485/ece485_final_cadet_stage4/ece485_final_cadet_stage4.sim/sim_1/behav/xsim'
INFO: [USF-XSim-98] *** Running xsim
   with args "tb_riscv_pipeline_behav -key {Behavioral:sim_1:Functional:tb_riscv_pipeline} -tclbatch {tb_riscv_pipeline.tcl} -view {/home/dfec/ece485/ece485_final_cadet_stage2/tb_riscv_pipeline_behav.wcfg} -log {simulate.log}"
INFO: [USF-XSim-8] Loading simulator feature
Time resolution is 1 ps
open_wave_config /home/dfec/ece485/ece485_final_cadet_stage2/tb_riscv_pipeline_behav.wcfg
source tb_riscv_pipeline.tcl
# set curr_wave [current_wave_config]
# if { [string length $curr_wave] == 0 } {
#   if { [llength [get_objects]] > 0} {
#     add_wave /
#     set_property needs_save false [current_wave_config]
#   } else {
#      send_msg_id Add_Wave-1 WARNING "No top level signals found. Simulator will start without a wave window. If you want to open a wave window go to 'File->New Waveform Configuration' or type 'create_wave_config' in the TCL console."
#   }
# }
# run 1000ns
INFO: [USF-XSim-96] XSim completed. Design snapshot 'tb_riscv_pipeline_behav' loaded.
INFO: [USF-XSim-97] XSim simulation ran for 1000ns
launch_simulation: Time (s): cpu = 00:00:08 ; elapsed = 00:00:08 . Memory (MB): peak = 11081.691 ; gain = 80.156 ; free physical = 22604 ; free virtual = 35754
run 1000 ns
WARNING: [filemgmt 56-199] Attempt to get parsing info during refresh. "On-the-fly" syntax checking information may be incorrect. [/home/dfec/ece485/ece485_final_cadet_stage4/forwarding_unit.vhdl:]
WARNING: [filemgmt 56-199] Attempt to get parsing info during refresh. "On-the-fly" syntax checking information may be incorrect. [/home/dfec/ece485/ece485_final_cadet_stage4/instr_mem.vhdl:]
WARNING: [filemgmt 56-199] Attempt to get parsing info during refresh. "On-the-fly" syntax checking information may be incorrect. [/home/dfec/ece485/ece485_final_cadet_stage4/hazard_detection_unit.vhdl:]
WARNING: [filemgmt 56-199] Attempt to get parsing info during refresh. "On-the-fly" syntax checking information may be incorrect. [/home/dfec/ece485/ece485_final_cadet_stage4/pipeline_registers.vhdl:]
WARNING: [filemgmt 56-199] Attempt to get parsing info during refresh. "On-the-fly" syntax checking information may be incorrect. [/home/dfec/ece485/ece485_final_cadet_stage4/alu_control.vhdl:]
WARNING: [filemgmt 56-199] Attempt to get parsing info during refresh. "On-the-fly" syntax checking information may be incorrect. [/home/dfec/ece485/ece485_final_cadet_stage4/riscv_pipeline.vhdl:]
WARNING: [filemgmt 56-199] Attempt to get parsing info during refresh. "On-the-fly" syntax checking information may be incorrect. [/home/dfec/ece485/ece485_final_cadet_stage4/pipeline_registers.vhdl:]
WARNING: [filemgmt 56-199] Attempt to get parsing info during refresh. "On-the-fly" syntax checking information may be incorrect. [/home/dfec/ece485/ece485_final_cadet_stage4/pipeline_registers.vhdl:]
WARNING: [filemgmt 56-199] Attempt to get parsing info during refresh. "On-the-fly" syntax checking information may be incorrect. [/home/dfec/ece485/ece485_final_cadet_stage4/forwarding_unit.vhdl:]
WARNING: [filemgmt 56-199] Attempt to get parsing info during refresh. "On-the-fly" syntax checking information may be incorrect. [/home/dfec/ece485/ece485_final_cadet_stage4/instr_mem.vhdl:]
WARNING: [filemgmt 56-199] Attempt to get parsing info during refresh. "On-the-fly" syntax checking information may be incorrect. [/home/dfec/ece485/ece485_final_cadet_stage4/hazard_detection_unit.vhdl:]
WARNING: [filemgmt 56-199] Attempt to get parsing info during refresh. "On-the-fly" syntax checking information may be incorrect. [/home/dfec/ece485/ece485_final_cadet_stage4/pipeline_registers.vhdl:]
WARNING: [filemgmt 56-199] Attempt to get parsing info during refresh. "On-the-fly" syntax checking information may be incorrect. [/home/dfec/ece485/ece485_final_cadet_stage4/alu_control.vhdl:]
WARNING: [filemgmt 56-199] Attempt to get parsing info during refresh. "On-the-fly" syntax checking information may be incorrect. [/home/dfec/ece485/ece485_final_cadet_stage4/riscv_pipeline.vhdl:]
WARNING: [filemgmt 56-199] Attempt to get parsing info during refresh. "On-the-fly" syntax checking information may be incorrect. [/home/dfec/ece485/ece485_final_cadet_stage4/hazard_detection_unit.vhdl:]
WARNING: [filemgmt 56-199] Attempt to get parsing info during refresh. "On-the-fly" syntax checking information may be incorrect. [/home/dfec/ece485/ece485_final_cadet_stage4/hazard_detection_unit.vhdl:]
WARNING: [filemgmt 56-199] Attempt to get parsing info during refresh. "On-the-fly" syntax checking information may be incorrect. [/home/dfec/ece485/ece485_final_cadet_stage4/forwarding_unit.vhdl:]
WARNING: [filemgmt 56-199] Attempt to get parsing info during refresh. "On-the-fly" syntax checking information may be incorrect. [/home/dfec/ece485/ece485_final_cadet_stage4/instr_mem.vhdl:]
WARNING: [filemgmt 56-199] Attempt to get parsing info during refresh. "On-the-fly" syntax checking information may be incorrect. [/home/dfec/ece485/ece485_final_cadet_stage4/hazard_detection_unit.vhdl:]
WARNING: [filemgmt 56-199] Attempt to get parsing info during refresh. "On-the-fly" syntax checking information may be incorrect. [/home/dfec/ece485/ece485_final_cadet_stage4/pipeline_registers.vhdl:]
WARNING: [filemgmt 56-199] Attempt to get parsing info during refresh. "On-the-fly" syntax checking information may be incorrect. [/home/dfec/ece485/ece485_final_cadet_stage4/alu_control.vhdl:]
WARNING: [filemgmt 56-199] Attempt to get parsing info during refresh. "On-the-fly" syntax checking information may be incorrect. [/home/dfec/ece485/ece485_final_cadet_stage4/riscv_pipeline.vhdl:]
WARNING: [filemgmt 56-199] Attempt to get parsing info during refresh. "On-the-fly" syntax checking information may be incorrect. [/home/dfec/ece485/ece485_final_cadet_stage4/forwarding_unit.vhdl:]
WARNING: [filemgmt 56-199] Attempt to get parsing info during refresh. "On-the-fly" syntax checking information may be incorrect. [/home/dfec/ece485/ece485_final_cadet_stage4/forwarding_unit.vhdl:]
WARNING: [filemgmt 56-199] Attempt to get parsing info during refresh. "On-the-fly" syntax checking information may be incorrect. [/home/dfec/ece485/ece485_final_cadet_stage4/forwarding_unit.vhdl:]
WARNING: [filemgmt 56-199] Attempt to get parsing info during refresh. "On-the-fly" syntax checking information may be incorrect. [/home/dfec/ece485/ece485_final_cadet_stage4/instr_mem.vhdl:]
WARNING: [filemgmt 56-199] Attempt to get parsing info during refresh. "On-the-fly" syntax checking information may be incorrect. [/home/dfec/ece485/ece485_final_cadet_stage4/hazard_detection_unit.vhdl:]
WARNING: [filemgmt 56-199] Attempt to get parsing info during refresh. "On-the-fly" syntax checking information may be incorrect. [/home/dfec/ece485/ece485_final_cadet_stage4/pipeline_registers.vhdl:]
WARNING: [filemgmt 56-199] Attempt to get parsing info during refresh. "On-the-fly" syntax checking information may be incorrect. [/home/dfec/ece485/ece485_final_cadet_stage4/alu_control.vhdl:]
WARNING: [filemgmt 56-199] Attempt to get parsing info during refresh. "On-the-fly" syntax checking information may be incorrect. [/home/dfec/ece485/ece485_final_cadet_stage4/riscv_pipeline.vhdl:]
WARNING: [filemgmt 56-199] Attempt to get parsing info during refresh. "On-the-fly" syntax checking information may be incorrect. [/home/dfec/ece485/ece485_final_cadet_stage4/instr_mem.vhdl:]
WARNING: [filemgmt 56-199] Attempt to get parsing info during refresh. "On-the-fly" syntax checking information may be incorrect. [/home/dfec/ece485/ece485_final_cadet_stage4/instr_mem.vhdl:]
WARNING: [filemgmt 56-199] Attempt to get parsing info during refresh. "On-the-fly" syntax checking information may be incorrect. [/home/dfec/ece485/ece485_final_cadet_stage4/forwarding_unit.vhdl:]
WARNING: [filemgmt 56-199] Attempt to get parsing info during refresh. "On-the-fly" syntax checking information may be incorrect. [/home/dfec/ece485/ece485_final_cadet_stage4/instr_mem.vhdl:]
WARNING: [filemgmt 56-199] Attempt to get parsing info during refresh. "On-the-fly" syntax checking information may be incorrect. [/home/dfec/ece485/ece485_final_cadet_stage4/hazard_detection_unit.vhdl:]
WARNING: [filemgmt 56-199] Attempt to get parsing info during refresh. "On-the-fly" syntax checking information may be incorrect. [/home/dfec/ece485/ece485_final_cadet_stage4/pipeline_registers.vhdl:]
WARNING: [filemgmt 56-199] Attempt to get parsing info during refresh. "On-the-fly" syntax checking information may be incorrect. [/home/dfec/ece485/ece485_final_cadet_stage4/alu_control.vhdl:]
WARNING: [filemgmt 56-199] Attempt to get parsing info during refresh. "On-the-fly" syntax checking information may be incorrect. [/home/dfec/ece485/ece485_final_cadet_stage4/riscv_pipeline.vhdl:]
WARNING: [filemgmt 56-199] Attempt to get parsing info during refresh. "On-the-fly" syntax checking information may be incorrect. [/home/dfec/ece485/ece485_final_cadet_stage4/riscv_pipeline.vhdl:]
WARNING: [filemgmt 56-199] Attempt to get parsing info during refresh. "On-the-fly" syntax checking information may be incorrect. [/home/dfec/ece485/ece485_final_cadet_stage4/riscv_pipeline.vhdl:]
WARNING: [filemgmt 56-199] Attempt to get parsing info during refresh. "On-the-fly" syntax checking information may be incorrect. [/home/dfec/ece485/ece485_final_cadet_stage4/forwarding_unit.vhdl:]
WARNING: [filemgmt 56-199] Attempt to get parsing info during refresh. "On-the-fly" syntax checking information may be incorrect. [/home/dfec/ece485/ece485_final_cadet_stage4/instr_mem.vhdl:]
WARNING: [filemgmt 56-199] Attempt to get parsing info during refresh. "On-the-fly" syntax checking information may be incorrect. [/home/dfec/ece485/ece485_final_cadet_stage4/hazard_detection_unit.vhdl:]
WARNING: [filemgmt 56-199] Attempt to get parsing info during refresh. "On-the-fly" syntax checking information may be incorrect. [/home/dfec/ece485/ece485_final_cadet_stage4/pipeline_registers.vhdl:]
WARNING: [filemgmt 56-199] Attempt to get parsing info during refresh. "On-the-fly" syntax checking information may be incorrect. [/home/dfec/ece485/ece485_final_cadet_stage4/alu_control.vhdl:]
WARNING: [filemgmt 56-199] Attempt to get parsing info during refresh. "On-the-fly" syntax checking information may be incorrect. [/home/dfec/ece485/ece485_final_cadet_stage4/riscv_pipeline.vhdl:]
WARNING: [filemgmt 56-199] Attempt to get parsing info during refresh. "On-the-fly" syntax checking information may be incorrect. [/home/dfec/ece485/ece485_final_cadet_stage4/riscv_pipeline.vhdl:]
WARNING: [filemgmt 56-199] Attempt to get parsing info during refresh. "On-the-fly" syntax checking information may be incorrect. [/home/dfec/ece485/ece485_final_cadet_stage4/riscv_pipeline.vhdl:]
WARNING: [filemgmt 56-199] Attempt to get parsing info during refresh. "On-the-fly" syntax checking information may be incorrect. [/home/dfec/ece485/ece485_final_cadet_stage4/forwarding_unit.vhdl:]
WARNING: [filemgmt 56-199] Attempt to get parsing info during refresh. "On-the-fly" syntax checking information may be incorrect. [/home/dfec/ece485/ece485_final_cadet_stage4/instr_mem.vhdl:]
WARNING: [filemgmt 56-199] Attempt to get parsing info during refresh. "On-the-fly" syntax checking information may be incorrect. [/home/dfec/ece485/ece485_final_cadet_stage4/hazard_detection_unit.vhdl:]
WARNING: [filemgmt 56-199] Attempt to get parsing info during refresh. "On-the-fly" syntax checking information may be incorrect. [/home/dfec/ece485/ece485_final_cadet_stage4/pipeline_registers.vhdl:]
WARNING: [filemgmt 56-199] Attempt to get parsing info during refresh. "On-the-fly" syntax checking information may be incorrect. [/home/dfec/ece485/ece485_final_cadet_stage4/alu_control.vhdl:]
WARNING: [filemgmt 56-199] Attempt to get parsing info during refresh. "On-the-fly" syntax checking information may be incorrect. [/home/dfec/ece485/ece485_final_cadet_stage4/riscv_pipeline.vhdl:]
WARNING: [filemgmt 56-199] Attempt to get parsing info during refresh. "On-the-fly" syntax checking information may be incorrect. [/home/dfec/ece485/ece485_final_cadet_stage4/forwarding_unit.vhdl:]
WARNING: [filemgmt 56-199] Attempt to get parsing info during refresh. "On-the-fly" syntax checking information may be incorrect. [/home/dfec/ece485/ece485_final_cadet_stage4/forwarding_unit.vhdl:]
WARNING: [filemgmt 56-199] Attempt to get parsing info during refresh. "On-the-fly" syntax checking information may be incorrect. [/home/dfec/ece485/ece485_final_cadet_stage4/forwarding_unit.vhdl:]
WARNING: [filemgmt 56-199] Attempt to get parsing info during refresh. "On-the-fly" syntax checking information may be incorrect. [/home/dfec/ece485/ece485_final_cadet_stage4/instr_mem.vhdl:]
WARNING: [filemgmt 56-199] Attempt to get parsing info during refresh. "On-the-fly" syntax checking information may be incorrect. [/home/dfec/ece485/ece485_final_cadet_stage4/hazard_detection_unit.vhdl:]
WARNING: [filemgmt 56-199] Attempt to get parsing info during refresh. "On-the-fly" syntax checking information may be incorrect. [/home/dfec/ece485/ece485_final_cadet_stage4/pipeline_registers.vhdl:]
WARNING: [filemgmt 56-199] Attempt to get parsing info during refresh. "On-the-fly" syntax checking information may be incorrect. [/home/dfec/ece485/ece485_final_cadet_stage4/alu_control.vhdl:]
WARNING: [filemgmt 56-199] Attempt to get parsing info during refresh. "On-the-fly" syntax checking information may be incorrect. [/home/dfec/ece485/ece485_final_cadet_stage4/riscv_pipeline.vhdl:]
WARNING: [filemgmt 56-199] Attempt to get parsing info during refresh. "On-the-fly" syntax checking information may be incorrect. [/home/dfec/ece485/ece485_final_cadet_stage4/instr_mem.vhdl:]
WARNING: [filemgmt 56-199] Attempt to get parsing info during refresh. "On-the-fly" syntax checking information may be incorrect. [/home/dfec/ece485/ece485_final_cadet_stage4/instr_mem.vhdl:]
WARNING: [filemgmt 56-199] Attempt to get parsing info during refresh. "On-the-fly" syntax checking information may be incorrect. [/home/dfec/ece485/ece485_final_cadet_stage4/forwarding_unit.vhdl:]
WARNING: [filemgmt 56-199] Attempt to get parsing info during refresh. "On-the-fly" syntax checking information may be incorrect. [/home/dfec/ece485/ece485_final_cadet_stage4/instr_mem.vhdl:]
WARNING: [filemgmt 56-199] Attempt to get parsing info during refresh. "On-the-fly" syntax checking information may be incorrect. [/home/dfec/ece485/ece485_final_cadet_stage4/hazard_detection_unit.vhdl:]
WARNING: [filemgmt 56-199] Attempt to get parsing info during refresh. "On-the-fly" syntax checking information may be incorrect. [/home/dfec/ece485/ece485_final_cadet_stage4/pipeline_registers.vhdl:]
WARNING: [filemgmt 56-199] Attempt to get parsing info during refresh. "On-the-fly" syntax checking information may be incorrect. [/home/dfec/ece485/ece485_final_cadet_stage4/alu_control.vhdl:]
WARNING: [filemgmt 56-199] Attempt to get parsing info during refresh. "On-the-fly" syntax checking information may be incorrect. [/home/dfec/ece485/ece485_final_cadet_stage4/riscv_pipeline.vhdl:]
WARNING: [filemgmt 56-199] Attempt to get parsing info during refresh. "On-the-fly" syntax checking information may be incorrect. [/home/dfec/ece485/ece485_final_cadet_stage4/alu_control.vhdl:]
WARNING: [filemgmt 56-199] Attempt to get parsing info during refresh. "On-the-fly" syntax checking information may be incorrect. [/home/dfec/ece485/ece485_final_cadet_stage4/alu_control.vhdl:]
WARNING: [filemgmt 56-199] Attempt to get parsing info during refresh. "On-the-fly" syntax checking information may be incorrect. [/home/dfec/ece485/ece485_final_cadet_stage4/forwarding_unit.vhdl:]
WARNING: [filemgmt 56-199] Attempt to get parsing info during refresh. "On-the-fly" syntax checking information may be incorrect. [/home/dfec/ece485/ece485_final_cadet_stage4/instr_mem.vhdl:]
WARNING: [filemgmt 56-199] Attempt to get parsing info during refresh. "On-the-fly" syntax checking information may be incorrect. [/home/dfec/ece485/ece485_final_cadet_stage4/hazard_detection_unit.vhdl:]
WARNING: [filemgmt 56-199] Attempt to get parsing info during refresh. "On-the-fly" syntax checking information may be incorrect. [/home/dfec/ece485/ece485_final_cadet_stage4/pipeline_registers.vhdl:]
WARNING: [filemgmt 56-199] Attempt to get parsing info during refresh. "On-the-fly" syntax checking information may be incorrect. [/home/dfec/ece485/ece485_final_cadet_stage4/alu_control.vhdl:]
WARNING: [filemgmt 56-199] Attempt to get parsing info during refresh. "On-the-fly" syntax checking information may be incorrect. [/home/dfec/ece485/ece485_final_cadet_stage4/riscv_pipeline.vhdl:]
WARNING: [filemgmt 56-199] Attempt to get parsing info during refresh. "On-the-fly" syntax checking information may be incorrect. [/home/dfec/ece485/ece485_final_cadet_stage4/pipeline_registers.vhdl:]
WARNING: [filemgmt 56-199] Attempt to get parsing info during refresh. "On-the-fly" syntax checking information may be incorrect. [/home/dfec/ece485/ece485_final_cadet_stage4/pipeline_registers.vhdl:]
update_compile_order -fileset sources_1
WARNING: [filemgmt 56-199] Attempt to get parsing info during refresh. "On-the-fly" syntax checking information may be incorrect. [/home/dfec/ece485/ece485_final_cadet_stage4/forwarding_unit.vhdl:]
WARNING: [filemgmt 56-199] Attempt to get parsing info during refresh. "On-the-fly" syntax checking information may be incorrect. [/home/dfec/ece485/ece485_final_cadet_stage4/instr_mem.vhdl:]
WARNING: [filemgmt 56-199] Attempt to get parsing info during refresh. "On-the-fly" syntax checking information may be incorrect. [/home/dfec/ece485/ece485_final_cadet_stage4/hazard_detection_unit.vhdl:]
WARNING: [filemgmt 56-199] Attempt to get parsing info during refresh. "On-the-fly" syntax checking information may be incorrect. [/home/dfec/ece485/ece485_final_cadet_stage4/pipeline_registers.vhdl:]
WARNING: [filemgmt 56-199] Attempt to get parsing info during refresh. "On-the-fly" syntax checking information may be incorrect. [/home/dfec/ece485/ece485_final_cadet_stage4/alu_control.vhdl:]
WARNING: [filemgmt 56-199] Attempt to get parsing info during refresh. "On-the-fly" syntax checking information may be incorrect. [/home/dfec/ece485/ece485_final_cadet_stage4/riscv_pipeline.vhdl:]
WARNING: [filemgmt 56-199] Attempt to get parsing info during refresh. "On-the-fly" syntax checking information may be incorrect. [/home/dfec/ece485/ece485_final_cadet_stage4/pipeline_registers.vhdl:]
WARNING: [filemgmt 56-199] Attempt to get parsing info during refresh. "On-the-fly" syntax checking information may be incorrect. [/home/dfec/ece485/ece485_final_cadet_stage4/pipeline_registers.vhdl:]
WARNING: [filemgmt 56-199] Attempt to get parsing info during refresh. "On-the-fly" syntax checking information may be incorrect. [/home/dfec/ece485/ece485_final_cadet_stage4/forwarding_unit.vhdl:]
WARNING: [filemgmt 56-199] Attempt to get parsing info during refresh. "On-the-fly" syntax checking information may be incorrect. [/home/dfec/ece485/ece485_final_cadet_stage4/instr_mem.vhdl:]
WARNING: [filemgmt 56-199] Attempt to get parsing info during refresh. "On-the-fly" syntax checking information may be incorrect. [/home/dfec/ece485/ece485_final_cadet_stage4/hazard_detection_unit.vhdl:]
WARNING: [filemgmt 56-199] Attempt to get parsing info during refresh. "On-the-fly" syntax checking information may be incorrect. [/home/dfec/ece485/ece485_final_cadet_stage4/pipeline_registers.vhdl:]
WARNING: [filemgmt 56-199] Attempt to get parsing info during refresh. "On-the-fly" syntax checking information may be incorrect. [/home/dfec/ece485/ece485_final_cadet_stage4/alu_control.vhdl:]
WARNING: [filemgmt 56-199] Attempt to get parsing info during refresh. "On-the-fly" syntax checking information may be incorrect. [/home/dfec/ece485/ece485_final_cadet_stage4/riscv_pipeline.vhdl:]
WARNING: [filemgmt 56-199] Attempt to get parsing info during refresh. "On-the-fly" syntax checking information may be incorrect. [/home/dfec/ece485/ece485_final_cadet_stage4/forwarding_unit.vhdl:]
WARNING: [filemgmt 56-199] Attempt to get parsing info during refresh. "On-the-fly" syntax checking information may be incorrect. [/home/dfec/ece485/ece485_final_cadet_stage4/forwarding_unit.vhdl:]
WARNING: [filemgmt 56-199] Attempt to get parsing info during refresh. "On-the-fly" syntax checking information may be incorrect. [/home/dfec/ece485/ece485_final_cadet_stage4/forwarding_unit.vhdl:]
WARNING: [filemgmt 56-199] Attempt to get parsing info during refresh. "On-the-fly" syntax checking information may be incorrect. [/home/dfec/ece485/ece485_final_cadet_stage4/instr_mem.vhdl:]
WARNING: [filemgmt 56-199] Attempt to get parsing info during refresh. "On-the-fly" syntax checking information may be incorrect. [/home/dfec/ece485/ece485_final_cadet_stage4/hazard_detection_unit.vhdl:]
WARNING: [filemgmt 56-199] Attempt to get parsing info during refresh. "On-the-fly" syntax checking information may be incorrect. [/home/dfec/ece485/ece485_final_cadet_stage4/pipeline_registers.vhdl:]
WARNING: [filemgmt 56-199] Attempt to get parsing info during refresh. "On-the-fly" syntax checking information may be incorrect. [/home/dfec/ece485/ece485_final_cadet_stage4/alu_control.vhdl:]
WARNING: [filemgmt 56-199] Attempt to get parsing info during refresh. "On-the-fly" syntax checking information may be incorrect. [/home/dfec/ece485/ece485_final_cadet_stage4/riscv_pipeline.vhdl:]
WARNING: [filemgmt 56-199] Attempt to get parsing info during refresh. "On-the-fly" syntax checking information may be incorrect. [/home/dfec/ece485/ece485_final_cadet_stage4/instr_mem.vhdl:]
WARNING: [filemgmt 56-199] Attempt to get parsing info during refresh. "On-the-fly" syntax checking information may be incorrect. [/home/dfec/ece485/ece485_final_cadet_stage4/instr_mem.vhdl:]
WARNING: [filemgmt 56-199] Attempt to get parsing info during refresh. "On-the-fly" syntax checking information may be incorrect. [/home/dfec/ece485/ece485_final_cadet_stage4/forwarding_unit.vhdl:]
WARNING: [filemgmt 56-199] Attempt to get parsing info during refresh. "On-the-fly" syntax checking information may be incorrect. [/home/dfec/ece485/ece485_final_cadet_stage4/instr_mem.vhdl:]
WARNING: [filemgmt 56-199] Attempt to get parsing info during refresh. "On-the-fly" syntax checking information may be incorrect. [/home/dfec/ece485/ece485_final_cadet_stage4/hazard_detection_unit.vhdl:]
WARNING: [filemgmt 56-199] Attempt to get parsing info during refresh. "On-the-fly" syntax checking information may be incorrect. [/home/dfec/ece485/ece485_final_cadet_stage4/pipeline_registers.vhdl:]
WARNING: [filemgmt 56-199] Attempt to get parsing info during refresh. "On-the-fly" syntax checking information may be incorrect. [/home/dfec/ece485/ece485_final_cadet_stage4/alu_control.vhdl:]
WARNING: [filemgmt 56-199] Attempt to get parsing info during refresh. "On-the-fly" syntax checking information may be incorrect. [/home/dfec/ece485/ece485_final_cadet_stage4/riscv_pipeline.vhdl:]
WARNING: [filemgmt 56-199] Attempt to get parsing info during refresh. "On-the-fly" syntax checking information may be incorrect. [/home/dfec/ece485/ece485_final_cadet_stage4/riscv_pipeline.vhdl:]
WARNING: [filemgmt 56-199] Attempt to get parsing info during refresh. "On-the-fly" syntax checking information may be incorrect. [/home/dfec/ece485/ece485_final_cadet_stage4/riscv_pipeline.vhdl:]
WARNING: [filemgmt 56-199] Attempt to get parsing info during refresh. "On-the-fly" syntax checking information may be incorrect. [/home/dfec/ece485/ece485_final_cadet_stage4/forwarding_unit.vhdl:]
WARNING: [filemgmt 56-199] Attempt to get parsing info during refresh. "On-the-fly" syntax checking information may be incorrect. [/home/dfec/ece485/ece485_final_cadet_stage4/instr_mem.vhdl:]
WARNING: [filemgmt 56-199] Attempt to get parsing info during refresh. "On-the-fly" syntax checking information may be incorrect. [/home/dfec/ece485/ece485_final_cadet_stage4/hazard_detection_unit.vhdl:]
WARNING: [filemgmt 56-199] Attempt to get parsing info during refresh. "On-the-fly" syntax checking information may be incorrect. [/home/dfec/ece485/ece485_final_cadet_stage4/pipeline_registers.vhdl:]
WARNING: [filemgmt 56-199] Attempt to get parsing info during refresh. "On-the-fly" syntax checking information may be incorrect. [/home/dfec/ece485/ece485_final_cadet_stage4/alu_control.vhdl:]
WARNING: [filemgmt 56-199] Attempt to get parsing info during refresh. "On-the-fly" syntax checking information may be incorrect. [/home/dfec/ece485/ece485_final_cadet_stage4/riscv_pipeline.vhdl:]
WARNING: [filemgmt 56-199] Attempt to get parsing info during refresh. "On-the-fly" syntax checking information may be incorrect. [/home/dfec/ece485/ece485_final_cadet_stage4/hazard_detection_unit.vhdl:]
WARNING: [filemgmt 56-199] Attempt to get parsing info during refresh. "On-the-fly" syntax checking information may be incorrect. [/home/dfec/ece485/ece485_final_cadet_stage4/hazard_detection_unit.vhdl:]
WARNING: [filemgmt 56-199] Attempt to get parsing info during refresh. "On-the-fly" syntax checking information may be incorrect. [/home/dfec/ece485/ece485_final_cadet_stage4/forwarding_unit.vhdl:]
WARNING: [filemgmt 56-199] Attempt to get parsing info during refresh. "On-the-fly" syntax checking information may be incorrect. [/home/dfec/ece485/ece485_final_cadet_stage4/instr_mem.vhdl:]
WARNING: [filemgmt 56-199] Attempt to get parsing info during refresh. "On-the-fly" syntax checking information may be incorrect. [/home/dfec/ece485/ece485_final_cadet_stage4/hazard_detection_unit.vhdl:]
WARNING: [filemgmt 56-199] Attempt to get parsing info during refresh. "On-the-fly" syntax checking information may be incorrect. [/home/dfec/ece485/ece485_final_cadet_stage4/pipeline_registers.vhdl:]
WARNING: [filemgmt 56-199] Attempt to get parsing info during refresh. "On-the-fly" syntax checking information may be incorrect. [/home/dfec/ece485/ece485_final_cadet_stage4/alu_control.vhdl:]
WARNING: [filemgmt 56-199] Attempt to get parsing info during refresh. "On-the-fly" syntax checking information may be incorrect. [/home/dfec/ece485/ece485_final_cadet_stage4/riscv_pipeline.vhdl:]
WARNING: [filemgmt 56-199] Attempt to get parsing info during refresh. "On-the-fly" syntax checking information may be incorrect. [/home/dfec/ece485/ece485_final_cadet_stage4/riscv_pipeline.vhdl:]
WARNING: [filemgmt 56-199] Attempt to get parsing info during refresh. "On-the-fly" syntax checking information may be incorrect. [/home/dfec/ece485/ece485_final_cadet_stage4/riscv_pipeline.vhdl:]
WARNING: [filemgmt 56-199] Attempt to get parsing info during refresh. "On-the-fly" syntax checking information may be incorrect. [/home/dfec/ece485/ece485_final_cadet_stage4/forwarding_unit.vhdl:]
WARNING: [filemgmt 56-199] Attempt to get parsing info during refresh. "On-the-fly" syntax checking information may be incorrect. [/home/dfec/ece485/ece485_final_cadet_stage4/instr_mem.vhdl:]
WARNING: [filemgmt 56-199] Attempt to get parsing info during refresh. "On-the-fly" syntax checking information may be incorrect. [/home/dfec/ece485/ece485_final_cadet_stage4/hazard_detection_unit.vhdl:]
WARNING: [filemgmt 56-199] Attempt to get parsing info during refresh. "On-the-fly" syntax checking information may be incorrect. [/home/dfec/ece485/ece485_final_cadet_stage4/pipeline_registers.vhdl:]
WARNING: [filemgmt 56-199] Attempt to get parsing info during refresh. "On-the-fly" syntax checking information may be incorrect. [/home/dfec/ece485/ece485_final_cadet_stage4/alu_control.vhdl:]
WARNING: [filemgmt 56-199] Attempt to get parsing info during refresh. "On-the-fly" syntax checking information may be incorrect. [/home/dfec/ece485/ece485_final_cadet_stage4/riscv_pipeline.vhdl:]
WARNING: [filemgmt 56-199] Attempt to get parsing info during refresh. "On-the-fly" syntax checking information may be incorrect. [/home/dfec/ece485/ece485_final_cadet_stage4/forwarding_unit.vhdl:]
WARNING: [filemgmt 56-199] Attempt to get parsing info during refresh. "On-the-fly" syntax checking information may be incorrect. [/home/dfec/ece485/ece485_final_cadet_stage4/forwarding_unit.vhdl:]
WARNING: [filemgmt 56-199] Attempt to get parsing info during refresh. "On-the-fly" syntax checking information may be incorrect. [/home/dfec/ece485/ece485_final_cadet_stage4/forwarding_unit.vhdl:]
WARNING: [filemgmt 56-199] Attempt to get parsing info during refresh. "On-the-fly" syntax checking information may be incorrect. [/home/dfec/ece485/ece485_final_cadet_stage4/instr_mem.vhdl:]
WARNING: [filemgmt 56-199] Attempt to get parsing info during refresh. "On-the-fly" syntax checking information may be incorrect. [/home/dfec/ece485/ece485_final_cadet_stage4/hazard_detection_unit.vhdl:]
WARNING: [filemgmt 56-199] Attempt to get parsing info during refresh. "On-the-fly" syntax checking information may be incorrect. [/home/dfec/ece485/ece485_final_cadet_stage4/pipeline_registers.vhdl:]
WARNING: [filemgmt 56-199] Attempt to get parsing info during refresh. "On-the-fly" syntax checking information may be incorrect. [/home/dfec/ece485/ece485_final_cadet_stage4/alu_control.vhdl:]
WARNING: [filemgmt 56-199] Attempt to get parsing info during refresh. "On-the-fly" syntax checking information may be incorrect. [/home/dfec/ece485/ece485_final_cadet_stage4/riscv_pipeline.vhdl:]
WARNING: [filemgmt 56-199] Attempt to get parsing info during refresh. "On-the-fly" syntax checking information may be incorrect. [/home/dfec/ece485/ece485_final_cadet_stage4/instr_mem.vhdl:]
WARNING: [filemgmt 56-199] Attempt to get parsing info during refresh. "On-the-fly" syntax checking information may be incorrect. [/home/dfec/ece485/ece485_final_cadet_stage4/instr_mem.vhdl:]
WARNING: [filemgmt 56-199] Attempt to get parsing info during refresh. "On-the-fly" syntax checking information may be incorrect. [/home/dfec/ece485/ece485_final_cadet_stage4/forwarding_unit.vhdl:]
WARNING: [filemgmt 56-199] Attempt to get parsing info during refresh. "On-the-fly" syntax checking information may be incorrect. [/home/dfec/ece485/ece485_final_cadet_stage4/instr_mem.vhdl:]
WARNING: [filemgmt 56-199] Attempt to get parsing info during refresh. "On-the-fly" syntax checking information may be incorrect. [/home/dfec/ece485/ece485_final_cadet_stage4/hazard_detection_unit.vhdl:]
WARNING: [filemgmt 56-199] Attempt to get parsing info during refresh. "On-the-fly" syntax checking information may be incorrect. [/home/dfec/ece485/ece485_final_cadet_stage4/pipeline_registers.vhdl:]
WARNING: [filemgmt 56-199] Attempt to get parsing info during refresh. "On-the-fly" syntax checking information may be incorrect. [/home/dfec/ece485/ece485_final_cadet_stage4/alu_control.vhdl:]
WARNING: [filemgmt 56-199] Attempt to get parsing info during refresh. "On-the-fly" syntax checking information may be incorrect. [/home/dfec/ece485/ece485_final_cadet_stage4/riscv_pipeline.vhdl:]
WARNING: [filemgmt 56-199] Attempt to get parsing info during refresh. "On-the-fly" syntax checking information may be incorrect. [/home/dfec/ece485/ece485_final_cadet_stage4/alu_control.vhdl:]
WARNING: [filemgmt 56-199] Attempt to get parsing info during refresh. "On-the-fly" syntax checking information may be incorrect. [/home/dfec/ece485/ece485_final_cadet_stage4/alu_control.vhdl:]
WARNING: [filemgmt 56-199] Attempt to get parsing info during refresh. "On-the-fly" syntax checking information may be incorrect. [/home/dfec/ece485/ece485_final_cadet_stage4/forwarding_unit.vhdl:]
WARNING: [filemgmt 56-199] Attempt to get parsing info during refresh. "On-the-fly" syntax checking information may be incorrect. [/home/dfec/ece485/ece485_final_cadet_stage4/instr_mem.vhdl:]
WARNING: [filemgmt 56-199] Attempt to get parsing info during refresh. "On-the-fly" syntax checking information may be incorrect. [/home/dfec/ece485/ece485_final_cadet_stage4/hazard_detection_unit.vhdl:]
WARNING: [filemgmt 56-199] Attempt to get parsing info during refresh. "On-the-fly" syntax checking information may be incorrect. [/home/dfec/ece485/ece485_final_cadet_stage4/pipeline_registers.vhdl:]
WARNING: [filemgmt 56-199] Attempt to get parsing info during refresh. "On-the-fly" syntax checking information may be incorrect. [/home/dfec/ece485/ece485_final_cadet_stage4/alu_control.vhdl:]
WARNING: [filemgmt 56-199] Attempt to get parsing info during refresh. "On-the-fly" syntax checking information may be incorrect. [/home/dfec/ece485/ece485_final_cadet_stage4/riscv_pipeline.vhdl:]
WARNING: [filemgmt 56-199] Attempt to get parsing info during refresh. "On-the-fly" syntax checking information may be incorrect. [/home/dfec/ece485/ece485_final_cadet_stage4/pipeline_registers.vhdl:]
WARNING: [filemgmt 56-199] Attempt to get parsing info during refresh. "On-the-fly" syntax checking information may be incorrect. [/home/dfec/ece485/ece485_final_cadet_stage4/pipeline_registers.vhdl:]
WARNING: [filemgmt 56-199] Attempt to get parsing info during refresh. "On-the-fly" syntax checking information may be incorrect. [/home/dfec/ece485/ece485_final_cadet_stage4/forwarding_unit.vhdl:]
WARNING: [filemgmt 56-199] Attempt to get parsing info during refresh. "On-the-fly" syntax checking information may be incorrect. [/home/dfec/ece485/ece485_final_cadet_stage4/instr_mem.vhdl:]
WARNING: [filemgmt 56-199] Attempt to get parsing info during refresh. "On-the-fly" syntax checking information may be incorrect. [/home/dfec/ece485/ece485_final_cadet_stage4/hazard_detection_unit.vhdl:]
WARNING: [filemgmt 56-199] Attempt to get parsing info during refresh. "On-the-fly" syntax checking information may be incorrect. [/home/dfec/ece485/ece485_final_cadet_stage4/pipeline_registers.vhdl:]
WARNING: [filemgmt 56-199] Attempt to get parsing info during refresh. "On-the-fly" syntax checking information may be incorrect. [/home/dfec/ece485/ece485_final_cadet_stage4/alu_control.vhdl:]
WARNING: [filemgmt 56-199] Attempt to get parsing info during refresh. "On-the-fly" syntax checking information may be incorrect. [/home/dfec/ece485/ece485_final_cadet_stage4/riscv_pipeline.vhdl:]
WARNING: [filemgmt 56-199] Attempt to get parsing info during refresh. "On-the-fly" syntax checking information may be incorrect. [/home/dfec/ece485/ece485_final_cadet_stage4/hazard_detection_unit.vhdl:]
WARNING: [filemgmt 56-199] Attempt to get parsing info during refresh. "On-the-fly" syntax checking information may be incorrect. [/home/dfec/ece485/ece485_final_cadet_stage4/hazard_detection_unit.vhdl:]
WARNING: [filemgmt 56-199] Attempt to get parsing info during refresh. "On-the-fly" syntax checking information may be incorrect. [/home/dfec/ece485/ece485_final_cadet_stage4/forwarding_unit.vhdl:]
WARNING: [filemgmt 56-199] Attempt to get parsing info during refresh. "On-the-fly" syntax checking information may be incorrect. [/home/dfec/ece485/ece485_final_cadet_stage4/instr_mem.vhdl:]
WARNING: [filemgmt 56-199] Attempt to get parsing info during refresh. "On-the-fly" syntax checking information may be incorrect. [/home/dfec/ece485/ece485_final_cadet_stage4/hazard_detection_unit.vhdl:]
WARNING: [filemgmt 56-199] Attempt to get parsing info during refresh. "On-the-fly" syntax checking information may be incorrect. [/home/dfec/ece485/ece485_final_cadet_stage4/pipeline_registers.vhdl:]
WARNING: [filemgmt 56-199] Attempt to get parsing info during refresh. "On-the-fly" syntax checking information may be incorrect. [/home/dfec/ece485/ece485_final_cadet_stage4/alu_control.vhdl:]
WARNING: [filemgmt 56-199] Attempt to get parsing info during refresh. "On-the-fly" syntax checking information may be incorrect. [/home/dfec/ece485/ece485_final_cadet_stage4/riscv_pipeline.vhdl:]
WARNING: [filemgmt 56-199] Attempt to get parsing info during refresh. "On-the-fly" syntax checking information may be incorrect. [/home/dfec/ece485/ece485_final_cadet_stage4/riscv_pipeline.vhdl:]
WARNING: [filemgmt 56-199] Attempt to get parsing info during refresh. "On-the-fly" syntax checking information may be incorrect. [/home/dfec/ece485/ece485_final_cadet_stage4/riscv_pipeline.vhdl:]
WARNING: [filemgmt 56-199] Attempt to get parsing info during refresh. "On-the-fly" syntax checking information may be incorrect. [/home/dfec/ece485/ece485_final_cadet_stage4/forwarding_unit.vhdl:]
WARNING: [filemgmt 56-199] Attempt to get parsing info during refresh. "On-the-fly" syntax checking information may be incorrect. [/home/dfec/ece485/ece485_final_cadet_stage4/instr_mem.vhdl:]
WARNING: [filemgmt 56-199] Attempt to get parsing info during refresh. "On-the-fly" syntax checking information may be incorrect. [/home/dfec/ece485/ece485_final_cadet_stage4/hazard_detection_unit.vhdl:]
WARNING: [filemgmt 56-199] Attempt to get parsing info during refresh. "On-the-fly" syntax checking information may be incorrect. [/home/dfec/ece485/ece485_final_cadet_stage4/pipeline_registers.vhdl:]
WARNING: [filemgmt 56-199] Attempt to get parsing info during refresh. "On-the-fly" syntax checking information may be incorrect. [/home/dfec/ece485/ece485_final_cadet_stage4/alu_control.vhdl:]
WARNING: [filemgmt 56-199] Attempt to get parsing info during refresh. "On-the-fly" syntax checking information may be incorrect. [/home/dfec/ece485/ece485_final_cadet_stage4/riscv_pipeline.vhdl:]
WARNING: [filemgmt 56-199] Attempt to get parsing info during refresh. "On-the-fly" syntax checking information may be incorrect. [/home/dfec/ece485/ece485_final_cadet_stage4/alu_control.vhdl:]
WARNING: [filemgmt 56-199] Attempt to get parsing info during refresh. "On-the-fly" syntax checking information may be incorrect. [/home/dfec/ece485/ece485_final_cadet_stage4/alu_control.vhdl:]
WARNING: [filemgmt 56-199] Attempt to get parsing info during refresh. "On-the-fly" syntax checking information may be incorrect. [/home/dfec/ece485/ece485_final_cadet_stage4/forwarding_unit.vhdl:]
WARNING: [filemgmt 56-199] Attempt to get parsing info during refresh. "On-the-fly" syntax checking information may be incorrect. [/home/dfec/ece485/ece485_final_cadet_stage4/instr_mem.vhdl:]
WARNING: [filemgmt 56-199] Attempt to get parsing info during refresh. "On-the-fly" syntax checking information may be incorrect. [/home/dfec/ece485/ece485_final_cadet_stage4/hazard_detection_unit.vhdl:]
WARNING: [filemgmt 56-199] Attempt to get parsing info during refresh. "On-the-fly" syntax checking information may be incorrect. [/home/dfec/ece485/ece485_final_cadet_stage4/pipeline_registers.vhdl:]
WARNING: [filemgmt 56-199] Attempt to get parsing info during refresh. "On-the-fly" syntax checking information may be incorrect. [/home/dfec/ece485/ece485_final_cadet_stage4/alu_control.vhdl:]
WARNING: [filemgmt 56-199] Attempt to get parsing info during refresh. "On-the-fly" syntax checking information may be incorrect. [/home/dfec/ece485/ece485_final_cadet_stage4/riscv_pipeline.vhdl:]
WARNING: [filemgmt 56-199] Attempt to get parsing info during refresh. "On-the-fly" syntax checking information may be incorrect. [/home/dfec/ece485/ece485_final_cadet_stage4/instr_mem.vhdl:]
WARNING: [filemgmt 56-199] Attempt to get parsing info during refresh. "On-the-fly" syntax checking information may be incorrect. [/home/dfec/ece485/ece485_final_cadet_stage4/instr_mem.vhdl:]
WARNING: [filemgmt 56-199] Attempt to get parsing info during refresh. "On-the-fly" syntax checking information may be incorrect. [/home/dfec/ece485/ece485_final_cadet_stage4/forwarding_unit.vhdl:]
WARNING: [filemgmt 56-199] Attempt to get parsing info during refresh. "On-the-fly" syntax checking information may be incorrect. [/home/dfec/ece485/ece485_final_cadet_stage4/instr_mem.vhdl:]
WARNING: [filemgmt 56-199] Attempt to get parsing info during refresh. "On-the-fly" syntax checking information may be incorrect. [/home/dfec/ece485/ece485_final_cadet_stage4/hazard_detection_unit.vhdl:]
WARNING: [filemgmt 56-199] Attempt to get parsing info during refresh. "On-the-fly" syntax checking information may be incorrect. [/home/dfec/ece485/ece485_final_cadet_stage4/pipeline_registers.vhdl:]
WARNING: [filemgmt 56-199] Attempt to get parsing info during refresh. "On-the-fly" syntax checking information may be incorrect. [/home/dfec/ece485/ece485_final_cadet_stage4/alu_control.vhdl:]
WARNING: [filemgmt 56-199] Attempt to get parsing info during refresh. "On-the-fly" syntax checking information may be incorrect. [/home/dfec/ece485/ece485_final_cadet_stage4/riscv_pipeline.vhdl:]
WARNING: [filemgmt 56-199] Attempt to get parsing info during refresh. "On-the-fly" syntax checking information may be incorrect. [/home/dfec/ece485/ece485_final_cadet_stage4/pipeline_registers.vhdl:]
WARNING: [filemgmt 56-199] Attempt to get parsing info during refresh. "On-the-fly" syntax checking information may be incorrect. [/home/dfec/ece485/ece485_final_cadet_stage4/pipeline_registers.vhdl:]
WARNING: [filemgmt 56-199] Attempt to get parsing info during refresh. "On-the-fly" syntax checking information may be incorrect. [/home/dfec/ece485/ece485_final_cadet_stage4/forwarding_unit.vhdl:]
WARNING: [filemgmt 56-199] Attempt to get parsing info during refresh. "On-the-fly" syntax checking information may be incorrect. [/home/dfec/ece485/ece485_final_cadet_stage4/instr_mem.vhdl:]
WARNING: [filemgmt 56-199] Attempt to get parsing info during refresh. "On-the-fly" syntax checking information may be incorrect. [/home/dfec/ece485/ece485_final_cadet_stage4/hazard_detection_unit.vhdl:]
WARNING: [filemgmt 56-199] Attempt to get parsing info during refresh. "On-the-fly" syntax checking information may be incorrect. [/home/dfec/ece485/ece485_final_cadet_stage4/pipeline_registers.vhdl:]
WARNING: [filemgmt 56-199] Attempt to get parsing info during refresh. "On-the-fly" syntax checking information may be incorrect. [/home/dfec/ece485/ece485_final_cadet_stage4/alu_control.vhdl:]
WARNING: [filemgmt 56-199] Attempt to get parsing info during refresh. "On-the-fly" syntax checking information may be incorrect. [/home/dfec/ece485/ece485_final_cadet_stage4/riscv_pipeline.vhdl:]
WARNING: [filemgmt 56-199] Attempt to get parsing info during refresh. "On-the-fly" syntax checking information may be incorrect. [/home/dfec/ece485/ece485_final_cadet_stage4/riscv_pipeline.vhdl:]
WARNING: [filemgmt 56-199] Attempt to get parsing info during refresh. "On-the-fly" syntax checking information may be incorrect. [/home/dfec/ece485/ece485_final_cadet_stage4/riscv_pipeline.vhdl:]
WARNING: [filemgmt 56-199] Attempt to get parsing info during refresh. "On-the-fly" syntax checking information may be incorrect. [/home/dfec/ece485/ece485_final_cadet_stage4/forwarding_unit.vhdl:]
WARNING: [filemgmt 56-199] Attempt to get parsing info during refresh. "On-the-fly" syntax checking information may be incorrect. [/home/dfec/ece485/ece485_final_cadet_stage4/instr_mem.vhdl:]
WARNING: [filemgmt 56-199] Attempt to get parsing info during refresh. "On-the-fly" syntax checking information may be incorrect. [/home/dfec/ece485/ece485_final_cadet_stage4/hazard_detection_unit.vhdl:]
WARNING: [filemgmt 56-199] Attempt to get parsing info during refresh. "On-the-fly" syntax checking information may be incorrect. [/home/dfec/ece485/ece485_final_cadet_stage4/pipeline_registers.vhdl:]
WARNING: [filemgmt 56-199] Attempt to get parsing info during refresh. "On-the-fly" syntax checking information may be incorrect. [/home/dfec/ece485/ece485_final_cadet_stage4/alu_control.vhdl:]
WARNING: [filemgmt 56-199] Attempt to get parsing info during refresh. "On-the-fly" syntax checking information may be incorrect. [/home/dfec/ece485/ece485_final_cadet_stage4/riscv_pipeline.vhdl:]
WARNING: [filemgmt 56-199] Attempt to get parsing info during refresh. "On-the-fly" syntax checking information may be incorrect. [/home/dfec/ece485/ece485_final_cadet_stage4/hazard_detection_unit.vhdl:]
WARNING: [filemgmt 56-199] Attempt to get parsing info during refresh. "On-the-fly" syntax checking information may be incorrect. [/home/dfec/ece485/ece485_final_cadet_stage4/hazard_detection_unit.vhdl:]
WARNING: [filemgmt 56-199] Attempt to get parsing info during refresh. "On-the-fly" syntax checking information may be incorrect. [/home/dfec/ece485/ece485_final_cadet_stage4/forwarding_unit.vhdl:]
WARNING: [filemgmt 56-199] Attempt to get parsing info during refresh. "On-the-fly" syntax checking information may be incorrect. [/home/dfec/ece485/ece485_final_cadet_stage4/instr_mem.vhdl:]
WARNING: [filemgmt 56-199] Attempt to get parsing info during refresh. "On-the-fly" syntax checking information may be incorrect. [/home/dfec/ece485/ece485_final_cadet_stage4/hazard_detection_unit.vhdl:]
WARNING: [filemgmt 56-199] Attempt to get parsing info during refresh. "On-the-fly" syntax checking information may be incorrect. [/home/dfec/ece485/ece485_final_cadet_stage4/pipeline_registers.vhdl:]
WARNING: [filemgmt 56-199] Attempt to get parsing info during refresh. "On-the-fly" syntax checking information may be incorrect. [/home/dfec/ece485/ece485_final_cadet_stage4/alu_control.vhdl:]
WARNING: [filemgmt 56-199] Attempt to get parsing info during refresh. "On-the-fly" syntax checking information may be incorrect. [/home/dfec/ece485/ece485_final_cadet_stage4/riscv_pipeline.vhdl:]
WARNING: [filemgmt 56-199] Attempt to get parsing info during refresh. "On-the-fly" syntax checking information may be incorrect. [/home/dfec/ece485/ece485_final_cadet_stage4/instr_mem.vhdl:]
WARNING: [filemgmt 56-199] Attempt to get parsing info during refresh. "On-the-fly" syntax checking information may be incorrect. [/home/dfec/ece485/ece485_final_cadet_stage4/instr_mem.vhdl:]
WARNING: [filemgmt 56-199] Attempt to get parsing info during refresh. "On-the-fly" syntax checking information may be incorrect. [/home/dfec/ece485/ece485_final_cadet_stage4/forwarding_unit.vhdl:]
WARNING: [filemgmt 56-199] Attempt to get parsing info during refresh. "On-the-fly" syntax checking information may be incorrect. [/home/dfec/ece485/ece485_final_cadet_stage4/instr_mem.vhdl:]
WARNING: [filemgmt 56-199] Attempt to get parsing info during refresh. "On-the-fly" syntax checking information may be incorrect. [/home/dfec/ece485/ece485_final_cadet_stage4/hazard_detection_unit.vhdl:]
WARNING: [filemgmt 56-199] Attempt to get parsing info during refresh. "On-the-fly" syntax checking information may be incorrect. [/home/dfec/ece485/ece485_final_cadet_stage4/pipeline_registers.vhdl:]
WARNING: [filemgmt 56-199] Attempt to get parsing info during refresh. "On-the-fly" syntax checking information may be incorrect. [/home/dfec/ece485/ece485_final_cadet_stage4/alu_control.vhdl:]
WARNING: [filemgmt 56-199] Attempt to get parsing info during refresh. "On-the-fly" syntax checking information may be incorrect. [/home/dfec/ece485/ece485_final_cadet_stage4/riscv_pipeline.vhdl:]
WARNING: [filemgmt 56-199] Attempt to get parsing info during refresh. "On-the-fly" syntax checking information may be incorrect. [/home/dfec/ece485/ece485_final_cadet_stage4/alu_control.vhdl:]
WARNING: [filemgmt 56-199] Attempt to get parsing info during refresh. "On-the-fly" syntax checking information may be incorrect. [/home/dfec/ece485/ece485_final_cadet_stage4/alu_control.vhdl:]
WARNING: [filemgmt 56-199] Attempt to get parsing info during refresh. "On-the-fly" syntax checking information may be incorrect. [/home/dfec/ece485/ece485_final_cadet_stage4/forwarding_unit.vhdl:]
WARNING: [filemgmt 56-199] Attempt to get parsing info during refresh. "On-the-fly" syntax checking information may be incorrect. [/home/dfec/ece485/ece485_final_cadet_stage4/instr_mem.vhdl:]
WARNING: [filemgmt 56-199] Attempt to get parsing info during refresh. "On-the-fly" syntax checking information may be incorrect. [/home/dfec/ece485/ece485_final_cadet_stage4/hazard_detection_unit.vhdl:]
WARNING: [filemgmt 56-199] Attempt to get parsing info during refresh. "On-the-fly" syntax checking information may be incorrect. [/home/dfec/ece485/ece485_final_cadet_stage4/pipeline_registers.vhdl:]
WARNING: [filemgmt 56-199] Attempt to get parsing info during refresh. "On-the-fly" syntax checking information may be incorrect. [/home/dfec/ece485/ece485_final_cadet_stage4/alu_control.vhdl:]
WARNING: [filemgmt 56-199] Attempt to get parsing info during refresh. "On-the-fly" syntax checking information may be incorrect. [/home/dfec/ece485/ece485_final_cadet_stage4/riscv_pipeline.vhdl:]
WARNING: [filemgmt 56-199] Attempt to get parsing info during refresh. "On-the-fly" syntax checking information may be incorrect. [/home/dfec/ece485/ece485_final_cadet_stage4/pipeline_registers.vhdl:]
WARNING: [filemgmt 56-199] Attempt to get parsing info during refresh. "On-the-fly" syntax checking information may be incorrect. [/home/dfec/ece485/ece485_final_cadet_stage4/pipeline_registers.vhdl:]
WARNING: [filemgmt 56-199] Attempt to get parsing info during refresh. "On-the-fly" syntax checking information may be incorrect. [/home/dfec/ece485/ece485_final_cadet_stage4/forwarding_unit.vhdl:]
WARNING: [filemgmt 56-199] Attempt to get parsing info during refresh. "On-the-fly" syntax checking information may be incorrect. [/home/dfec/ece485/ece485_final_cadet_stage4/instr_mem.vhdl:]
WARNING: [filemgmt 56-199] Attempt to get parsing info during refresh. "On-the-fly" syntax checking information may be incorrect. [/home/dfec/ece485/ece485_final_cadet_stage4/hazard_detection_unit.vhdl:]
WARNING: [filemgmt 56-199] Attempt to get parsing info during refresh. "On-the-fly" syntax checking information may be incorrect. [/home/dfec/ece485/ece485_final_cadet_stage4/pipeline_registers.vhdl:]
WARNING: [filemgmt 56-199] Attempt to get parsing info during refresh. "On-the-fly" syntax checking information may be incorrect. [/home/dfec/ece485/ece485_final_cadet_stage4/alu_control.vhdl:]
WARNING: [filemgmt 56-199] Attempt to get parsing info during refresh. "On-the-fly" syntax checking information may be incorrect. [/home/dfec/ece485/ece485_final_cadet_stage4/riscv_pipeline.vhdl:]
WARNING: [filemgmt 56-199] Attempt to get parsing info during refresh. "On-the-fly" syntax checking information may be incorrect. [/home/dfec/ece485/ece485_final_cadet_stage4/riscv_pipeline.vhdl:]
WARNING: [filemgmt 56-199] Attempt to get parsing info during refresh. "On-the-fly" syntax checking information may be incorrect. [/home/dfec/ece485/ece485_final_cadet_stage4/riscv_pipeline.vhdl:]
WARNING: [filemgmt 56-199] Attempt to get parsing info during refresh. "On-the-fly" syntax checking information may be incorrect. [/home/dfec/ece485/ece485_final_cadet_stage4/forwarding_unit.vhdl:]
WARNING: [filemgmt 56-199] Attempt to get parsing info during refresh. "On-the-fly" syntax checking information may be incorrect. [/home/dfec/ece485/ece485_final_cadet_stage4/instr_mem.vhdl:]
WARNING: [filemgmt 56-199] Attempt to get parsing info during refresh. "On-the-fly" syntax checking information may be incorrect. [/home/dfec/ece485/ece485_final_cadet_stage4/hazard_detection_unit.vhdl:]
WARNING: [filemgmt 56-199] Attempt to get parsing info during refresh. "On-the-fly" syntax checking information may be incorrect. [/home/dfec/ece485/ece485_final_cadet_stage4/pipeline_registers.vhdl:]
WARNING: [filemgmt 56-199] Attempt to get parsing info during refresh. "On-the-fly" syntax checking information may be incorrect. [/home/dfec/ece485/ece485_final_cadet_stage4/alu_control.vhdl:]
WARNING: [filemgmt 56-199] Attempt to get parsing info during refresh. "On-the-fly" syntax checking information may be incorrect. [/home/dfec/ece485/ece485_final_cadet_stage4/riscv_pipeline.vhdl:]
WARNING: [filemgmt 56-199] Attempt to get parsing info during refresh. "On-the-fly" syntax checking information may be incorrect. [/home/dfec/ece485/ece485_final_cadet_stage4/forwarding_unit.vhdl:]
WARNING: [filemgmt 56-199] Attempt to get parsing info during refresh. "On-the-fly" syntax checking information may be incorrect. [/home/dfec/ece485/ece485_final_cadet_stage4/forwarding_unit.vhdl:]
WARNING: [filemgmt 56-199] Attempt to get parsing info during refresh. "On-the-fly" syntax checking information may be incorrect. [/home/dfec/ece485/ece485_final_cadet_stage4/forwarding_unit.vhdl:]
WARNING: [filemgmt 56-199] Attempt to get parsing info during refresh. "On-the-fly" syntax checking information may be incorrect. [/home/dfec/ece485/ece485_final_cadet_stage4/instr_mem.vhdl:]
WARNING: [filemgmt 56-199] Attempt to get parsing info during refresh. "On-the-fly" syntax checking information may be incorrect. [/home/dfec/ece485/ece485_final_cadet_stage4/hazard_detection_unit.vhdl:]
WARNING: [filemgmt 56-199] Attempt to get parsing info during refresh. "On-the-fly" syntax checking information may be incorrect. [/home/dfec/ece485/ece485_final_cadet_stage4/pipeline_registers.vhdl:]
WARNING: [filemgmt 56-199] Attempt to get parsing info during refresh. "On-the-fly" syntax checking information may be incorrect. [/home/dfec/ece485/ece485_final_cadet_stage4/alu_control.vhdl:]
WARNING: [filemgmt 56-199] Attempt to get parsing info during refresh. "On-the-fly" syntax checking information may be incorrect. [/home/dfec/ece485/ece485_final_cadet_stage4/riscv_pipeline.vhdl:]
WARNING: [filemgmt 56-199] Attempt to get parsing info during refresh. "On-the-fly" syntax checking information may be incorrect. [/home/dfec/ece485/ece485_final_cadet_stage4/alu_control.vhdl:]
WARNING: [filemgmt 56-199] Attempt to get parsing info during refresh. "On-the-fly" syntax checking information may be incorrect. [/home/dfec/ece485/ece485_final_cadet_stage4/alu_control.vhdl:]
WARNING: [filemgmt 56-199] Attempt to get parsing info during refresh. "On-the-fly" syntax checking information may be incorrect. [/home/dfec/ece485/ece485_final_cadet_stage4/forwarding_unit.vhdl:]
WARNING: [filemgmt 56-199] Attempt to get parsing info during refresh. "On-the-fly" syntax checking information may be incorrect. [/home/dfec/ece485/ece485_final_cadet_stage4/instr_mem.vhdl:]
WARNING: [filemgmt 56-199] Attempt to get parsing info during refresh. "On-the-fly" syntax checking information may be incorrect. [/home/dfec/ece485/ece485_final_cadet_stage4/hazard_detection_unit.vhdl:]
WARNING: [filemgmt 56-199] Attempt to get parsing info during refresh. "On-the-fly" syntax checking information may be incorrect. [/home/dfec/ece485/ece485_final_cadet_stage4/pipeline_registers.vhdl:]
WARNING: [filemgmt 56-199] Attempt to get parsing info during refresh. "On-the-fly" syntax checking information may be incorrect. [/home/dfec/ece485/ece485_final_cadet_stage4/alu_control.vhdl:]
WARNING: [filemgmt 56-199] Attempt to get parsing info during refresh. "On-the-fly" syntax checking information may be incorrect. [/home/dfec/ece485/ece485_final_cadet_stage4/riscv_pipeline.vhdl:]
WARNING: [filemgmt 56-199] Attempt to get parsing info during refresh. "On-the-fly" syntax checking information may be incorrect. [/home/dfec/ece485/ece485_final_cadet_stage4/instr_mem.vhdl:]
WARNING: [filemgmt 56-199] Attempt to get parsing info during refresh. "On-the-fly" syntax checking information may be incorrect. [/home/dfec/ece485/ece485_final_cadet_stage4/instr_mem.vhdl:]
WARNING: [filemgmt 56-199] Attempt to get parsing info during refresh. "On-the-fly" syntax checking information may be incorrect. [/home/dfec/ece485/ece485_final_cadet_stage4/forwarding_unit.vhdl:]
WARNING: [filemgmt 56-199] Attempt to get parsing info during refresh. "On-the-fly" syntax checking information may be incorrect. [/home/dfec/ece485/ece485_final_cadet_stage4/instr_mem.vhdl:]
WARNING: [filemgmt 56-199] Attempt to get parsing info during refresh. "On-the-fly" syntax checking information may be incorrect. [/home/dfec/ece485/ece485_final_cadet_stage4/hazard_detection_unit.vhdl:]
WARNING: [filemgmt 56-199] Attempt to get parsing info during refresh. "On-the-fly" syntax checking information may be incorrect. [/home/dfec/ece485/ece485_final_cadet_stage4/pipeline_registers.vhdl:]
WARNING: [filemgmt 56-199] Attempt to get parsing info during refresh. "On-the-fly" syntax checking information may be incorrect. [/home/dfec/ece485/ece485_final_cadet_stage4/alu_control.vhdl:]
WARNING: [filemgmt 56-199] Attempt to get parsing info during refresh. "On-the-fly" syntax checking information may be incorrect. [/home/dfec/ece485/ece485_final_cadet_stage4/riscv_pipeline.vhdl:]
WARNING: [filemgmt 56-199] Attempt to get parsing info during refresh. "On-the-fly" syntax checking information may be incorrect. [/home/dfec/ece485/ece485_final_cadet_stage4/pipeline_registers.vhdl:]
WARNING: [filemgmt 56-199] Attempt to get parsing info during refresh. "On-the-fly" syntax checking information may be incorrect. [/home/dfec/ece485/ece485_final_cadet_stage4/pipeline_registers.vhdl:]
WARNING: [filemgmt 56-199] Attempt to get parsing info during refresh. "On-the-fly" syntax checking information may be incorrect. [/home/dfec/ece485/ece485_final_cadet_stage4/forwarding_unit.vhdl:]
WARNING: [filemgmt 56-199] Attempt to get parsing info during refresh. "On-the-fly" syntax checking information may be incorrect. [/home/dfec/ece485/ece485_final_cadet_stage4/instr_mem.vhdl:]
WARNING: [filemgmt 56-199] Attempt to get parsing info during refresh. "On-the-fly" syntax checking information may be incorrect. [/home/dfec/ece485/ece485_final_cadet_stage4/hazard_detection_unit.vhdl:]
WARNING: [filemgmt 56-199] Attempt to get parsing info during refresh. "On-the-fly" syntax checking information may be incorrect. [/home/dfec/ece485/ece485_final_cadet_stage4/pipeline_registers.vhdl:]
WARNING: [filemgmt 56-199] Attempt to get parsing info during refresh. "On-the-fly" syntax checking information may be incorrect. [/home/dfec/ece485/ece485_final_cadet_stage4/alu_control.vhdl:]
WARNING: [filemgmt 56-199] Attempt to get parsing info during refresh. "On-the-fly" syntax checking information may be incorrect. [/home/dfec/ece485/ece485_final_cadet_stage4/riscv_pipeline.vhdl:]
WARNING: [filemgmt 56-199] Attempt to get parsing info during refresh. "On-the-fly" syntax checking information may be incorrect. [/home/dfec/ece485/ece485_final_cadet_stage4/hazard_detection_unit.vhdl:]
WARNING: [filemgmt 56-199] Attempt to get parsing info during refresh. "On-the-fly" syntax checking information may be incorrect. [/home/dfec/ece485/ece485_final_cadet_stage4/hazard_detection_unit.vhdl:]
WARNING: [filemgmt 56-199] Attempt to get parsing info during refresh. "On-the-fly" syntax checking information may be incorrect. [/home/dfec/ece485/ece485_final_cadet_stage4/forwarding_unit.vhdl:]
WARNING: [filemgmt 56-199] Attempt to get parsing info during refresh. "On-the-fly" syntax checking information may be incorrect. [/home/dfec/ece485/ece485_final_cadet_stage4/instr_mem.vhdl:]
WARNING: [filemgmt 56-199] Attempt to get parsing info during refresh. "On-the-fly" syntax checking information may be incorrect. [/home/dfec/ece485/ece485_final_cadet_stage4/hazard_detection_unit.vhdl:]
WARNING: [filemgmt 56-199] Attempt to get parsing info during refresh. "On-the-fly" syntax checking information may be incorrect. [/home/dfec/ece485/ece485_final_cadet_stage4/pipeline_registers.vhdl:]
WARNING: [filemgmt 56-199] Attempt to get parsing info during refresh. "On-the-fly" syntax checking information may be incorrect. [/home/dfec/ece485/ece485_final_cadet_stage4/alu_control.vhdl:]
WARNING: [filemgmt 56-199] Attempt to get parsing info during refresh. "On-the-fly" syntax checking information may be incorrect. [/home/dfec/ece485/ece485_final_cadet_stage4/riscv_pipeline.vhdl:]
WARNING: [filemgmt 56-199] Attempt to get parsing info during refresh. "On-the-fly" syntax checking information may be incorrect. [/home/dfec/ece485/ece485_final_cadet_stage4/riscv_pipeline.vhdl:]
WARNING: [filemgmt 56-199] Attempt to get parsing info during refresh. "On-the-fly" syntax checking information may be incorrect. [/home/dfec/ece485/ece485_final_cadet_stage4/riscv_pipeline.vhdl:]
WARNING: [filemgmt 56-199] Attempt to get parsing info during refresh. "On-the-fly" syntax checking information may be incorrect. [/home/dfec/ece485/ece485_final_cadet_stage4/forwarding_unit.vhdl:]
WARNING: [filemgmt 56-199] Attempt to get parsing info during refresh. "On-the-fly" syntax checking information may be incorrect. [/home/dfec/ece485/ece485_final_cadet_stage4/instr_mem.vhdl:]
WARNING: [filemgmt 56-199] Attempt to get parsing info during refresh. "On-the-fly" syntax checking information may be incorrect. [/home/dfec/ece485/ece485_final_cadet_stage4/hazard_detection_unit.vhdl:]
WARNING: [filemgmt 56-199] Attempt to get parsing info during refresh. "On-the-fly" syntax checking information may be incorrect. [/home/dfec/ece485/ece485_final_cadet_stage4/pipeline_registers.vhdl:]
WARNING: [filemgmt 56-199] Attempt to get parsing info during refresh. "On-the-fly" syntax checking information may be incorrect. [/home/dfec/ece485/ece485_final_cadet_stage4/alu_control.vhdl:]
WARNING: [filemgmt 56-199] Attempt to get parsing info during refresh. "On-the-fly" syntax checking information may be incorrect. [/home/dfec/ece485/ece485_final_cadet_stage4/riscv_pipeline.vhdl:]
WARNING: [filemgmt 56-199] Attempt to get parsing info during refresh. "On-the-fly" syntax checking information may be incorrect. [/home/dfec/ece485/ece485_final_cadet_stage4/alu_control.vhdl:]
WARNING: [filemgmt 56-199] Attempt to get parsing info during refresh. "On-the-fly" syntax checking information may be incorrect. [/home/dfec/ece485/ece485_final_cadet_stage4/alu_control.vhdl:]
WARNING: [filemgmt 56-199] Attempt to get parsing info during refresh. "On-the-fly" syntax checking information may be incorrect. [/home/dfec/ece485/ece485_final_cadet_stage4/forwarding_unit.vhdl:]
WARNING: [filemgmt 56-199] Attempt to get parsing info during refresh. "On-the-fly" syntax checking information may be incorrect. [/home/dfec/ece485/ece485_final_cadet_stage4/instr_mem.vhdl:]
WARNING: [filemgmt 56-199] Attempt to get parsing info during refresh. "On-the-fly" syntax checking information may be incorrect. [/home/dfec/ece485/ece485_final_cadet_stage4/hazard_detection_unit.vhdl:]
WARNING: [filemgmt 56-199] Attempt to get parsing info during refresh. "On-the-fly" syntax checking information may be incorrect. [/home/dfec/ece485/ece485_final_cadet_stage4/pipeline_registers.vhdl:]
WARNING: [filemgmt 56-199] Attempt to get parsing info during refresh. "On-the-fly" syntax checking information may be incorrect. [/home/dfec/ece485/ece485_final_cadet_stage4/alu_control.vhdl:]
WARNING: [filemgmt 56-199] Attempt to get parsing info during refresh. "On-the-fly" syntax checking information may be incorrect. [/home/dfec/ece485/ece485_final_cadet_stage4/riscv_pipeline.vhdl:]
WARNING: [filemgmt 56-199] Attempt to get parsing info during refresh. "On-the-fly" syntax checking information may be incorrect. [/home/dfec/ece485/ece485_final_cadet_stage4/instr_mem.vhdl:]
WARNING: [filemgmt 56-199] Attempt to get parsing info during refresh. "On-the-fly" syntax checking information may be incorrect. [/home/dfec/ece485/ece485_final_cadet_stage4/instr_mem.vhdl:]
WARNING: [filemgmt 56-199] Attempt to get parsing info during refresh. "On-the-fly" syntax checking information may be incorrect. [/home/dfec/ece485/ece485_final_cadet_stage4/forwarding_unit.vhdl:]
WARNING: [filemgmt 56-199] Attempt to get parsing info during refresh. "On-the-fly" syntax checking information may be incorrect. [/home/dfec/ece485/ece485_final_cadet_stage4/instr_mem.vhdl:]
WARNING: [filemgmt 56-199] Attempt to get parsing info during refresh. "On-the-fly" syntax checking information may be incorrect. [/home/dfec/ece485/ece485_final_cadet_stage4/hazard_detection_unit.vhdl:]
WARNING: [filemgmt 56-199] Attempt to get parsing info during refresh. "On-the-fly" syntax checking information may be incorrect. [/home/dfec/ece485/ece485_final_cadet_stage4/pipeline_registers.vhdl:]
WARNING: [filemgmt 56-199] Attempt to get parsing info during refresh. "On-the-fly" syntax checking information may be incorrect. [/home/dfec/ece485/ece485_final_cadet_stage4/alu_control.vhdl:]
WARNING: [filemgmt 56-199] Attempt to get parsing info during refresh. "On-the-fly" syntax checking information may be incorrect. [/home/dfec/ece485/ece485_final_cadet_stage4/riscv_pipeline.vhdl:]
WARNING: [filemgmt 56-199] Attempt to get parsing info during refresh. "On-the-fly" syntax checking information may be incorrect. [/home/dfec/ece485/ece485_final_cadet_stage4/pipeline_registers.vhdl:]
WARNING: [filemgmt 56-199] Attempt to get parsing info during refresh. "On-the-fly" syntax checking information may be incorrect. [/home/dfec/ece485/ece485_final_cadet_stage4/pipeline_registers.vhdl:]
close_sim
INFO: xsimkernel Simulation Memory Usage: 289136 KB (Peak: 338468 KB), Simulation CPU Usage: 1280 ms
INFO: [Simtcl 6-16] Simulation closed
launch_simulation
Command: launch_simulation 
INFO: [Vivado 12-25911] Executing simulation for 'XSim' simulator
INFO: [Project 1-5737] Running on host jupiter (64) - Ubuntu 24.04.2 LTS
INFO: [Vivado 12-28535] Process started - Thu May  7 22:55:59 2026

INFO: [Vivado 12-12493] Simulation top is 'tb_riscv_pipeline'
INFO: [Vivado 12-5682] Launching behavioral simulation in '/home/dfec/ece485/ece485_final_cadet_stage4/ece485_final_cadet_stage4.sim/sim_1/behav/xsim'
INFO: [SIM-utils-51] Simulation object is 'sim_1'
INFO: [SIM-utils-72] Using boost library from '/opt/Xilinx/2025.2/tps/boost_1_72_0'
INFO: [SIM-utils-54] Inspecting design source files for 'tb_riscv_pipeline' in fileset 'sim_1'...
INFO: [USF-XSim-97] Finding global include files...
INFO: [USF-XSim-98] Fetching design files from 'sim_1'...
INFO: [USF-XSim-2] XSim::Compile design
INFO: [USF-XSim-61] Executing 'COMPILE and ANALYZE' step in '/home/dfec/ece485/ece485_final_cadet_stage4/ece485_final_cadet_stage4.sim/sim_1/behav/xsim'
xvhdl --incr --relax -prj tb_riscv_pipeline_vhdl.prj
INFO: [VRFC 10-163] Analyzing VHDL file "/home/dfec/ece485/ece485_final_cadet_stage4/hazard_detection_unit.vhdl" into library xil_defaultlib
INFO: [VRFC 10-3107] analyzing entity 'hazard_detection_unit'
INFO: [VRFC 10-163] Analyzing VHDL file "/home/dfec/ece485/ece485_final_cadet_stage4/pipeline_registers.vhdl" into library xil_defaultlib
INFO: [VRFC 10-3107] analyzing entity 'pipeline_registers'
ERROR: [VRFC 10-9608] semicolon after last interface declaration is only supported in VHDL 1076-2019 [/home/dfec/ece485/ece485_final_cadet_stage4/pipeline_registers.vhdl:8]
ERROR: [VRFC 10-9458] unit 'pipeline_registers' is ignored due to previous errors [/home/dfec/ece485/ece485_final_cadet_stage4/pipeline_registers.vhdl:6]
INFO: [VRFC 10-8704] VHDL file '/home/dfec/ece485/ece485_final_cadet_stage4/pipeline_registers.vhdl' is ignored due to errors
INFO: [USF-XSim-69] 'compile' step finished in '2' seconds
INFO: [USF-XSim-99] Step results log file:'/home/dfec/ece485/ece485_final_cadet_stage4/ece485_final_cadet_stage4.sim/sim_1/behav/xsim/xvhdl.log'
ERROR: [USF-XSim-62] 'compile' step failed with error(s). Please check the Tcl console output or '/home/dfec/ece485/ece485_final_cadet_stage4/ece485_final_cadet_stage4.sim/sim_1/behav/xsim/xvhdl.log' file for more information.
ERROR: [Vivado 12-4473] Detected error while running simulation. Please correct the issue and retry this operation.
ERROR: [Common 17-39] 'launch_simulation' failed due to earlier errors.
WARNING: [filemgmt 56-199] Attempt to get parsing info during refresh. "On-the-fly" syntax checking information may be incorrect. [/home/dfec/ece485/ece485_final_cadet_stage4/forwarding_unit.vhdl:]
WARNING: [filemgmt 56-199] Attempt to get parsing info during refresh. "On-the-fly" syntax checking information may be incorrect. [/home/dfec/ece485/ece485_final_cadet_stage4/instr_mem.vhdl:]
WARNING: [filemgmt 56-199] Attempt to get parsing info during refresh. "On-the-fly" syntax checking information may be incorrect. [/home/dfec/ece485/ece485_final_cadet_stage4/hazard_detection_unit.vhdl:]
WARNING: [filemgmt 56-199] Attempt to get parsing info during refresh. "On-the-fly" syntax checking information may be incorrect. [/home/dfec/ece485/ece485_final_cadet_stage4/pipeline_registers.vhdl:]
WARNING: [filemgmt 56-199] Attempt to get parsing info during refresh. "On-the-fly" syntax checking information may be incorrect. [/home/dfec/ece485/ece485_final_cadet_stage4/alu_control.vhdl:]
WARNING: [filemgmt 56-199] Attempt to get parsing info during refresh. "On-the-fly" syntax checking information may be incorrect. [/home/dfec/ece485/ece485_final_cadet_stage4/riscv_pipeline.vhdl:]
WARNING: [filemgmt 56-199] Attempt to get parsing info during refresh. "On-the-fly" syntax checking information may be incorrect. [/home/dfec/ece485/ece485_final_cadet_stage4/pipeline_registers.vhdl:]
WARNING: [filemgmt 56-199] Attempt to get parsing info during refresh. "On-the-fly" syntax checking information may be incorrect. [/home/dfec/ece485/ece485_final_cadet_stage4/pipeline_registers.vhdl:]
WARNING: [filemgmt 56-199] Attempt to get parsing info during refresh. "On-the-fly" syntax checking information may be incorrect. [/home/dfec/ece485/ece485_final_cadet_stage4/forwarding_unit.vhdl:]
WARNING: [filemgmt 56-199] Attempt to get parsing info during refresh. "On-the-fly" syntax checking information may be incorrect. [/home/dfec/ece485/ece485_final_cadet_stage4/instr_mem.vhdl:]
WARNING: [filemgmt 56-199] Attempt to get parsing info during refresh. "On-the-fly" syntax checking information may be incorrect. [/home/dfec/ece485/ece485_final_cadet_stage4/hazard_detection_unit.vhdl:]
WARNING: [filemgmt 56-199] Attempt to get parsing info during refresh. "On-the-fly" syntax checking information may be incorrect. [/home/dfec/ece485/ece485_final_cadet_stage4/pipeline_registers.vhdl:]
WARNING: [filemgmt 56-199] Attempt to get parsing info during refresh. "On-the-fly" syntax checking information may be incorrect. [/home/dfec/ece485/ece485_final_cadet_stage4/alu_control.vhdl:]
WARNING: [filemgmt 56-199] Attempt to get parsing info during refresh. "On-the-fly" syntax checking information may be incorrect. [/home/dfec/ece485/ece485_final_cadet_stage4/riscv_pipeline.vhdl:]
WARNING: [filemgmt 56-199] Attempt to get parsing info during refresh. "On-the-fly" syntax checking information may be incorrect. [/home/dfec/ece485/ece485_final_cadet_stage4/hazard_detection_unit.vhdl:]
WARNING: [filemgmt 56-199] Attempt to get parsing info during refresh. "On-the-fly" syntax checking information may be incorrect. [/home/dfec/ece485/ece485_final_cadet_stage4/hazard_detection_unit.vhdl:]
WARNING: [filemgmt 56-199] Attempt to get parsing info during refresh. "On-the-fly" syntax checking information may be incorrect. [/home/dfec/ece485/ece485_final_cadet_stage4/forwarding_unit.vhdl:]
WARNING: [filemgmt 56-199] Attempt to get parsing info during refresh. "On-the-fly" syntax checking information may be incorrect. [/home/dfec/ece485/ece485_final_cadet_stage4/instr_mem.vhdl:]
WARNING: [filemgmt 56-199] Attempt to get parsing info during refresh. "On-the-fly" syntax checking information may be incorrect. [/home/dfec/ece485/ece485_final_cadet_stage4/hazard_detection_unit.vhdl:]
WARNING: [filemgmt 56-199] Attempt to get parsing info during refresh. "On-the-fly" syntax checking information may be incorrect. [/home/dfec/ece485/ece485_final_cadet_stage4/pipeline_registers.vhdl:]
WARNING: [filemgmt 56-199] Attempt to get parsing info during refresh. "On-the-fly" syntax checking information may be incorrect. [/home/dfec/ece485/ece485_final_cadet_stage4/alu_control.vhdl:]
WARNING: [filemgmt 56-199] Attempt to get parsing info during refresh. "On-the-fly" syntax checking information may be incorrect. [/home/dfec/ece485/ece485_final_cadet_stage4/riscv_pipeline.vhdl:]
WARNING: [filemgmt 56-199] Attempt to get parsing info during refresh. "On-the-fly" syntax checking information may be incorrect. [/home/dfec/ece485/ece485_final_cadet_stage4/forwarding_unit.vhdl:]
WARNING: [filemgmt 56-199] Attempt to get parsing info during refresh. "On-the-fly" syntax checking information may be incorrect. [/home/dfec/ece485/ece485_final_cadet_stage4/forwarding_unit.vhdl:]
WARNING: [filemgmt 56-199] Attempt to get parsing info during refresh. "On-the-fly" syntax checking information may be incorrect. [/home/dfec/ece485/ece485_final_cadet_stage4/forwarding_unit.vhdl:]
WARNING: [filemgmt 56-199] Attempt to get parsing info during refresh. "On-the-fly" syntax checking information may be incorrect. [/home/dfec/ece485/ece485_final_cadet_stage4/instr_mem.vhdl:]
WARNING: [filemgmt 56-199] Attempt to get parsing info during refresh. "On-the-fly" syntax checking information may be incorrect. [/home/dfec/ece485/ece485_final_cadet_stage4/hazard_detection_unit.vhdl:]
WARNING: [filemgmt 56-199] Attempt to get parsing info during refresh. "On-the-fly" syntax checking information may be incorrect. [/home/dfec/ece485/ece485_final_cadet_stage4/pipeline_registers.vhdl:]
WARNING: [filemgmt 56-199] Attempt to get parsing info during refresh. "On-the-fly" syntax checking information may be incorrect. [/home/dfec/ece485/ece485_final_cadet_stage4/alu_control.vhdl:]
WARNING: [filemgmt 56-199] Attempt to get parsing info during refresh. "On-the-fly" syntax checking information may be incorrect. [/home/dfec/ece485/ece485_final_cadet_stage4/riscv_pipeline.vhdl:]
WARNING: [filemgmt 56-199] Attempt to get parsing info during refresh. "On-the-fly" syntax checking information may be incorrect. [/home/dfec/ece485/ece485_final_cadet_stage4/instr_mem.vhdl:]
WARNING: [filemgmt 56-199] Attempt to get parsing info during refresh. "On-the-fly" syntax checking information may be incorrect. [/home/dfec/ece485/ece485_final_cadet_stage4/instr_mem.vhdl:]
WARNING: [filemgmt 56-199] Attempt to get parsing info during refresh. "On-the-fly" syntax checking information may be incorrect. [/home/dfec/ece485/ece485_final_cadet_stage4/forwarding_unit.vhdl:]
WARNING: [filemgmt 56-199] Attempt to get parsing info during refresh. "On-the-fly" syntax checking information may be incorrect. [/home/dfec/ece485/ece485_final_cadet_stage4/instr_mem.vhdl:]
WARNING: [filemgmt 56-199] Attempt to get parsing info during refresh. "On-the-fly" syntax checking information may be incorrect. [/home/dfec/ece485/ece485_final_cadet_stage4/hazard_detection_unit.vhdl:]
WARNING: [filemgmt 56-199] Attempt to get parsing info during refresh. "On-the-fly" syntax checking information may be incorrect. [/home/dfec/ece485/ece485_final_cadet_stage4/pipeline_registers.vhdl:]
WARNING: [filemgmt 56-199] Attempt to get parsing info during refresh. "On-the-fly" syntax checking information may be incorrect. [/home/dfec/ece485/ece485_final_cadet_stage4/alu_control.vhdl:]
WARNING: [filemgmt 56-199] Attempt to get parsing info during refresh. "On-the-fly" syntax checking information may be incorrect. [/home/dfec/ece485/ece485_final_cadet_stage4/riscv_pipeline.vhdl:]
WARNING: [filemgmt 56-199] Attempt to get parsing info during refresh. "On-the-fly" syntax checking information may be incorrect. [/home/dfec/ece485/ece485_final_cadet_stage4/riscv_pipeline.vhdl:]
WARNING: [filemgmt 56-199] Attempt to get parsing info during refresh. "On-the-fly" syntax checking information may be incorrect. [/home/dfec/ece485/ece485_final_cadet_stage4/riscv_pipeline.vhdl:]
WARNING: [filemgmt 56-199] Attempt to get parsing info during refresh. "On-the-fly" syntax checking information may be incorrect. [/home/dfec/ece485/ece485_final_cadet_stage4/forwarding_unit.vhdl:]
WARNING: [filemgmt 56-199] Attempt to get parsing info during refresh. "On-the-fly" syntax checking information may be incorrect. [/home/dfec/ece485/ece485_final_cadet_stage4/instr_mem.vhdl:]
WARNING: [filemgmt 56-199] Attempt to get parsing info during refresh. "On-the-fly" syntax checking information may be incorrect. [/home/dfec/ece485/ece485_final_cadet_stage4/hazard_detection_unit.vhdl:]
WARNING: [filemgmt 56-199] Attempt to get parsing info during refresh. "On-the-fly" syntax checking information may be incorrect. [/home/dfec/ece485/ece485_final_cadet_stage4/pipeline_registers.vhdl:]
WARNING: [filemgmt 56-199] Attempt to get parsing info during refresh. "On-the-fly" syntax checking information may be incorrect. [/home/dfec/ece485/ece485_final_cadet_stage4/alu_control.vhdl:]
WARNING: [filemgmt 56-199] Attempt to get parsing info during refresh. "On-the-fly" syntax checking information may be incorrect. [/home/dfec/ece485/ece485_final_cadet_stage4/riscv_pipeline.vhdl:]
WARNING: [filemgmt 56-199] Attempt to get parsing info during refresh. "On-the-fly" syntax checking information may be incorrect. [/home/dfec/ece485/ece485_final_cadet_stage4/pipeline_registers.vhdl:]
WARNING: [filemgmt 56-199] Attempt to get parsing info during refresh. "On-the-fly" syntax checking information may be incorrect. [/home/dfec/ece485/ece485_final_cadet_stage4/pipeline_registers.vhdl:]
WARNING: [filemgmt 56-199] Attempt to get parsing info during refresh. "On-the-fly" syntax checking information may be incorrect. [/home/dfec/ece485/ece485_final_cadet_stage4/forwarding_unit.vhdl:]
WARNING: [filemgmt 56-199] Attempt to get parsing info during refresh. "On-the-fly" syntax checking information may be incorrect. [/home/dfec/ece485/ece485_final_cadet_stage4/instr_mem.vhdl:]
WARNING: [filemgmt 56-199] Attempt to get parsing info during refresh. "On-the-fly" syntax checking information may be incorrect. [/home/dfec/ece485/ece485_final_cadet_stage4/hazard_detection_unit.vhdl:]
WARNING: [filemgmt 56-199] Attempt to get parsing info during refresh. "On-the-fly" syntax checking information may be incorrect. [/home/dfec/ece485/ece485_final_cadet_stage4/pipeline_registers.vhdl:]
WARNING: [filemgmt 56-199] Attempt to get parsing info during refresh. "On-the-fly" syntax checking information may be incorrect. [/home/dfec/ece485/ece485_final_cadet_stage4/alu_control.vhdl:]
WARNING: [filemgmt 56-199] Attempt to get parsing info during refresh. "On-the-fly" syntax checking information may be incorrect. [/home/dfec/ece485/ece485_final_cadet_stage4/riscv_pipeline.vhdl:]
WARNING: [filemgmt 56-199] Attempt to get parsing info during refresh. "On-the-fly" syntax checking information may be incorrect. [/home/dfec/ece485/ece485_final_cadet_stage4/forwarding_unit.vhdl:]
WARNING: [filemgmt 56-199] Attempt to get parsing info during refresh. "On-the-fly" syntax checking information may be incorrect. [/home/dfec/ece485/ece485_final_cadet_stage4/forwarding_unit.vhdl:]
WARNING: [filemgmt 56-199] Attempt to get parsing info during refresh. "On-the-fly" syntax checking information may be incorrect. [/home/dfec/ece485/ece485_final_cadet_stage4/forwarding_unit.vhdl:]
WARNING: [filemgmt 56-199] Attempt to get parsing info during refresh. "On-the-fly" syntax checking information may be incorrect. [/home/dfec/ece485/ece485_final_cadet_stage4/instr_mem.vhdl:]
WARNING: [filemgmt 56-199] Attempt to get parsing info during refresh. "On-the-fly" syntax checking information may be incorrect. [/home/dfec/ece485/ece485_final_cadet_stage4/hazard_detection_unit.vhdl:]
WARNING: [filemgmt 56-199] Attempt to get parsing info during refresh. "On-the-fly" syntax checking information may be incorrect. [/home/dfec/ece485/ece485_final_cadet_stage4/pipeline_registers.vhdl:]
WARNING: [filemgmt 56-199] Attempt to get parsing info during refresh. "On-the-fly" syntax checking information may be incorrect. [/home/dfec/ece485/ece485_final_cadet_stage4/alu_control.vhdl:]
WARNING: [filemgmt 56-199] Attempt to get parsing info during refresh. "On-the-fly" syntax checking information may be incorrect. [/home/dfec/ece485/ece485_final_cadet_stage4/riscv_pipeline.vhdl:]
WARNING: [filemgmt 56-199] Attempt to get parsing info during refresh. "On-the-fly" syntax checking information may be incorrect. [/home/dfec/ece485/ece485_final_cadet_stage4/alu_control.vhdl:]
WARNING: [filemgmt 56-199] Attempt to get parsing info during refresh. "On-the-fly" syntax checking information may be incorrect. [/home/dfec/ece485/ece485_final_cadet_stage4/alu_control.vhdl:]
WARNING: [filemgmt 56-199] Attempt to get parsing info during refresh. "On-the-fly" syntax checking information may be incorrect. [/home/dfec/ece485/ece485_final_cadet_stage4/forwarding_unit.vhdl:]
WARNING: [filemgmt 56-199] Attempt to get parsing info during refresh. "On-the-fly" syntax checking information may be incorrect. [/home/dfec/ece485/ece485_final_cadet_stage4/instr_mem.vhdl:]
WARNING: [filemgmt 56-199] Attempt to get parsing info during refresh. "On-the-fly" syntax checking information may be incorrect. [/home/dfec/ece485/ece485_final_cadet_stage4/hazard_detection_unit.vhdl:]
WARNING: [filemgmt 56-199] Attempt to get parsing info during refresh. "On-the-fly" syntax checking information may be incorrect. [/home/dfec/ece485/ece485_final_cadet_stage4/pipeline_registers.vhdl:]
WARNING: [filemgmt 56-199] Attempt to get parsing info during refresh. "On-the-fly" syntax checking information may be incorrect. [/home/dfec/ece485/ece485_final_cadet_stage4/alu_control.vhdl:]
WARNING: [filemgmt 56-199] Attempt to get parsing info during refresh. "On-the-fly" syntax checking information may be incorrect. [/home/dfec/ece485/ece485_final_cadet_stage4/riscv_pipeline.vhdl:]
WARNING: [filemgmt 56-199] Attempt to get parsing info during refresh. "On-the-fly" syntax checking information may be incorrect. [/home/dfec/ece485/ece485_final_cadet_stage4/hazard_detection_unit.vhdl:]
WARNING: [filemgmt 56-199] Attempt to get parsing info during refresh. "On-the-fly" syntax checking information may be incorrect. [/home/dfec/ece485/ece485_final_cadet_stage4/hazard_detection_unit.vhdl:]
WARNING: [filemgmt 56-199] Attempt to get parsing info during refresh. "On-the-fly" syntax checking information may be incorrect. [/home/dfec/ece485/ece485_final_cadet_stage4/forwarding_unit.vhdl:]
WARNING: [filemgmt 56-199] Attempt to get parsing info during refresh. "On-the-fly" syntax checking information may be incorrect. [/home/dfec/ece485/ece485_final_cadet_stage4/instr_mem.vhdl:]
WARNING: [filemgmt 56-199] Attempt to get parsing info during refresh. "On-the-fly" syntax checking information may be incorrect. [/home/dfec/ece485/ece485_final_cadet_stage4/hazard_detection_unit.vhdl:]
WARNING: [filemgmt 56-199] Attempt to get parsing info during refresh. "On-the-fly" syntax checking information may be incorrect. [/home/dfec/ece485/ece485_final_cadet_stage4/pipeline_registers.vhdl:]
WARNING: [filemgmt 56-199] Attempt to get parsing info during refresh. "On-the-fly" syntax checking information may be incorrect. [/home/dfec/ece485/ece485_final_cadet_stage4/alu_control.vhdl:]
WARNING: [filemgmt 56-199] Attempt to get parsing info during refresh. "On-the-fly" syntax checking information may be incorrect. [/home/dfec/ece485/ece485_final_cadet_stage4/riscv_pipeline.vhdl:]
WARNING: [filemgmt 56-199] Attempt to get parsing info during refresh. "On-the-fly" syntax checking information may be incorrect. [/home/dfec/ece485/ece485_final_cadet_stage4/riscv_pipeline.vhdl:]
WARNING: [filemgmt 56-199] Attempt to get parsing info during refresh. "On-the-fly" syntax checking information may be incorrect. [/home/dfec/ece485/ece485_final_cadet_stage4/riscv_pipeline.vhdl:]
WARNING: [filemgmt 56-199] Attempt to get parsing info during refresh. "On-the-fly" syntax checking information may be incorrect. [/home/dfec/ece485/ece485_final_cadet_stage4/forwarding_unit.vhdl:]
WARNING: [filemgmt 56-199] Attempt to get parsing info during refresh. "On-the-fly" syntax checking information may be incorrect. [/home/dfec/ece485/ece485_final_cadet_stage4/instr_mem.vhdl:]
WARNING: [filemgmt 56-199] Attempt to get parsing info during refresh. "On-the-fly" syntax checking information may be incorrect. [/home/dfec/ece485/ece485_final_cadet_stage4/hazard_detection_unit.vhdl:]
WARNING: [filemgmt 56-199] Attempt to get parsing info during refresh. "On-the-fly" syntax checking information may be incorrect. [/home/dfec/ece485/ece485_final_cadet_stage4/pipeline_registers.vhdl:]
WARNING: [filemgmt 56-199] Attempt to get parsing info during refresh. "On-the-fly" syntax checking information may be incorrect. [/home/dfec/ece485/ece485_final_cadet_stage4/alu_control.vhdl:]
WARNING: [filemgmt 56-199] Attempt to get parsing info during refresh. "On-the-fly" syntax checking information may be incorrect. [/home/dfec/ece485/ece485_final_cadet_stage4/riscv_pipeline.vhdl:]
WARNING: [filemgmt 56-199] Attempt to get parsing info during refresh. "On-the-fly" syntax checking information may be incorrect. [/home/dfec/ece485/ece485_final_cadet_stage4/hazard_detection_unit.vhdl:]
WARNING: [filemgmt 56-199] Attempt to get parsing info during refresh. "On-the-fly" syntax checking information may be incorrect. [/home/dfec/ece485/ece485_final_cadet_stage4/hazard_detection_unit.vhdl:]
WARNING: [filemgmt 56-199] Attempt to get parsing info during refresh. "On-the-fly" syntax checking information may be incorrect. [/home/dfec/ece485/ece485_final_cadet_stage4/forwarding_unit.vhdl:]
WARNING: [filemgmt 56-199] Attempt to get parsing info during refresh. "On-the-fly" syntax checking information may be incorrect. [/home/dfec/ece485/ece485_final_cadet_stage4/instr_mem.vhdl:]
WARNING: [filemgmt 56-199] Attempt to get parsing info during refresh. "On-the-fly" syntax checking information may be incorrect. [/home/dfec/ece485/ece485_final_cadet_stage4/hazard_detection_unit.vhdl:]
WARNING: [filemgmt 56-199] Attempt to get parsing info during refresh. "On-the-fly" syntax checking information may be incorrect. [/home/dfec/ece485/ece485_final_cadet_stage4/pipeline_registers.vhdl:]
WARNING: [filemgmt 56-199] Attempt to get parsing info during refresh. "On-the-fly" syntax checking information may be incorrect. [/home/dfec/ece485/ece485_final_cadet_stage4/alu_control.vhdl:]
WARNING: [filemgmt 56-199] Attempt to get parsing info during refresh. "On-the-fly" syntax checking information may be incorrect. [/home/dfec/ece485/ece485_final_cadet_stage4/riscv_pipeline.vhdl:]
WARNING: [filemgmt 56-199] Attempt to get parsing info during refresh. "On-the-fly" syntax checking information may be incorrect. [/home/dfec/ece485/ece485_final_cadet_stage4/alu_control.vhdl:]
WARNING: [filemgmt 56-199] Attempt to get parsing info during refresh. "On-the-fly" syntax checking information may be incorrect. [/home/dfec/ece485/ece485_final_cadet_stage4/alu_control.vhdl:]
WARNING: [filemgmt 56-199] Attempt to get parsing info during refresh. "On-the-fly" syntax checking information may be incorrect. [/home/dfec/ece485/ece485_final_cadet_stage4/forwarding_unit.vhdl:]
WARNING: [filemgmt 56-199] Attempt to get parsing info during refresh. "On-the-fly" syntax checking information may be incorrect. [/home/dfec/ece485/ece485_final_cadet_stage4/instr_mem.vhdl:]
WARNING: [filemgmt 56-199] Attempt to get parsing info during refresh. "On-the-fly" syntax checking information may be incorrect. [/home/dfec/ece485/ece485_final_cadet_stage4/hazard_detection_unit.vhdl:]
WARNING: [filemgmt 56-199] Attempt to get parsing info during refresh. "On-the-fly" syntax checking information may be incorrect. [/home/dfec/ece485/ece485_final_cadet_stage4/pipeline_registers.vhdl:]
WARNING: [filemgmt 56-199] Attempt to get parsing info during refresh. "On-the-fly" syntax checking information may be incorrect. [/home/dfec/ece485/ece485_final_cadet_stage4/alu_control.vhdl:]
WARNING: [filemgmt 56-199] Attempt to get parsing info during refresh. "On-the-fly" syntax checking information may be incorrect. [/home/dfec/ece485/ece485_final_cadet_stage4/riscv_pipeline.vhdl:]
WARNING: [filemgmt 56-199] Attempt to get parsing info during refresh. "On-the-fly" syntax checking information may be incorrect. [/home/dfec/ece485/ece485_final_cadet_stage4/instr_mem.vhdl:]
WARNING: [filemgmt 56-199] Attempt to get parsing info during refresh. "On-the-fly" syntax checking information may be incorrect. [/home/dfec/ece485/ece485_final_cadet_stage4/instr_mem.vhdl:]
WARNING: [filemgmt 56-199] Attempt to get parsing info during refresh. "On-the-fly" syntax checking information may be incorrect. [/home/dfec/ece485/ece485_final_cadet_stage4/forwarding_unit.vhdl:]
WARNING: [filemgmt 56-199] Attempt to get parsing info during refresh. "On-the-fly" syntax checking information may be incorrect. [/home/dfec/ece485/ece485_final_cadet_stage4/instr_mem.vhdl:]
WARNING: [filemgmt 56-199] Attempt to get parsing info during refresh. "On-the-fly" syntax checking information may be incorrect. [/home/dfec/ece485/ece485_final_cadet_stage4/hazard_detection_unit.vhdl:]
WARNING: [filemgmt 56-199] Attempt to get parsing info during refresh. "On-the-fly" syntax checking information may be incorrect. [/home/dfec/ece485/ece485_final_cadet_stage4/pipeline_registers.vhdl:]
WARNING: [filemgmt 56-199] Attempt to get parsing info during refresh. "On-the-fly" syntax checking information may be incorrect. [/home/dfec/ece485/ece485_final_cadet_stage4/alu_control.vhdl:]
WARNING: [filemgmt 56-199] Attempt to get parsing info during refresh. "On-the-fly" syntax checking information may be incorrect. [/home/dfec/ece485/ece485_final_cadet_stage4/riscv_pipeline.vhdl:]
WARNING: [filemgmt 56-199] Attempt to get parsing info during refresh. "On-the-fly" syntax checking information may be incorrect. [/home/dfec/ece485/ece485_final_cadet_stage4/pipeline_registers.vhdl:]
WARNING: [filemgmt 56-199] Attempt to get parsing info during refresh. "On-the-fly" syntax checking information may be incorrect. [/home/dfec/ece485/ece485_final_cadet_stage4/pipeline_registers.vhdl:]
launch_simulation
Command: launch_simulation 
INFO: [Vivado 12-25911] Executing simulation for 'XSim' simulator
INFO: [Project 1-5737] Running on host jupiter (64) - Ubuntu 24.04.2 LTS
INFO: [Vivado 12-28535] Process started - Thu May  7 23:01:31 2026

INFO: [Vivado 12-12493] Simulation top is 'tb_riscv_pipeline'
INFO: [Vivado 12-5682] Launching behavioral simulation in '/home/dfec/ece485/ece485_final_cadet_stage4/ece485_final_cadet_stage4.sim/sim_1/behav/xsim'
INFO: [SIM-utils-51] Simulation object is 'sim_1'
INFO: [SIM-utils-72] Using boost library from '/opt/Xilinx/2025.2/tps/boost_1_72_0'
INFO: [SIM-utils-54] Inspecting design source files for 'tb_riscv_pipeline' in fileset 'sim_1'...
INFO: [USF-XSim-97] Finding global include files...
INFO: [USF-XSim-98] Fetching design files from 'sim_1'...
INFO: [USF-XSim-2] XSim::Compile design
INFO: [USF-XSim-61] Executing 'COMPILE and ANALYZE' step in '/home/dfec/ece485/ece485_final_cadet_stage4/ece485_final_cadet_stage4.sim/sim_1/behav/xsim'
xvhdl --incr --relax -prj tb_riscv_pipeline_vhdl.prj
INFO: [VRFC 10-163] Analyzing VHDL file "/home/dfec/ece485/ece485_final_cadet_stage4/hazard_detection_unit.vhdl" into library xil_defaultlib
INFO: [VRFC 10-3107] analyzing entity 'hazard_detection_unit'
INFO: [VRFC 10-163] Analyzing VHDL file "/home/dfec/ece485/ece485_final_cadet_stage4/pipeline_registers.vhdl" into library xil_defaultlib
INFO: [VRFC 10-3107] analyzing entity 'pipeline_registers'
ERROR: [VRFC 10-9608] semicolon after last interface declaration is only supported in VHDL 1076-2019 [/home/dfec/ece485/ece485_final_cadet_stage4/pipeline_registers.vhdl:8]
ERROR: [VRFC 10-9458] unit 'pipeline_registers' is ignored due to previous errors [/home/dfec/ece485/ece485_final_cadet_stage4/pipeline_registers.vhdl:6]
INFO: [VRFC 10-8704] VHDL file '/home/dfec/ece485/ece485_final_cadet_stage4/pipeline_registers.vhdl' is ignored due to errors
INFO: [USF-XSim-69] 'compile' step finished in '1' seconds
INFO: [USF-XSim-99] Step results log file:'/home/dfec/ece485/ece485_final_cadet_stage4/ece485_final_cadet_stage4.sim/sim_1/behav/xsim/xvhdl.log'
ERROR: [USF-XSim-62] 'compile' step failed with error(s). Please check the Tcl console output or '/home/dfec/ece485/ece485_final_cadet_stage4/ece485_final_cadet_stage4.sim/sim_1/behav/xsim/xvhdl.log' file for more information.
ERROR: [Vivado 12-4473] Detected error while running simulation. Please correct the issue and retry this operation.
ERROR: [Common 17-39] 'launch_simulation' failed due to earlier errors.
WARNING: [filemgmt 56-199] Attempt to get parsing info during refresh. "On-the-fly" syntax checking information may be incorrect. [/home/dfec/ece485/ece485_final_cadet_stage4/forwarding_unit.vhdl:]
WARNING: [filemgmt 56-199] Attempt to get parsing info during refresh. "On-the-fly" syntax checking information may be incorrect. [/home/dfec/ece485/ece485_final_cadet_stage4/instr_mem.vhdl:]
WARNING: [filemgmt 56-199] Attempt to get parsing info during refresh. "On-the-fly" syntax checking information may be incorrect. [/home/dfec/ece485/ece485_final_cadet_stage4/hazard_detection_unit.vhdl:]
WARNING: [filemgmt 56-199] Attempt to get parsing info during refresh. "On-the-fly" syntax checking information may be incorrect. [/home/dfec/ece485/ece485_final_cadet_stage4/pipeline_registers.vhdl:]
WARNING: [filemgmt 56-199] Attempt to get parsing info during refresh. "On-the-fly" syntax checking information may be incorrect. [/home/dfec/ece485/ece485_final_cadet_stage4/alu_control.vhdl:]
WARNING: [filemgmt 56-199] Attempt to get parsing info during refresh. "On-the-fly" syntax checking information may be incorrect. [/home/dfec/ece485/ece485_final_cadet_stage4/riscv_pipeline.vhdl:]
WARNING: [filemgmt 56-199] Attempt to get parsing info during refresh. "On-the-fly" syntax checking information may be incorrect. [/home/dfec/ece485/ece485_final_cadet_stage4/riscv_pipeline.vhdl:]
WARNING: [filemgmt 56-199] Attempt to get parsing info during refresh. "On-the-fly" syntax checking information may be incorrect. [/home/dfec/ece485/ece485_final_cadet_stage4/riscv_pipeline.vhdl:]
WARNING: [filemgmt 56-199] Attempt to get parsing info during refresh. "On-the-fly" syntax checking information may be incorrect. [/home/dfec/ece485/ece485_final_cadet_stage4/forwarding_unit.vhdl:]
WARNING: [filemgmt 56-199] Attempt to get parsing info during refresh. "On-the-fly" syntax checking information may be incorrect. [/home/dfec/ece485/ece485_final_cadet_stage4/instr_mem.vhdl:]
WARNING: [filemgmt 56-199] Attempt to get parsing info during refresh. "On-the-fly" syntax checking information may be incorrect. [/home/dfec/ece485/ece485_final_cadet_stage4/hazard_detection_unit.vhdl:]
WARNING: [filemgmt 56-199] Attempt to get parsing info during refresh. "On-the-fly" syntax checking information may be incorrect. [/home/dfec/ece485/ece485_final_cadet_stage4/pipeline_registers.vhdl:]
WARNING: [filemgmt 56-199] Attempt to get parsing info during refresh. "On-the-fly" syntax checking information may be incorrect. [/home/dfec/ece485/ece485_final_cadet_stage4/alu_control.vhdl:]
WARNING: [filemgmt 56-199] Attempt to get parsing info during refresh. "On-the-fly" syntax checking information may be incorrect. [/home/dfec/ece485/ece485_final_cadet_stage4/riscv_pipeline.vhdl:]
WARNING: [filemgmt 56-199] Attempt to get parsing info during refresh. "On-the-fly" syntax checking information may be incorrect. [/home/dfec/ece485/ece485_final_cadet_stage4/pipeline_registers.vhdl:]
WARNING: [filemgmt 56-199] Attempt to get parsing info during refresh. "On-the-fly" syntax checking information may be incorrect. [/home/dfec/ece485/ece485_final_cadet_stage4/pipeline_registers.vhdl:]
WARNING: [filemgmt 56-199] Attempt to get parsing info during refresh. "On-the-fly" syntax checking information may be incorrect. [/home/dfec/ece485/ece485_final_cadet_stage4/forwarding_unit.vhdl:]
WARNING: [filemgmt 56-199] Attempt to get parsing info during refresh. "On-the-fly" syntax checking information may be incorrect. [/home/dfec/ece485/ece485_final_cadet_stage4/instr_mem.vhdl:]
WARNING: [filemgmt 56-199] Attempt to get parsing info during refresh. "On-the-fly" syntax checking information may be incorrect. [/home/dfec/ece485/ece485_final_cadet_stage4/hazard_detection_unit.vhdl:]
WARNING: [filemgmt 56-199] Attempt to get parsing info during refresh. "On-the-fly" syntax checking information may be incorrect. [/home/dfec/ece485/ece485_final_cadet_stage4/pipeline_registers.vhdl:]
WARNING: [filemgmt 56-199] Attempt to get parsing info during refresh. "On-the-fly" syntax checking information may be incorrect. [/home/dfec/ece485/ece485_final_cadet_stage4/alu_control.vhdl:]
WARNING: [filemgmt 56-199] Attempt to get parsing info during refresh. "On-the-fly" syntax checking information may be incorrect. [/home/dfec/ece485/ece485_final_cadet_stage4/riscv_pipeline.vhdl:]
WARNING: [filemgmt 56-199] Attempt to get parsing info during refresh. "On-the-fly" syntax checking information may be incorrect. [/home/dfec/ece485/ece485_final_cadet_stage4/instr_mem.vhdl:]
WARNING: [filemgmt 56-199] Attempt to get parsing info during refresh. "On-the-fly" syntax checking information may be incorrect. [/home/dfec/ece485/ece485_final_cadet_stage4/instr_mem.vhdl:]
WARNING: [filemgmt 56-199] Attempt to get parsing info during refresh. "On-the-fly" syntax checking information may be incorrect. [/home/dfec/ece485/ece485_final_cadet_stage4/forwarding_unit.vhdl:]
WARNING: [filemgmt 56-199] Attempt to get parsing info during refresh. "On-the-fly" syntax checking information may be incorrect. [/home/dfec/ece485/ece485_final_cadet_stage4/instr_mem.vhdl:]
WARNING: [filemgmt 56-199] Attempt to get parsing info during refresh. "On-the-fly" syntax checking information may be incorrect. [/home/dfec/ece485/ece485_final_cadet_stage4/hazard_detection_unit.vhdl:]
WARNING: [filemgmt 56-199] Attempt to get parsing info during refresh. "On-the-fly" syntax checking information may be incorrect. [/home/dfec/ece485/ece485_final_cadet_stage4/pipeline_registers.vhdl:]
WARNING: [filemgmt 56-199] Attempt to get parsing info during refresh. "On-the-fly" syntax checking information may be incorrect. [/home/dfec/ece485/ece485_final_cadet_stage4/alu_control.vhdl:]
WARNING: [filemgmt 56-199] Attempt to get parsing info during refresh. "On-the-fly" syntax checking information may be incorrect. [/home/dfec/ece485/ece485_final_cadet_stage4/riscv_pipeline.vhdl:]
WARNING: [filemgmt 56-199] Attempt to get parsing info during refresh. "On-the-fly" syntax checking information may be incorrect. [/home/dfec/ece485/ece485_final_cadet_stage4/forwarding_unit.vhdl:]
WARNING: [filemgmt 56-199] Attempt to get parsing info during refresh. "On-the-fly" syntax checking information may be incorrect. [/home/dfec/ece485/ece485_final_cadet_stage4/forwarding_unit.vhdl:]
launch_simulation
Command: launch_simulation 
INFO: [Vivado 12-25911] Executing simulation for 'XSim' simulator
INFO: [Project 1-5737] Running on host jupiter (64) - Ubuntu 24.04.2 LTS
INFO: [Vivado 12-28535] Process started - Thu May  7 23:02:56 2026

INFO: [Vivado 12-12493] Simulation top is 'tb_riscv_pipeline'
INFO: [Vivado 12-5682] Launching behavioral simulation in '/home/dfec/ece485/ece485_final_cadet_stage4/ece485_final_cadet_stage4.sim/sim_1/behav/xsim'
INFO: [SIM-utils-51] Simulation object is 'sim_1'
INFO: [SIM-utils-72] Using boost library from '/opt/Xilinx/2025.2/tps/boost_1_72_0'
INFO: [SIM-utils-54] Inspecting design source files for 'tb_riscv_pipeline' in fileset 'sim_1'...
INFO: [USF-XSim-97] Finding global include files...
INFO: [USF-XSim-98] Fetching design files from 'sim_1'...
INFO: [USF-XSim-2] XSim::Compile design
INFO: [USF-XSim-61] Executing 'COMPILE and ANALYZE' step in '/home/dfec/ece485/ece485_final_cadet_stage4/ece485_final_cadet_stage4.sim/sim_1/behav/xsim'
xvhdl --incr --relax -prj tb_riscv_pipeline_vhdl.prj
INFO: [VRFC 10-163] Analyzing VHDL file "/home/dfec/ece485/ece485_final_cadet_stage4/hazard_detection_unit.vhdl" into library xil_defaultlib
INFO: [VRFC 10-3107] analyzing entity 'hazard_detection_unit'
INFO: [VRFC 10-163] Analyzing VHDL file "/home/dfec/ece485/ece485_final_cadet_stage4/pipeline_registers.vhdl" into library xil_defaultlib
INFO: [VRFC 10-3107] analyzing entity 'pipeline_registers'
INFO: [VRFC 10-163] Analyzing VHDL file "/home/dfec/ece485/ece485_final_cadet_stage4/riscv_pipeline.vhdl" into library xil_defaultlib
INFO: [VRFC 10-3107] analyzing entity 'riscv_pipeline'
ERROR: [VRFC 10-719] formal port/generic <npc> is not declared in <pipeline_registers> [/home/dfec/ece485/ece485_final_cadet_stage4/riscv_pipeline.vhdl:337]
ERROR: [VRFC 10-9458] unit 'behavioral' is ignored due to previous errors [/home/dfec/ece485/ece485_final_cadet_stage4/riscv_pipeline.vhdl:28]
INFO: [VRFC 10-8704] VHDL file '/home/dfec/ece485/ece485_final_cadet_stage4/riscv_pipeline.vhdl' is ignored due to errors
INFO: [USF-XSim-69] 'compile' step finished in '1' seconds
INFO: [USF-XSim-99] Step results log file:'/home/dfec/ece485/ece485_final_cadet_stage4/ece485_final_cadet_stage4.sim/sim_1/behav/xsim/xvhdl.log'
ERROR: [USF-XSim-62] 'compile' step failed with error(s). Please check the Tcl console output or '/home/dfec/ece485/ece485_final_cadet_stage4/ece485_final_cadet_stage4.sim/sim_1/behav/xsim/xvhdl.log' file for more information.
ERROR: [Vivado 12-4473] Detected error while running simulation. Please correct the issue and retry this operation.
ERROR: [Common 17-39] 'launch_simulation' failed due to earlier errors.
WARNING: [filemgmt 56-199] Attempt to get parsing info during refresh. "On-the-fly" syntax checking information may be incorrect. [/home/dfec/ece485/ece485_final_cadet_stage4/forwarding_unit.vhdl:]
WARNING: [filemgmt 56-199] Attempt to get parsing info during refresh. "On-the-fly" syntax checking information may be incorrect. [/home/dfec/ece485/ece485_final_cadet_stage4/instr_mem.vhdl:]
WARNING: [filemgmt 56-199] Attempt to get parsing info during refresh. "On-the-fly" syntax checking information may be incorrect. [/home/dfec/ece485/ece485_final_cadet_stage4/hazard_detection_unit.vhdl:]
WARNING: [filemgmt 56-199] Attempt to get parsing info during refresh. "On-the-fly" syntax checking information may be incorrect. [/home/dfec/ece485/ece485_final_cadet_stage4/pipeline_registers.vhdl:]
WARNING: [filemgmt 56-199] Attempt to get parsing info during refresh. "On-the-fly" syntax checking information may be incorrect. [/home/dfec/ece485/ece485_final_cadet_stage4/alu_control.vhdl:]
WARNING: [filemgmt 56-199] Attempt to get parsing info during refresh. "On-the-fly" syntax checking information may be incorrect. [/home/dfec/ece485/ece485_final_cadet_stage4/riscv_pipeline.vhdl:]
WARNING: [filemgmt 56-199] Attempt to get parsing info during refresh. "On-the-fly" syntax checking information may be incorrect. [/home/dfec/ece485/ece485_final_cadet_stage4/riscv_pipeline.vhdl:]
WARNING: [filemgmt 56-199] Attempt to get parsing info during refresh. "On-the-fly" syntax checking information may be incorrect. [/home/dfec/ece485/ece485_final_cadet_stage4/riscv_pipeline.vhdl:]
WARNING: [filemgmt 56-199] Attempt to get parsing info during refresh. "On-the-fly" syntax checking information may be incorrect. [/home/dfec/ece485/ece485_final_cadet_stage4/forwarding_unit.vhdl:]
WARNING: [filemgmt 56-199] Attempt to get parsing info during refresh. "On-the-fly" syntax checking information may be incorrect. [/home/dfec/ece485/ece485_final_cadet_stage4/instr_mem.vhdl:]
WARNING: [filemgmt 56-199] Attempt to get parsing info during refresh. "On-the-fly" syntax checking information may be incorrect. [/home/dfec/ece485/ece485_final_cadet_stage4/hazard_detection_unit.vhdl:]
WARNING: [filemgmt 56-199] Attempt to get parsing info during refresh. "On-the-fly" syntax checking information may be incorrect. [/home/dfec/ece485/ece485_final_cadet_stage4/pipeline_registers.vhdl:]
WARNING: [filemgmt 56-199] Attempt to get parsing info during refresh. "On-the-fly" syntax checking information may be incorrect. [/home/dfec/ece485/ece485_final_cadet_stage4/alu_control.vhdl:]
WARNING: [filemgmt 56-199] Attempt to get parsing info during refresh. "On-the-fly" syntax checking information may be incorrect. [/home/dfec/ece485/ece485_final_cadet_stage4/riscv_pipeline.vhdl:]
WARNING: [filemgmt 56-199] Attempt to get parsing info during refresh. "On-the-fly" syntax checking information may be incorrect. [/home/dfec/ece485/ece485_final_cadet_stage4/forwarding_unit.vhdl:]
WARNING: [filemgmt 56-199] Attempt to get parsing info during refresh. "On-the-fly" syntax checking information may be incorrect. [/home/dfec/ece485/ece485_final_cadet_stage4/forwarding_unit.vhdl:]
WARNING: [filemgmt 56-199] Attempt to get parsing info during refresh. "On-the-fly" syntax checking information may be incorrect. [/home/dfec/ece485/ece485_final_cadet_stage4/forwarding_unit.vhdl:]
WARNING: [filemgmt 56-199] Attempt to get parsing info during refresh. "On-the-fly" syntax checking information may be incorrect. [/home/dfec/ece485/ece485_final_cadet_stage4/instr_mem.vhdl:]
WARNING: [filemgmt 56-199] Attempt to get parsing info during refresh. "On-the-fly" syntax checking information may be incorrect. [/home/dfec/ece485/ece485_final_cadet_stage4/hazard_detection_unit.vhdl:]
WARNING: [filemgmt 56-199] Attempt to get parsing info during refresh. "On-the-fly" syntax checking information may be incorrect. [/home/dfec/ece485/ece485_final_cadet_stage4/pipeline_registers.vhdl:]
WARNING: [filemgmt 56-199] Attempt to get parsing info during refresh. "On-the-fly" syntax checking information may be incorrect. [/home/dfec/ece485/ece485_final_cadet_stage4/alu_control.vhdl:]
WARNING: [filemgmt 56-199] Attempt to get parsing info during refresh. "On-the-fly" syntax checking information may be incorrect. [/home/dfec/ece485/ece485_final_cadet_stage4/riscv_pipeline.vhdl:]
WARNING: [filemgmt 56-199] Attempt to get parsing info during refresh. "On-the-fly" syntax checking information may be incorrect. [/home/dfec/ece485/ece485_final_cadet_stage4/instr_mem.vhdl:]
WARNING: [filemgmt 56-199] Attempt to get parsing info during refresh. "On-the-fly" syntax checking information may be incorrect. [/home/dfec/ece485/ece485_final_cadet_stage4/instr_mem.vhdl:]
WARNING: [filemgmt 56-199] Attempt to get parsing info during refresh. "On-the-fly" syntax checking information may be incorrect. [/home/dfec/ece485/ece485_final_cadet_stage4/forwarding_unit.vhdl:]
WARNING: [filemgmt 56-199] Attempt to get parsing info during refresh. "On-the-fly" syntax checking information may be incorrect. [/home/dfec/ece485/ece485_final_cadet_stage4/instr_mem.vhdl:]
WARNING: [filemgmt 56-199] Attempt to get parsing info during refresh. "On-the-fly" syntax checking information may be incorrect. [/home/dfec/ece485/ece485_final_cadet_stage4/hazard_detection_unit.vhdl:]
WARNING: [filemgmt 56-199] Attempt to get parsing info during refresh. "On-the-fly" syntax checking information may be incorrect. [/home/dfec/ece485/ece485_final_cadet_stage4/pipeline_registers.vhdl:]
WARNING: [filemgmt 56-199] Attempt to get parsing info during refresh. "On-the-fly" syntax checking information may be incorrect. [/home/dfec/ece485/ece485_final_cadet_stage4/alu_control.vhdl:]
WARNING: [filemgmt 56-199] Attempt to get parsing info during refresh. "On-the-fly" syntax checking information may be incorrect. [/home/dfec/ece485/ece485_final_cadet_stage4/riscv_pipeline.vhdl:]
WARNING: [filemgmt 56-199] Attempt to get parsing info during refresh. "On-the-fly" syntax checking information may be incorrect. [/home/dfec/ece485/ece485_final_cadet_stage4/alu_control.vhdl:]
WARNING: [filemgmt 56-199] Attempt to get parsing info during refresh. "On-the-fly" syntax checking information may be incorrect. [/home/dfec/ece485/ece485_final_cadet_stage4/alu_control.vhdl:]
WARNING: [filemgmt 56-199] Attempt to get parsing info during refresh. "On-the-fly" syntax checking information may be incorrect. [/home/dfec/ece485/ece485_final_cadet_stage4/forwarding_unit.vhdl:]
WARNING: [filemgmt 56-199] Attempt to get parsing info during refresh. "On-the-fly" syntax checking information may be incorrect. [/home/dfec/ece485/ece485_final_cadet_stage4/instr_mem.vhdl:]
WARNING: [filemgmt 56-199] Attempt to get parsing info during refresh. "On-the-fly" syntax checking information may be incorrect. [/home/dfec/ece485/ece485_final_cadet_stage4/hazard_detection_unit.vhdl:]
WARNING: [filemgmt 56-199] Attempt to get parsing info during refresh. "On-the-fly" syntax checking information may be incorrect. [/home/dfec/ece485/ece485_final_cadet_stage4/pipeline_registers.vhdl:]
WARNING: [filemgmt 56-199] Attempt to get parsing info during refresh. "On-the-fly" syntax checking information may be incorrect. [/home/dfec/ece485/ece485_final_cadet_stage4/alu_control.vhdl:]
WARNING: [filemgmt 56-199] Attempt to get parsing info during refresh. "On-the-fly" syntax checking information may be incorrect. [/home/dfec/ece485/ece485_final_cadet_stage4/riscv_pipeline.vhdl:]
WARNING: [filemgmt 56-199] Attempt to get parsing info during refresh. "On-the-fly" syntax checking information may be incorrect. [/home/dfec/ece485/ece485_final_cadet_stage4/pipeline_registers.vhdl:]
WARNING: [filemgmt 56-199] Attempt to get parsing info during refresh. "On-the-fly" syntax checking information may be incorrect. [/home/dfec/ece485/ece485_final_cadet_stage4/pipeline_registers.vhdl:]
launch_simulation
Command: launch_simulation 
INFO: [Vivado 12-25911] Executing simulation for 'XSim' simulator
INFO: [Project 1-5737] Running on host jupiter (64) - Ubuntu 24.04.2 LTS
INFO: [Vivado 12-28535] Process started - Thu May  7 23:08:57 2026

INFO: [Vivado 12-12493] Simulation top is 'tb_riscv_pipeline'
INFO: [Vivado 12-5682] Launching behavioral simulation in '/home/dfec/ece485/ece485_final_cadet_stage4/ece485_final_cadet_stage4.sim/sim_1/behav/xsim'
INFO: [SIM-utils-51] Simulation object is 'sim_1'
INFO: [SIM-utils-72] Using boost library from '/opt/Xilinx/2025.2/tps/boost_1_72_0'
INFO: [SIM-utils-54] Inspecting design source files for 'tb_riscv_pipeline' in fileset 'sim_1'...
INFO: [USF-XSim-97] Finding global include files...
INFO: [USF-XSim-98] Fetching design files from 'sim_1'...
INFO: [USF-XSim-2] XSim::Compile design
INFO: [USF-XSim-61] Executing 'COMPILE and ANALYZE' step in '/home/dfec/ece485/ece485_final_cadet_stage4/ece485_final_cadet_stage4.sim/sim_1/behav/xsim'
xvhdl --incr --relax -prj tb_riscv_pipeline_vhdl.prj
INFO: [VRFC 10-163] Analyzing VHDL file "/home/dfec/ece485/ece485_final_cadet_stage4/hazard_detection_unit.vhdl" into library xil_defaultlib
INFO: [VRFC 10-3107] analyzing entity 'hazard_detection_unit'
INFO: [VRFC 10-163] Analyzing VHDL file "/home/dfec/ece485/ece485_final_cadet_stage4/pipeline_registers.vhdl" into library xil_defaultlib
INFO: [VRFC 10-3107] analyzing entity 'pipeline_registers'
INFO: [VRFC 10-163] Analyzing VHDL file "/home/dfec/ece485/ece485_final_cadet_stage4/riscv_pipeline.vhdl" into library xil_defaultlib
INFO: [VRFC 10-3107] analyzing entity 'riscv_pipeline'
ERROR: [VRFC 10-4982] syntax error near 'npc' [/home/dfec/ece485/ece485_final_cadet_stage4/riscv_pipeline.vhdl:219]
ERROR: [VRFC 10-2989] 'clock_counter' is not declared [/home/dfec/ece485/ece485_final_cadet_stage4/riscv_pipeline.vhdl:284]
ERROR: [VRFC 10-2989] 'clock_counter' is not declared [/home/dfec/ece485/ece485_final_cadet_stage4/riscv_pipeline.vhdl:286]
ERROR: [VRFC 10-2989] 'next_pc' is not declared [/home/dfec/ece485/ece485_final_cadet_stage4/riscv_pipeline.vhdl:297]
ERROR: [VRFC 10-2989] 'pc' is not declared [/home/dfec/ece485/ece485_final_cadet_stage4/riscv_pipeline.vhdl:298]
ERROR: [VRFC 10-3095] actual of formal out port 'pc_out' cannot be an expression [/home/dfec/ece485/ece485_final_cadet_stage4/riscv_pipeline.vhdl:298]
ERROR: [VRFC 10-2989] 'npc' is not declared [/home/dfec/ece485/ece485_final_cadet_stage4/riscv_pipeline.vhdl:301]
ERROR: [VRFC 10-2989] 'pc_byte_not_word' is not declared [/home/dfec/ece485/ece485_final_cadet_stage4/riscv_pipeline.vhdl:392]
ERROR: [VRFC 10-2989] 'pc_byte_not_word' is not declared [/home/dfec/ece485/ece485_final_cadet_stage4/riscv_pipeline.vhdl:395]
ERROR: [VRFC 10-2989] 'instr' is not declared [/home/dfec/ece485/ece485_final_cadet_stage4/riscv_pipeline.vhdl:396]
ERROR: [VRFC 10-3095] actual of formal out port 'instr' cannot be an expression [/home/dfec/ece485/ece485_final_cadet_stage4/riscv_pipeline.vhdl:396]
ERROR: [VRFC 10-2989] 'if_id_rs1' is not declared [/home/dfec/ece485/ece485_final_cadet_stage4/riscv_pipeline.vhdl:403]
ERROR: [VRFC 10-2989] 'if_id_rs2' is not declared [/home/dfec/ece485/ece485_final_cadet_stage4/riscv_pipeline.vhdl:404]
ERROR: [VRFC 10-2989] 'if_id_rd' is not declared [/home/dfec/ece485/ece485_final_cadet_stage4/riscv_pipeline.vhdl:405]
ERROR: [VRFC 10-2989] 'opcode' is not declared [/home/dfec/ece485/ece485_final_cadet_stage4/riscv_pipeline.vhdl:407]
ERROR: [VRFC 10-2989] 'opcode' is not declared [/home/dfec/ece485/ece485_final_cadet_stage4/riscv_pipeline.vhdl:412]
ERROR: [VRFC 10-2989] 'reg_write' is not declared [/home/dfec/ece485/ece485_final_cadet_stage4/riscv_pipeline.vhdl:413]
ERROR: [VRFC 10-3095] actual of formal out port 'reg_write' cannot be an expression [/home/dfec/ece485/ece485_final_cadet_stage4/riscv_pipeline.vhdl:413]
ERROR: [VRFC 10-2989] 'mem_read' is not declared [/home/dfec/ece485/ece485_final_cadet_stage4/riscv_pipeline.vhdl:414]
INFO: [VRFC 10-10021] Sorry, too many errors..
INFO: [USF-XSim-69] 'compile' step finished in '1' seconds
INFO: [USF-XSim-99] Step results log file:'/home/dfec/ece485/ece485_final_cadet_stage4/ece485_final_cadet_stage4.sim/sim_1/behav/xsim/xvhdl.log'
ERROR: [USF-XSim-62] 'compile' step failed with error(s). Please check the Tcl console output or '/home/dfec/ece485/ece485_final_cadet_stage4/ece485_final_cadet_stage4.sim/sim_1/behav/xsim/xvhdl.log' file for more information.
ERROR: [Vivado 12-4473] Detected error while running simulation. Please correct the issue and retry this operation.
ERROR: [Common 17-39] 'launch_simulation' failed due to earlier errors.
launch_simulation
Command: launch_simulation 
INFO: [Vivado 12-25911] Executing simulation for 'XSim' simulator
INFO: [Project 1-5737] Running on host jupiter (64) - Ubuntu 24.04.2 LTS
INFO: [Vivado 12-28535] Process started - Thu May  7 23:15:02 2026

INFO: [Vivado 12-12493] Simulation top is 'tb_riscv_pipeline'
INFO: [Vivado 12-5682] Launching behavioral simulation in '/home/dfec/ece485/ece485_final_cadet_stage4/ece485_final_cadet_stage4.sim/sim_1/behav/xsim'
INFO: [SIM-utils-51] Simulation object is 'sim_1'
INFO: [SIM-utils-72] Using boost library from '/opt/Xilinx/2025.2/tps/boost_1_72_0'
INFO: [SIM-utils-54] Inspecting design source files for 'tb_riscv_pipeline' in fileset 'sim_1'...
INFO: [USF-XSim-97] Finding global include files...
INFO: [USF-XSim-98] Fetching design files from 'sim_1'...
INFO: [USF-XSim-2] XSim::Compile design
INFO: [USF-XSim-61] Executing 'COMPILE and ANALYZE' step in '/home/dfec/ece485/ece485_final_cadet_stage4/ece485_final_cadet_stage4.sim/sim_1/behav/xsim'
xvhdl --incr --relax -prj tb_riscv_pipeline_vhdl.prj
INFO: [VRFC 10-163] Analyzing VHDL file "/home/dfec/ece485/ece485_final_cadet_stage4/hazard_detection_unit.vhdl" into library xil_defaultlib
INFO: [VRFC 10-3107] analyzing entity 'hazard_detection_unit'
INFO: [VRFC 10-163] Analyzing VHDL file "/home/dfec/ece485/ece485_final_cadet_stage4/pipeline_registers.vhdl" into library xil_defaultlib
INFO: [VRFC 10-3107] analyzing entity 'pipeline_registers'
INFO: [VRFC 10-163] Analyzing VHDL file "/home/dfec/ece485/ece485_final_cadet_stage4/riscv_pipeline.vhdl" into library xil_defaultlib
INFO: [VRFC 10-3107] analyzing entity 'riscv_pipeline'
ERROR: [VRFC 10-4982] syntax error near 'npc' [/home/dfec/ece485/ece485_final_cadet_stage4/riscv_pipeline.vhdl:219]
ERROR: [VRFC 10-2989] 'clock_counter' is not declared [/home/dfec/ece485/ece485_final_cadet_stage4/riscv_pipeline.vhdl:284]
ERROR: [VRFC 10-2989] 'clock_counter' is not declared [/home/dfec/ece485/ece485_final_cadet_stage4/riscv_pipeline.vhdl:286]
ERROR: [VRFC 10-2989] 'next_pc' is not declared [/home/dfec/ece485/ece485_final_cadet_stage4/riscv_pipeline.vhdl:297]
ERROR: [VRFC 10-2989] 'pc' is not declared [/home/dfec/ece485/ece485_final_cadet_stage4/riscv_pipeline.vhdl:298]
ERROR: [VRFC 10-3095] actual of formal out port 'pc_out' cannot be an expression [/home/dfec/ece485/ece485_final_cadet_stage4/riscv_pipeline.vhdl:298]
ERROR: [VRFC 10-2989] 'npc' is not declared [/home/dfec/ece485/ece485_final_cadet_stage4/riscv_pipeline.vhdl:301]
ERROR: [VRFC 10-2989] 'pc_byte_not_word' is not declared [/home/dfec/ece485/ece485_final_cadet_stage4/riscv_pipeline.vhdl:392]
ERROR: [VRFC 10-2989] 'pc_byte_not_word' is not declared [/home/dfec/ece485/ece485_final_cadet_stage4/riscv_pipeline.vhdl:395]
ERROR: [VRFC 10-2989] 'instr' is not declared [/home/dfec/ece485/ece485_final_cadet_stage4/riscv_pipeline.vhdl:396]
ERROR: [VRFC 10-3095] actual of formal out port 'instr' cannot be an expression [/home/dfec/ece485/ece485_final_cadet_stage4/riscv_pipeline.vhdl:396]
ERROR: [VRFC 10-2989] 'if_id_rs1' is not declared [/home/dfec/ece485/ece485_final_cadet_stage4/riscv_pipeline.vhdl:403]
ERROR: [VRFC 10-2989] 'if_id_rs2' is not declared [/home/dfec/ece485/ece485_final_cadet_stage4/riscv_pipeline.vhdl:404]
ERROR: [VRFC 10-2989] 'if_id_rd' is not declared [/home/dfec/ece485/ece485_final_cadet_stage4/riscv_pipeline.vhdl:405]
ERROR: [VRFC 10-2989] 'opcode' is not declared [/home/dfec/ece485/ece485_final_cadet_stage4/riscv_pipeline.vhdl:407]
ERROR: [VRFC 10-2989] 'opcode' is not declared [/home/dfec/ece485/ece485_final_cadet_stage4/riscv_pipeline.vhdl:412]
ERROR: [VRFC 10-2989] 'reg_write' is not declared [/home/dfec/ece485/ece485_final_cadet_stage4/riscv_pipeline.vhdl:413]
ERROR: [VRFC 10-3095] actual of formal out port 'reg_write' cannot be an expression [/home/dfec/ece485/ece485_final_cadet_stage4/riscv_pipeline.vhdl:413]
ERROR: [VRFC 10-2989] 'mem_read' is not declared [/home/dfec/ece485/ece485_final_cadet_stage4/riscv_pipeline.vhdl:414]
INFO: [VRFC 10-10021] Sorry, too many errors..
INFO: [USF-XSim-69] 'compile' step finished in '2' seconds
INFO: [USF-XSim-99] Step results log file:'/home/dfec/ece485/ece485_final_cadet_stage4/ece485_final_cadet_stage4.sim/sim_1/behav/xsim/xvhdl.log'
ERROR: [USF-XSim-62] 'compile' step failed with error(s). Please check the Tcl console output or '/home/dfec/ece485/ece485_final_cadet_stage4/ece485_final_cadet_stage4.sim/sim_1/behav/xsim/xvhdl.log' file for more information.
ERROR: [Vivado 12-4473] Detected error while running simulation. Please correct the issue and retry this operation.
ERROR: [Common 17-39] 'launch_simulation' failed due to earlier errors.
WARNING: [filemgmt 56-199] Attempt to get parsing info during refresh. "On-the-fly" syntax checking information may be incorrect. [/home/dfec/ece485/ece485_final_cadet_stage4/forwarding_unit.vhdl:]
WARNING: [filemgmt 56-199] Attempt to get parsing info during refresh. "On-the-fly" syntax checking information may be incorrect. [/home/dfec/ece485/ece485_final_cadet_stage4/instr_mem.vhdl:]
WARNING: [filemgmt 56-199] Attempt to get parsing info during refresh. "On-the-fly" syntax checking information may be incorrect. [/home/dfec/ece485/ece485_final_cadet_stage4/hazard_detection_unit.vhdl:]
WARNING: [filemgmt 56-199] Attempt to get parsing info during refresh. "On-the-fly" syntax checking information may be incorrect. [/home/dfec/ece485/ece485_final_cadet_stage4/pipeline_registers.vhdl:]
WARNING: [filemgmt 56-199] Attempt to get parsing info during refresh. "On-the-fly" syntax checking information may be incorrect. [/home/dfec/ece485/ece485_final_cadet_stage4/alu_control.vhdl:]
WARNING: [filemgmt 56-199] Attempt to get parsing info during refresh. "On-the-fly" syntax checking information may be incorrect. [/home/dfec/ece485/ece485_final_cadet_stage4/riscv_pipeline.vhdl:]
WARNING: [filemgmt 56-199] Attempt to get parsing info during refresh. "On-the-fly" syntax checking information may be incorrect. [/home/dfec/ece485/ece485_final_cadet_stage4/riscv_pipeline.vhdl:]
WARNING: [filemgmt 56-199] Attempt to get parsing info during refresh. "On-the-fly" syntax checking information may be incorrect. [/home/dfec/ece485/ece485_final_cadet_stage4/riscv_pipeline.vhdl:]
WARNING: [filemgmt 56-199] Attempt to get parsing info during refresh. "On-the-fly" syntax checking information may be incorrect. [/home/dfec/ece485/ece485_final_cadet_stage4/forwarding_unit.vhdl:]
WARNING: [filemgmt 56-199] Attempt to get parsing info during refresh. "On-the-fly" syntax checking information may be incorrect. [/home/dfec/ece485/ece485_final_cadet_stage4/instr_mem.vhdl:]
WARNING: [filemgmt 56-199] Attempt to get parsing info during refresh. "On-the-fly" syntax checking information may be incorrect. [/home/dfec/ece485/ece485_final_cadet_stage4/hazard_detection_unit.vhdl:]
WARNING: [filemgmt 56-199] Attempt to get parsing info during refresh. "On-the-fly" syntax checking information may be incorrect. [/home/dfec/ece485/ece485_final_cadet_stage4/pipeline_registers.vhdl:]
WARNING: [filemgmt 56-199] Attempt to get parsing info during refresh. "On-the-fly" syntax checking information may be incorrect. [/home/dfec/ece485/ece485_final_cadet_stage4/alu_control.vhdl:]
WARNING: [filemgmt 56-199] Attempt to get parsing info during refresh. "On-the-fly" syntax checking information may be incorrect. [/home/dfec/ece485/ece485_final_cadet_stage4/riscv_pipeline.vhdl:]
WARNING: [filemgmt 56-199] Attempt to get parsing info during refresh. "On-the-fly" syntax checking information may be incorrect. [/home/dfec/ece485/ece485_final_cadet_stage4/hazard_detection_unit.vhdl:]
WARNING: [filemgmt 56-199] Attempt to get parsing info during refresh. "On-the-fly" syntax checking information may be incorrect. [/home/dfec/ece485/ece485_final_cadet_stage4/hazard_detection_unit.vhdl:]
WARNING: [filemgmt 56-199] Attempt to get parsing info during refresh. "On-the-fly" syntax checking information may be incorrect. [/home/dfec/ece485/ece485_final_cadet_stage4/forwarding_unit.vhdl:]
WARNING: [filemgmt 56-199] Attempt to get parsing info during refresh. "On-the-fly" syntax checking information may be incorrect. [/home/dfec/ece485/ece485_final_cadet_stage4/instr_mem.vhdl:]
WARNING: [filemgmt 56-199] Attempt to get parsing info during refresh. "On-the-fly" syntax checking information may be incorrect. [/home/dfec/ece485/ece485_final_cadet_stage4/hazard_detection_unit.vhdl:]
WARNING: [filemgmt 56-199] Attempt to get parsing info during refresh. "On-the-fly" syntax checking information may be incorrect. [/home/dfec/ece485/ece485_final_cadet_stage4/pipeline_registers.vhdl:]
WARNING: [filemgmt 56-199] Attempt to get parsing info during refresh. "On-the-fly" syntax checking information may be incorrect. [/home/dfec/ece485/ece485_final_cadet_stage4/alu_control.vhdl:]
WARNING: [filemgmt 56-199] Attempt to get parsing info during refresh. "On-the-fly" syntax checking information may be incorrect. [/home/dfec/ece485/ece485_final_cadet_stage4/riscv_pipeline.vhdl:]
WARNING: [filemgmt 56-199] Attempt to get parsing info during refresh. "On-the-fly" syntax checking information may be incorrect. [/home/dfec/ece485/ece485_final_cadet_stage4/alu_control.vhdl:]
WARNING: [filemgmt 56-199] Attempt to get parsing info during refresh. "On-the-fly" syntax checking information may be incorrect. [/home/dfec/ece485/ece485_final_cadet_stage4/alu_control.vhdl:]
WARNING: [filemgmt 56-199] Attempt to get parsing info during refresh. "On-the-fly" syntax checking information may be incorrect. [/home/dfec/ece485/ece485_final_cadet_stage4/forwarding_unit.vhdl:]
WARNING: [filemgmt 56-199] Attempt to get parsing info during refresh. "On-the-fly" syntax checking information may be incorrect. [/home/dfec/ece485/ece485_final_cadet_stage4/instr_mem.vhdl:]
WARNING: [filemgmt 56-199] Attempt to get parsing info during refresh. "On-the-fly" syntax checking information may be incorrect. [/home/dfec/ece485/ece485_final_cadet_stage4/hazard_detection_unit.vhdl:]
WARNING: [filemgmt 56-199] Attempt to get parsing info during refresh. "On-the-fly" syntax checking information may be incorrect. [/home/dfec/ece485/ece485_final_cadet_stage4/pipeline_registers.vhdl:]
WARNING: [filemgmt 56-199] Attempt to get parsing info during refresh. "On-the-fly" syntax checking information may be incorrect. [/home/dfec/ece485/ece485_final_cadet_stage4/alu_control.vhdl:]
WARNING: [filemgmt 56-199] Attempt to get parsing info during refresh. "On-the-fly" syntax checking information may be incorrect. [/home/dfec/ece485/ece485_final_cadet_stage4/riscv_pipeline.vhdl:]
WARNING: [filemgmt 56-199] Attempt to get parsing info during refresh. "On-the-fly" syntax checking information may be incorrect. [/home/dfec/ece485/ece485_final_cadet_stage4/instr_mem.vhdl:]
WARNING: [filemgmt 56-199] Attempt to get parsing info during refresh. "On-the-fly" syntax checking information may be incorrect. [/home/dfec/ece485/ece485_final_cadet_stage4/instr_mem.vhdl:]
WARNING: [filemgmt 56-199] Attempt to get parsing info during refresh. "On-the-fly" syntax checking information may be incorrect. [/home/dfec/ece485/ece485_final_cadet_stage4/forwarding_unit.vhdl:]
WARNING: [filemgmt 56-199] Attempt to get parsing info during refresh. "On-the-fly" syntax checking information may be incorrect. [/home/dfec/ece485/ece485_final_cadet_stage4/instr_mem.vhdl:]
WARNING: [filemgmt 56-199] Attempt to get parsing info during refresh. "On-the-fly" syntax checking information may be incorrect. [/home/dfec/ece485/ece485_final_cadet_stage4/hazard_detection_unit.vhdl:]
WARNING: [filemgmt 56-199] Attempt to get parsing info during refresh. "On-the-fly" syntax checking information may be incorrect. [/home/dfec/ece485/ece485_final_cadet_stage4/pipeline_registers.vhdl:]
WARNING: [filemgmt 56-199] Attempt to get parsing info during refresh. "On-the-fly" syntax checking information may be incorrect. [/home/dfec/ece485/ece485_final_cadet_stage4/alu_control.vhdl:]
WARNING: [filemgmt 56-199] Attempt to get parsing info during refresh. "On-the-fly" syntax checking information may be incorrect. [/home/dfec/ece485/ece485_final_cadet_stage4/riscv_pipeline.vhdl:]
WARNING: [filemgmt 56-199] Attempt to get parsing info during refresh. "On-the-fly" syntax checking information may be incorrect. [/home/dfec/ece485/ece485_final_cadet_stage4/pipeline_registers.vhdl:]
WARNING: [filemgmt 56-199] Attempt to get parsing info during refresh. "On-the-fly" syntax checking information may be incorrect. [/home/dfec/ece485/ece485_final_cadet_stage4/pipeline_registers.vhdl:]
launch_simulation
Command: launch_simulation 
INFO: [Vivado 12-25911] Executing simulation for 'XSim' simulator
INFO: [Project 1-5737] Running on host jupiter (64) - Ubuntu 24.04.2 LTS
INFO: [Vivado 12-28535] Process started - Thu May  7 23:16:18 2026

INFO: [Vivado 12-12493] Simulation top is 'tb_riscv_pipeline'
INFO: [Vivado 12-5682] Launching behavioral simulation in '/home/dfec/ece485/ece485_final_cadet_stage4/ece485_final_cadet_stage4.sim/sim_1/behav/xsim'
INFO: [SIM-utils-51] Simulation object is 'sim_1'
INFO: [SIM-utils-72] Using boost library from '/opt/Xilinx/2025.2/tps/boost_1_72_0'
INFO: [SIM-utils-54] Inspecting design source files for 'tb_riscv_pipeline' in fileset 'sim_1'...
INFO: [USF-XSim-97] Finding global include files...
INFO: [USF-XSim-98] Fetching design files from 'sim_1'...
INFO: [USF-XSim-2] XSim::Compile design
INFO: [USF-XSim-61] Executing 'COMPILE and ANALYZE' step in '/home/dfec/ece485/ece485_final_cadet_stage4/ece485_final_cadet_stage4.sim/sim_1/behav/xsim'
xvhdl --incr --relax -prj tb_riscv_pipeline_vhdl.prj
INFO: [VRFC 10-163] Analyzing VHDL file "/home/dfec/ece485/ece485_final_cadet_stage4/hazard_detection_unit.vhdl" into library xil_defaultlib
INFO: [VRFC 10-3107] analyzing entity 'hazard_detection_unit'
INFO: [VRFC 10-163] Analyzing VHDL file "/home/dfec/ece485/ece485_final_cadet_stage4/pipeline_registers.vhdl" into library xil_defaultlib
INFO: [VRFC 10-3107] analyzing entity 'pipeline_registers'
INFO: [VRFC 10-163] Analyzing VHDL file "/home/dfec/ece485/ece485_final_cadet_stage4/riscv_pipeline.vhdl" into library xil_defaultlib
INFO: [VRFC 10-3107] analyzing entity 'riscv_pipeline'
ERROR: [VRFC 10-9608] semicolon after last interface declaration is only supported in VHDL 1076-2019 [/home/dfec/ece485/ece485_final_cadet_stage4/riscv_pipeline.vhdl:129]
ERROR: [VRFC 10-4982] syntax error near 'npc' [/home/dfec/ece485/ece485_final_cadet_stage4/riscv_pipeline.vhdl:219]
ERROR: [VRFC 10-2989] 'clock_counter' is not declared [/home/dfec/ece485/ece485_final_cadet_stage4/riscv_pipeline.vhdl:284]
ERROR: [VRFC 10-2989] 'clock_counter' is not declared [/home/dfec/ece485/ece485_final_cadet_stage4/riscv_pipeline.vhdl:286]
ERROR: [VRFC 10-2989] 'next_pc' is not declared [/home/dfec/ece485/ece485_final_cadet_stage4/riscv_pipeline.vhdl:297]
ERROR: [VRFC 10-2989] 'pc' is not declared [/home/dfec/ece485/ece485_final_cadet_stage4/riscv_pipeline.vhdl:298]
ERROR: [VRFC 10-3095] actual of formal out port 'pc_out' cannot be an expression [/home/dfec/ece485/ece485_final_cadet_stage4/riscv_pipeline.vhdl:298]
ERROR: [VRFC 10-2989] 'npc' is not declared [/home/dfec/ece485/ece485_final_cadet_stage4/riscv_pipeline.vhdl:301]
ERROR: [VRFC 10-2989] 'pc_byte_not_word' is not declared [/home/dfec/ece485/ece485_final_cadet_stage4/riscv_pipeline.vhdl:392]
ERROR: [VRFC 10-2989] 'pc_byte_not_word' is not declared [/home/dfec/ece485/ece485_final_cadet_stage4/riscv_pipeline.vhdl:395]
ERROR: [VRFC 10-2989] 'instr' is not declared [/home/dfec/ece485/ece485_final_cadet_stage4/riscv_pipeline.vhdl:396]
ERROR: [VRFC 10-3095] actual of formal out port 'instr' cannot be an expression [/home/dfec/ece485/ece485_final_cadet_stage4/riscv_pipeline.vhdl:396]
ERROR: [VRFC 10-2989] 'if_id_rs1' is not declared [/home/dfec/ece485/ece485_final_cadet_stage4/riscv_pipeline.vhdl:403]
ERROR: [VRFC 10-2989] 'if_id_rs2' is not declared [/home/dfec/ece485/ece485_final_cadet_stage4/riscv_pipeline.vhdl:404]
ERROR: [VRFC 10-2989] 'if_id_rd' is not declared [/home/dfec/ece485/ece485_final_cadet_stage4/riscv_pipeline.vhdl:405]
ERROR: [VRFC 10-2989] 'opcode' is not declared [/home/dfec/ece485/ece485_final_cadet_stage4/riscv_pipeline.vhdl:407]
ERROR: [VRFC 10-2989] 'opcode' is not declared [/home/dfec/ece485/ece485_final_cadet_stage4/riscv_pipeline.vhdl:412]
ERROR: [VRFC 10-2989] 'reg_write' is not declared [/home/dfec/ece485/ece485_final_cadet_stage4/riscv_pipeline.vhdl:413]
ERROR: [VRFC 10-3095] actual of formal out port 'reg_write' cannot be an expression [/home/dfec/ece485/ece485_final_cadet_stage4/riscv_pipeline.vhdl:413]
INFO: [VRFC 10-10021] Sorry, too many errors..
INFO: [USF-XSim-69] 'compile' step finished in '2' seconds
INFO: [USF-XSim-99] Step results log file:'/home/dfec/ece485/ece485_final_cadet_stage4/ece485_final_cadet_stage4.sim/sim_1/behav/xsim/xvhdl.log'
ERROR: [USF-XSim-62] 'compile' step failed with error(s). Please check the Tcl console output or '/home/dfec/ece485/ece485_final_cadet_stage4/ece485_final_cadet_stage4.sim/sim_1/behav/xsim/xvhdl.log' file for more information.
ERROR: [Vivado 12-4473] Detected error while running simulation. Please correct the issue and retry this operation.
ERROR: [Common 17-39] 'launch_simulation' failed due to earlier errors.
WARNING: [filemgmt 56-199] Attempt to get parsing info during refresh. "On-the-fly" syntax checking information may be incorrect. [/home/dfec/ece485/ece485_final_cadet_stage4/forwarding_unit.vhdl:]
WARNING: [filemgmt 56-199] Attempt to get parsing info during refresh. "On-the-fly" syntax checking information may be incorrect. [/home/dfec/ece485/ece485_final_cadet_stage4/instr_mem.vhdl:]
WARNING: [filemgmt 56-199] Attempt to get parsing info during refresh. "On-the-fly" syntax checking information may be incorrect. [/home/dfec/ece485/ece485_final_cadet_stage4/hazard_detection_unit.vhdl:]
WARNING: [filemgmt 56-199] Attempt to get parsing info during refresh. "On-the-fly" syntax checking information may be incorrect. [/home/dfec/ece485/ece485_final_cadet_stage4/pipeline_registers.vhdl:]
WARNING: [filemgmt 56-199] Attempt to get parsing info during refresh. "On-the-fly" syntax checking information may be incorrect. [/home/dfec/ece485/ece485_final_cadet_stage4/alu_control.vhdl:]
WARNING: [filemgmt 56-199] Attempt to get parsing info during refresh. "On-the-fly" syntax checking information may be incorrect. [/home/dfec/ece485/ece485_final_cadet_stage4/riscv_pipeline.vhdl:]
WARNING: [filemgmt 56-199] Attempt to get parsing info during refresh. "On-the-fly" syntax checking information may be incorrect. [/home/dfec/ece485/ece485_final_cadet_stage4/riscv_pipeline.vhdl:]
WARNING: [filemgmt 56-199] Attempt to get parsing info during refresh. "On-the-fly" syntax checking information may be incorrect. [/home/dfec/ece485/ece485_final_cadet_stage4/riscv_pipeline.vhdl:]
WARNING: [filemgmt 56-199] Attempt to get parsing info during refresh. "On-the-fly" syntax checking information may be incorrect. [/home/dfec/ece485/ece485_final_cadet_stage4/forwarding_unit.vhdl:]
WARNING: [filemgmt 56-199] Attempt to get parsing info during refresh. "On-the-fly" syntax checking information may be incorrect. [/home/dfec/ece485/ece485_final_cadet_stage4/instr_mem.vhdl:]
WARNING: [filemgmt 56-199] Attempt to get parsing info during refresh. "On-the-fly" syntax checking information may be incorrect. [/home/dfec/ece485/ece485_final_cadet_stage4/hazard_detection_unit.vhdl:]
WARNING: [filemgmt 56-199] Attempt to get parsing info during refresh. "On-the-fly" syntax checking information may be incorrect. [/home/dfec/ece485/ece485_final_cadet_stage4/pipeline_registers.vhdl:]
WARNING: [filemgmt 56-199] Attempt to get parsing info during refresh. "On-the-fly" syntax checking information may be incorrect. [/home/dfec/ece485/ece485_final_cadet_stage4/alu_control.vhdl:]
WARNING: [filemgmt 56-199] Attempt to get parsing info during refresh. "On-the-fly" syntax checking information may be incorrect. [/home/dfec/ece485/ece485_final_cadet_stage4/riscv_pipeline.vhdl:]
WARNING: [filemgmt 56-199] Attempt to get parsing info during refresh. "On-the-fly" syntax checking information may be incorrect. [/home/dfec/ece485/ece485_final_cadet_stage4/hazard_detection_unit.vhdl:]
WARNING: [filemgmt 56-199] Attempt to get parsing info during refresh. "On-the-fly" syntax checking information may be incorrect. [/home/dfec/ece485/ece485_final_cadet_stage4/hazard_detection_unit.vhdl:]
WARNING: [filemgmt 56-199] Attempt to get parsing info during refresh. "On-the-fly" syntax checking information may be incorrect. [/home/dfec/ece485/ece485_final_cadet_stage4/forwarding_unit.vhdl:]
WARNING: [filemgmt 56-199] Attempt to get parsing info during refresh. "On-the-fly" syntax checking information may be incorrect. [/home/dfec/ece485/ece485_final_cadet_stage4/instr_mem.vhdl:]
WARNING: [filemgmt 56-199] Attempt to get parsing info during refresh. "On-the-fly" syntax checking information may be incorrect. [/home/dfec/ece485/ece485_final_cadet_stage4/hazard_detection_unit.vhdl:]
WARNING: [filemgmt 56-199] Attempt to get parsing info during refresh. "On-the-fly" syntax checking information may be incorrect. [/home/dfec/ece485/ece485_final_cadet_stage4/pipeline_registers.vhdl:]
WARNING: [filemgmt 56-199] Attempt to get parsing info during refresh. "On-the-fly" syntax checking information may be incorrect. [/home/dfec/ece485/ece485_final_cadet_stage4/alu_control.vhdl:]
WARNING: [filemgmt 56-199] Attempt to get parsing info during refresh. "On-the-fly" syntax checking information may be incorrect. [/home/dfec/ece485/ece485_final_cadet_stage4/riscv_pipeline.vhdl:]
WARNING: [filemgmt 56-199] Attempt to get parsing info during refresh. "On-the-fly" syntax checking information may be incorrect. [/home/dfec/ece485/ece485_final_cadet_stage4/alu_control.vhdl:]
WARNING: [filemgmt 56-199] Attempt to get parsing info during refresh. "On-the-fly" syntax checking information may be incorrect. [/home/dfec/ece485/ece485_final_cadet_stage4/alu_control.vhdl:]
WARNING: [filemgmt 56-199] Attempt to get parsing info during refresh. "On-the-fly" syntax checking information may be incorrect. [/home/dfec/ece485/ece485_final_cadet_stage4/forwarding_unit.vhdl:]
WARNING: [filemgmt 56-199] Attempt to get parsing info during refresh. "On-the-fly" syntax checking information may be incorrect. [/home/dfec/ece485/ece485_final_cadet_stage4/instr_mem.vhdl:]
WARNING: [filemgmt 56-199] Attempt to get parsing info during refresh. "On-the-fly" syntax checking information may be incorrect. [/home/dfec/ece485/ece485_final_cadet_stage4/hazard_detection_unit.vhdl:]
WARNING: [filemgmt 56-199] Attempt to get parsing info during refresh. "On-the-fly" syntax checking information may be incorrect. [/home/dfec/ece485/ece485_final_cadet_stage4/pipeline_registers.vhdl:]
WARNING: [filemgmt 56-199] Attempt to get parsing info during refresh. "On-the-fly" syntax checking information may be incorrect. [/home/dfec/ece485/ece485_final_cadet_stage4/alu_control.vhdl:]
WARNING: [filemgmt 56-199] Attempt to get parsing info during refresh. "On-the-fly" syntax checking information may be incorrect. [/home/dfec/ece485/ece485_final_cadet_stage4/riscv_pipeline.vhdl:]
WARNING: [filemgmt 56-199] Attempt to get parsing info during refresh. "On-the-fly" syntax checking information may be incorrect. [/home/dfec/ece485/ece485_final_cadet_stage4/instr_mem.vhdl:]
WARNING: [filemgmt 56-199] Attempt to get parsing info during refresh. "On-the-fly" syntax checking information may be incorrect. [/home/dfec/ece485/ece485_final_cadet_stage4/instr_mem.vhdl:]
WARNING: [filemgmt 56-199] Attempt to get parsing info during refresh. "On-the-fly" syntax checking information may be incorrect. [/home/dfec/ece485/ece485_final_cadet_stage4/forwarding_unit.vhdl:]
WARNING: [filemgmt 56-199] Attempt to get parsing info during refresh. "On-the-fly" syntax checking information may be incorrect. [/home/dfec/ece485/ece485_final_cadet_stage4/instr_mem.vhdl:]
WARNING: [filemgmt 56-199] Attempt to get parsing info during refresh. "On-the-fly" syntax checking information may be incorrect. [/home/dfec/ece485/ece485_final_cadet_stage4/hazard_detection_unit.vhdl:]
WARNING: [filemgmt 56-199] Attempt to get parsing info during refresh. "On-the-fly" syntax checking information may be incorrect. [/home/dfec/ece485/ece485_final_cadet_stage4/pipeline_registers.vhdl:]
WARNING: [filemgmt 56-199] Attempt to get parsing info during refresh. "On-the-fly" syntax checking information may be incorrect. [/home/dfec/ece485/ece485_final_cadet_stage4/alu_control.vhdl:]
WARNING: [filemgmt 56-199] Attempt to get parsing info during refresh. "On-the-fly" syntax checking information may be incorrect. [/home/dfec/ece485/ece485_final_cadet_stage4/riscv_pipeline.vhdl:]
WARNING: [filemgmt 56-199] Attempt to get parsing info during refresh. "On-the-fly" syntax checking information may be incorrect. [/home/dfec/ece485/ece485_final_cadet_stage4/pipeline_registers.vhdl:]
WARNING: [filemgmt 56-199] Attempt to get parsing info during refresh. "On-the-fly" syntax checking information may be incorrect. [/home/dfec/ece485/ece485_final_cadet_stage4/pipeline_registers.vhdl:]
launch_simulation
Command: launch_simulation 
INFO: [Vivado 12-25911] Executing simulation for 'XSim' simulator
INFO: [Project 1-5737] Running on host jupiter (64) - Ubuntu 24.04.2 LTS
INFO: [Vivado 12-28535] Process started - Thu May  7 23:16:59 2026

INFO: [Vivado 12-12493] Simulation top is 'tb_riscv_pipeline'
INFO: [Vivado 12-5682] Launching behavioral simulation in '/home/dfec/ece485/ece485_final_cadet_stage4/ece485_final_cadet_stage4.sim/sim_1/behav/xsim'
INFO: [SIM-utils-51] Simulation object is 'sim_1'
INFO: [SIM-utils-72] Using boost library from '/opt/Xilinx/2025.2/tps/boost_1_72_0'
INFO: [SIM-utils-54] Inspecting design source files for 'tb_riscv_pipeline' in fileset 'sim_1'...
INFO: [USF-XSim-97] Finding global include files...
INFO: [USF-XSim-98] Fetching design files from 'sim_1'...
INFO: [USF-XSim-2] XSim::Compile design
INFO: [USF-XSim-61] Executing 'COMPILE and ANALYZE' step in '/home/dfec/ece485/ece485_final_cadet_stage4/ece485_final_cadet_stage4.sim/sim_1/behav/xsim'
xvhdl --incr --relax -prj tb_riscv_pipeline_vhdl.prj
INFO: [VRFC 10-163] Analyzing VHDL file "/home/dfec/ece485/ece485_final_cadet_stage4/hazard_detection_unit.vhdl" into library xil_defaultlib
INFO: [VRFC 10-3107] analyzing entity 'hazard_detection_unit'
INFO: [VRFC 10-163] Analyzing VHDL file "/home/dfec/ece485/ece485_final_cadet_stage4/pipeline_registers.vhdl" into library xil_defaultlib
INFO: [VRFC 10-3107] analyzing entity 'pipeline_registers'
INFO: [VRFC 10-163] Analyzing VHDL file "/home/dfec/ece485/ece485_final_cadet_stage4/riscv_pipeline.vhdl" into library xil_defaultlib
INFO: [VRFC 10-3107] analyzing entity 'riscv_pipeline'
ERROR: [VRFC 10-9608] semicolon after last interface declaration is only supported in VHDL 1076-2019 [/home/dfec/ece485/ece485_final_cadet_stage4/riscv_pipeline.vhdl:129]
ERROR: [VRFC 10-4982] syntax error near 'npc' [/home/dfec/ece485/ece485_final_cadet_stage4/riscv_pipeline.vhdl:219]
ERROR: [VRFC 10-2989] 'clock_counter' is not declared [/home/dfec/ece485/ece485_final_cadet_stage4/riscv_pipeline.vhdl:284]
ERROR: [VRFC 10-2989] 'clock_counter' is not declared [/home/dfec/ece485/ece485_final_cadet_stage4/riscv_pipeline.vhdl:286]
ERROR: [VRFC 10-2989] 'next_pc' is not declared [/home/dfec/ece485/ece485_final_cadet_stage4/riscv_pipeline.vhdl:297]
ERROR: [VRFC 10-2989] 'pc' is not declared [/home/dfec/ece485/ece485_final_cadet_stage4/riscv_pipeline.vhdl:298]
ERROR: [VRFC 10-3095] actual of formal out port 'pc_out' cannot be an expression [/home/dfec/ece485/ece485_final_cadet_stage4/riscv_pipeline.vhdl:298]
ERROR: [VRFC 10-2989] 'npc' is not declared [/home/dfec/ece485/ece485_final_cadet_stage4/riscv_pipeline.vhdl:301]
ERROR: [VRFC 10-2989] 'pc_byte_not_word' is not declared [/home/dfec/ece485/ece485_final_cadet_stage4/riscv_pipeline.vhdl:392]
ERROR: [VRFC 10-2989] 'pc_byte_not_word' is not declared [/home/dfec/ece485/ece485_final_cadet_stage4/riscv_pipeline.vhdl:395]
ERROR: [VRFC 10-2989] 'instr' is not declared [/home/dfec/ece485/ece485_final_cadet_stage4/riscv_pipeline.vhdl:396]
ERROR: [VRFC 10-3095] actual of formal out port 'instr' cannot be an expression [/home/dfec/ece485/ece485_final_cadet_stage4/riscv_pipeline.vhdl:396]
ERROR: [VRFC 10-2989] 'if_id_rs1' is not declared [/home/dfec/ece485/ece485_final_cadet_stage4/riscv_pipeline.vhdl:403]
ERROR: [VRFC 10-2989] 'if_id_rs2' is not declared [/home/dfec/ece485/ece485_final_cadet_stage4/riscv_pipeline.vhdl:404]
ERROR: [VRFC 10-2989] 'if_id_rd' is not declared [/home/dfec/ece485/ece485_final_cadet_stage4/riscv_pipeline.vhdl:405]
ERROR: [VRFC 10-2989] 'opcode' is not declared [/home/dfec/ece485/ece485_final_cadet_stage4/riscv_pipeline.vhdl:407]
ERROR: [VRFC 10-2989] 'opcode' is not declared [/home/dfec/ece485/ece485_final_cadet_stage4/riscv_pipeline.vhdl:412]
ERROR: [VRFC 10-2989] 'reg_write' is not declared [/home/dfec/ece485/ece485_final_cadet_stage4/riscv_pipeline.vhdl:413]
ERROR: [VRFC 10-3095] actual of formal out port 'reg_write' cannot be an expression [/home/dfec/ece485/ece485_final_cadet_stage4/riscv_pipeline.vhdl:413]
INFO: [VRFC 10-10021] Sorry, too many errors..
INFO: [USF-XSim-69] 'compile' step finished in '2' seconds
INFO: [USF-XSim-99] Step results log file:'/home/dfec/ece485/ece485_final_cadet_stage4/ece485_final_cadet_stage4.sim/sim_1/behav/xsim/xvhdl.log'
ERROR: [USF-XSim-62] 'compile' step failed with error(s). Please check the Tcl console output or '/home/dfec/ece485/ece485_final_cadet_stage4/ece485_final_cadet_stage4.sim/sim_1/behav/xsim/xvhdl.log' file for more information.
ERROR: [Vivado 12-4473] Detected error while running simulation. Please correct the issue and retry this operation.
ERROR: [Common 17-39] 'launch_simulation' failed due to earlier errors.
WARNING: [filemgmt 56-199] Attempt to get parsing info during refresh. "On-the-fly" syntax checking information may be incorrect. [/home/dfec/ece485/ece485_final_cadet_stage4/forwarding_unit.vhdl:]
WARNING: [filemgmt 56-199] Attempt to get parsing info during refresh. "On-the-fly" syntax checking information may be incorrect. [/home/dfec/ece485/ece485_final_cadet_stage4/instr_mem.vhdl:]
WARNING: [filemgmt 56-199] Attempt to get parsing info during refresh. "On-the-fly" syntax checking information may be incorrect. [/home/dfec/ece485/ece485_final_cadet_stage4/hazard_detection_unit.vhdl:]
WARNING: [filemgmt 56-199] Attempt to get parsing info during refresh. "On-the-fly" syntax checking information may be incorrect. [/home/dfec/ece485/ece485_final_cadet_stage4/pipeline_registers.vhdl:]
WARNING: [filemgmt 56-199] Attempt to get parsing info during refresh. "On-the-fly" syntax checking information may be incorrect. [/home/dfec/ece485/ece485_final_cadet_stage4/alu_control.vhdl:]
WARNING: [filemgmt 56-199] Attempt to get parsing info during refresh. "On-the-fly" syntax checking information may be incorrect. [/home/dfec/ece485/ece485_final_cadet_stage4/riscv_pipeline.vhdl:]
WARNING: [filemgmt 56-199] Attempt to get parsing info during refresh. "On-the-fly" syntax checking information may be incorrect. [/home/dfec/ece485/ece485_final_cadet_stage4/riscv_pipeline.vhdl:]
WARNING: [filemgmt 56-199] Attempt to get parsing info during refresh. "On-the-fly" syntax checking information may be incorrect. [/home/dfec/ece485/ece485_final_cadet_stage4/riscv_pipeline.vhdl:]
WARNING: [filemgmt 56-199] Attempt to get parsing info during refresh. "On-the-fly" syntax checking information may be incorrect. [/home/dfec/ece485/ece485_final_cadet_stage4/forwarding_unit.vhdl:]
WARNING: [filemgmt 56-199] Attempt to get parsing info during refresh. "On-the-fly" syntax checking information may be incorrect. [/home/dfec/ece485/ece485_final_cadet_stage4/instr_mem.vhdl:]
WARNING: [filemgmt 56-199] Attempt to get parsing info during refresh. "On-the-fly" syntax checking information may be incorrect. [/home/dfec/ece485/ece485_final_cadet_stage4/hazard_detection_unit.vhdl:]
WARNING: [filemgmt 56-199] Attempt to get parsing info during refresh. "On-the-fly" syntax checking information may be incorrect. [/home/dfec/ece485/ece485_final_cadet_stage4/pipeline_registers.vhdl:]
WARNING: [filemgmt 56-199] Attempt to get parsing info during refresh. "On-the-fly" syntax checking information may be incorrect. [/home/dfec/ece485/ece485_final_cadet_stage4/alu_control.vhdl:]
WARNING: [filemgmt 56-199] Attempt to get parsing info during refresh. "On-the-fly" syntax checking information may be incorrect. [/home/dfec/ece485/ece485_final_cadet_stage4/riscv_pipeline.vhdl:]
WARNING: [filemgmt 56-199] Attempt to get parsing info during refresh. "On-the-fly" syntax checking information may be incorrect. [/home/dfec/ece485/ece485_final_cadet_stage4/hazard_detection_unit.vhdl:]
WARNING: [filemgmt 56-199] Attempt to get parsing info during refresh. "On-the-fly" syntax checking information may be incorrect. [/home/dfec/ece485/ece485_final_cadet_stage4/hazard_detection_unit.vhdl:]
WARNING: [filemgmt 56-199] Attempt to get parsing info during refresh. "On-the-fly" syntax checking information may be incorrect. [/home/dfec/ece485/ece485_final_cadet_stage4/forwarding_unit.vhdl:]
WARNING: [filemgmt 56-199] Attempt to get parsing info during refresh. "On-the-fly" syntax checking information may be incorrect. [/home/dfec/ece485/ece485_final_cadet_stage4/instr_mem.vhdl:]
WARNING: [filemgmt 56-199] Attempt to get parsing info during refresh. "On-the-fly" syntax checking information may be incorrect. [/home/dfec/ece485/ece485_final_cadet_stage4/hazard_detection_unit.vhdl:]
WARNING: [filemgmt 56-199] Attempt to get parsing info during refresh. "On-the-fly" syntax checking information may be incorrect. [/home/dfec/ece485/ece485_final_cadet_stage4/pipeline_registers.vhdl:]
WARNING: [filemgmt 56-199] Attempt to get parsing info during refresh. "On-the-fly" syntax checking information may be incorrect. [/home/dfec/ece485/ece485_final_cadet_stage4/alu_control.vhdl:]
WARNING: [filemgmt 56-199] Attempt to get parsing info during refresh. "On-the-fly" syntax checking information may be incorrect. [/home/dfec/ece485/ece485_final_cadet_stage4/riscv_pipeline.vhdl:]
WARNING: [filemgmt 56-199] Attempt to get parsing info during refresh. "On-the-fly" syntax checking information may be incorrect. [/home/dfec/ece485/ece485_final_cadet_stage4/alu_control.vhdl:]
WARNING: [filemgmt 56-199] Attempt to get parsing info during refresh. "On-the-fly" syntax checking information may be incorrect. [/home/dfec/ece485/ece485_final_cadet_stage4/alu_control.vhdl:]
WARNING: [filemgmt 56-199] Attempt to get parsing info during refresh. "On-the-fly" syntax checking information may be incorrect. [/home/dfec/ece485/ece485_final_cadet_stage4/forwarding_unit.vhdl:]
WARNING: [filemgmt 56-199] Attempt to get parsing info during refresh. "On-the-fly" syntax checking information may be incorrect. [/home/dfec/ece485/ece485_final_cadet_stage4/instr_mem.vhdl:]
WARNING: [filemgmt 56-199] Attempt to get parsing info during refresh. "On-the-fly" syntax checking information may be incorrect. [/home/dfec/ece485/ece485_final_cadet_stage4/hazard_detection_unit.vhdl:]
WARNING: [filemgmt 56-199] Attempt to get parsing info during refresh. "On-the-fly" syntax checking information may be incorrect. [/home/dfec/ece485/ece485_final_cadet_stage4/pipeline_registers.vhdl:]
WARNING: [filemgmt 56-199] Attempt to get parsing info during refresh. "On-the-fly" syntax checking information may be incorrect. [/home/dfec/ece485/ece485_final_cadet_stage4/alu_control.vhdl:]
WARNING: [filemgmt 56-199] Attempt to get parsing info during refresh. "On-the-fly" syntax checking information may be incorrect. [/home/dfec/ece485/ece485_final_cadet_stage4/riscv_pipeline.vhdl:]
WARNING: [filemgmt 56-199] Attempt to get parsing info during refresh. "On-the-fly" syntax checking information may be incorrect. [/home/dfec/ece485/ece485_final_cadet_stage4/instr_mem.vhdl:]
WARNING: [filemgmt 56-199] Attempt to get parsing info during refresh. "On-the-fly" syntax checking information may be incorrect. [/home/dfec/ece485/ece485_final_cadet_stage4/instr_mem.vhdl:]
WARNING: [filemgmt 56-199] Attempt to get parsing info during refresh. "On-the-fly" syntax checking information may be incorrect. [/home/dfec/ece485/ece485_final_cadet_stage4/forwarding_unit.vhdl:]
WARNING: [filemgmt 56-199] Attempt to get parsing info during refresh. "On-the-fly" syntax checking information may be incorrect. [/home/dfec/ece485/ece485_final_cadet_stage4/instr_mem.vhdl:]
WARNING: [filemgmt 56-199] Attempt to get parsing info during refresh. "On-the-fly" syntax checking information may be incorrect. [/home/dfec/ece485/ece485_final_cadet_stage4/hazard_detection_unit.vhdl:]
WARNING: [filemgmt 56-199] Attempt to get parsing info during refresh. "On-the-fly" syntax checking information may be incorrect. [/home/dfec/ece485/ece485_final_cadet_stage4/pipeline_registers.vhdl:]
WARNING: [filemgmt 56-199] Attempt to get parsing info during refresh. "On-the-fly" syntax checking information may be incorrect. [/home/dfec/ece485/ece485_final_cadet_stage4/alu_control.vhdl:]
WARNING: [filemgmt 56-199] Attempt to get parsing info during refresh. "On-the-fly" syntax checking information may be incorrect. [/home/dfec/ece485/ece485_final_cadet_stage4/riscv_pipeline.vhdl:]
WARNING: [filemgmt 56-199] Attempt to get parsing info during refresh. "On-the-fly" syntax checking information may be incorrect. [/home/dfec/ece485/ece485_final_cadet_stage4/pipeline_registers.vhdl:]
WARNING: [filemgmt 56-199] Attempt to get parsing info during refresh. "On-the-fly" syntax checking information may be incorrect. [/home/dfec/ece485/ece485_final_cadet_stage4/pipeline_registers.vhdl:]
launch_simulation
Command: launch_simulation 
INFO: [Vivado 12-25911] Executing simulation for 'XSim' simulator
INFO: [Project 1-5737] Running on host jupiter (64) - Ubuntu 24.04.2 LTS
INFO: [Vivado 12-28535] Process started - Thu May  7 23:23:03 2026

INFO: [Vivado 12-12493] Simulation top is 'tb_riscv_pipeline'
INFO: [Vivado 12-5682] Launching behavioral simulation in '/home/dfec/ece485/ece485_final_cadet_stage4/ece485_final_cadet_stage4.sim/sim_1/behav/xsim'
INFO: [SIM-utils-51] Simulation object is 'sim_1'
INFO: [SIM-utils-72] Using boost library from '/opt/Xilinx/2025.2/tps/boost_1_72_0'
INFO: [SIM-utils-54] Inspecting design source files for 'tb_riscv_pipeline' in fileset 'sim_1'...
INFO: [USF-XSim-97] Finding global include files...
INFO: [USF-XSim-98] Fetching design files from 'sim_1'...
INFO: [USF-XSim-2] XSim::Compile design
INFO: [USF-XSim-61] Executing 'COMPILE and ANALYZE' step in '/home/dfec/ece485/ece485_final_cadet_stage4/ece485_final_cadet_stage4.sim/sim_1/behav/xsim'
xvhdl --incr --relax -prj tb_riscv_pipeline_vhdl.prj
INFO: [VRFC 10-163] Analyzing VHDL file "/home/dfec/ece485/ece485_final_cadet_stage4/hazard_detection_unit.vhdl" into library xil_defaultlib
INFO: [VRFC 10-3107] analyzing entity 'hazard_detection_unit'
INFO: [VRFC 10-163] Analyzing VHDL file "/home/dfec/ece485/ece485_final_cadet_stage4/pipeline_registers.vhdl" into library xil_defaultlib
INFO: [VRFC 10-3107] analyzing entity 'pipeline_registers'
INFO: [VRFC 10-163] Analyzing VHDL file "/home/dfec/ece485/ece485_final_cadet_stage4/riscv_pipeline.vhdl" into library xil_defaultlib
INFO: [VRFC 10-3107] analyzing entity 'riscv_pipeline'
ERROR: [VRFC 10-9608] semicolon after last interface declaration is only supported in VHDL 1076-2019 [/home/dfec/ece485/ece485_final_cadet_stage4/riscv_pipeline.vhdl:129]
ERROR: [VRFC 10-4982] syntax error near 'npc' [/home/dfec/ece485/ece485_final_cadet_stage4/riscv_pipeline.vhdl:219]
ERROR: [VRFC 10-2989] 'clock_counter' is not declared [/home/dfec/ece485/ece485_final_cadet_stage4/riscv_pipeline.vhdl:284]
ERROR: [VRFC 10-2989] 'clock_counter' is not declared [/home/dfec/ece485/ece485_final_cadet_stage4/riscv_pipeline.vhdl:286]
ERROR: [VRFC 10-2989] 'next_pc' is not declared [/home/dfec/ece485/ece485_final_cadet_stage4/riscv_pipeline.vhdl:297]
ERROR: [VRFC 10-2989] 'pc' is not declared [/home/dfec/ece485/ece485_final_cadet_stage4/riscv_pipeline.vhdl:298]
ERROR: [VRFC 10-3095] actual of formal out port 'pc_out' cannot be an expression [/home/dfec/ece485/ece485_final_cadet_stage4/riscv_pipeline.vhdl:298]
ERROR: [VRFC 10-2989] 'npc' is not declared [/home/dfec/ece485/ece485_final_cadet_stage4/riscv_pipeline.vhdl:301]
ERROR: [VRFC 10-2989] 'pc_byte_not_word' is not declared [/home/dfec/ece485/ece485_final_cadet_stage4/riscv_pipeline.vhdl:392]
ERROR: [VRFC 10-2989] 'pc_byte_not_word' is not declared [/home/dfec/ece485/ece485_final_cadet_stage4/riscv_pipeline.vhdl:395]
ERROR: [VRFC 10-2989] 'instr' is not declared [/home/dfec/ece485/ece485_final_cadet_stage4/riscv_pipeline.vhdl:396]
ERROR: [VRFC 10-3095] actual of formal out port 'instr' cannot be an expression [/home/dfec/ece485/ece485_final_cadet_stage4/riscv_pipeline.vhdl:396]
ERROR: [VRFC 10-2989] 'if_id_rs1' is not declared [/home/dfec/ece485/ece485_final_cadet_stage4/riscv_pipeline.vhdl:403]
ERROR: [VRFC 10-2989] 'if_id_rs2' is not declared [/home/dfec/ece485/ece485_final_cadet_stage4/riscv_pipeline.vhdl:404]
ERROR: [VRFC 10-2989] 'if_id_rd' is not declared [/home/dfec/ece485/ece485_final_cadet_stage4/riscv_pipeline.vhdl:405]
ERROR: [VRFC 10-2989] 'opcode' is not declared [/home/dfec/ece485/ece485_final_cadet_stage4/riscv_pipeline.vhdl:407]
ERROR: [VRFC 10-2989] 'opcode' is not declared [/home/dfec/ece485/ece485_final_cadet_stage4/riscv_pipeline.vhdl:412]
ERROR: [VRFC 10-2989] 'reg_write' is not declared [/home/dfec/ece485/ece485_final_cadet_stage4/riscv_pipeline.vhdl:413]
ERROR: [VRFC 10-3095] actual of formal out port 'reg_write' cannot be an expression [/home/dfec/ece485/ece485_final_cadet_stage4/riscv_pipeline.vhdl:413]
INFO: [VRFC 10-10021] Sorry, too many errors..
INFO: [USF-XSim-69] 'compile' step finished in '2' seconds
INFO: [USF-XSim-99] Step results log file:'/home/dfec/ece485/ece485_final_cadet_stage4/ece485_final_cadet_stage4.sim/sim_1/behav/xsim/xvhdl.log'
ERROR: [USF-XSim-62] 'compile' step failed with error(s). Please check the Tcl console output or '/home/dfec/ece485/ece485_final_cadet_stage4/ece485_final_cadet_stage4.sim/sim_1/behav/xsim/xvhdl.log' file for more information.
ERROR: [Vivado 12-4473] Detected error while running simulation. Please correct the issue and retry this operation.
ERROR: [Common 17-39] 'launch_simulation' failed due to earlier errors.
launch_simulation
Command: launch_simulation 
INFO: [Vivado 12-25911] Executing simulation for 'XSim' simulator
INFO: [Project 1-5737] Running on host jupiter (64) - Ubuntu 24.04.2 LTS
INFO: [Vivado 12-28535] Process started - Thu May  7 23:27:07 2026

INFO: [Vivado 12-12493] Simulation top is 'tb_riscv_pipeline'
INFO: [Vivado 12-5682] Launching behavioral simulation in '/home/dfec/ece485/ece485_final_cadet_stage4/ece485_final_cadet_stage4.sim/sim_1/behav/xsim'
INFO: [SIM-utils-51] Simulation object is 'sim_1'
INFO: [SIM-utils-72] Using boost library from '/opt/Xilinx/2025.2/tps/boost_1_72_0'
INFO: [SIM-utils-54] Inspecting design source files for 'tb_riscv_pipeline' in fileset 'sim_1'...
INFO: [USF-XSim-97] Finding global include files...
INFO: [USF-XSim-98] Fetching design files from 'sim_1'...
INFO: [USF-XSim-2] XSim::Compile design
INFO: [USF-XSim-61] Executing 'COMPILE and ANALYZE' step in '/home/dfec/ece485/ece485_final_cadet_stage4/ece485_final_cadet_stage4.sim/sim_1/behav/xsim'
xvhdl --incr --relax -prj tb_riscv_pipeline_vhdl.prj
INFO: [VRFC 10-163] Analyzing VHDL file "/home/dfec/ece485/ece485_final_cadet_stage4/hazard_detection_unit.vhdl" into library xil_defaultlib
INFO: [VRFC 10-3107] analyzing entity 'hazard_detection_unit'
INFO: [VRFC 10-163] Analyzing VHDL file "/home/dfec/ece485/ece485_final_cadet_stage4/pipeline_registers.vhdl" into library xil_defaultlib
INFO: [VRFC 10-3107] analyzing entity 'pipeline_registers'
INFO: [VRFC 10-163] Analyzing VHDL file "/home/dfec/ece485/ece485_final_cadet_stage4/riscv_pipeline.vhdl" into library xil_defaultlib
INFO: [VRFC 10-3107] analyzing entity 'riscv_pipeline'
ERROR: [VRFC 10-9608] semicolon after last interface declaration is only supported in VHDL 1076-2019 [/home/dfec/ece485/ece485_final_cadet_stage4/riscv_pipeline.vhdl:129]
ERROR: [VRFC 10-4982] syntax error near 'npc' [/home/dfec/ece485/ece485_final_cadet_stage4/riscv_pipeline.vhdl:219]
ERROR: [VRFC 10-2989] 'clock_counter' is not declared [/home/dfec/ece485/ece485_final_cadet_stage4/riscv_pipeline.vhdl:284]
ERROR: [VRFC 10-2989] 'clock_counter' is not declared [/home/dfec/ece485/ece485_final_cadet_stage4/riscv_pipeline.vhdl:286]
ERROR: [VRFC 10-2989] 'next_pc' is not declared [/home/dfec/ece485/ece485_final_cadet_stage4/riscv_pipeline.vhdl:297]
ERROR: [VRFC 10-2989] 'pc' is not declared [/home/dfec/ece485/ece485_final_cadet_stage4/riscv_pipeline.vhdl:298]
ERROR: [VRFC 10-3095] actual of formal out port 'pc_out' cannot be an expression [/home/dfec/ece485/ece485_final_cadet_stage4/riscv_pipeline.vhdl:298]
ERROR: [VRFC 10-2989] 'npc' is not declared [/home/dfec/ece485/ece485_final_cadet_stage4/riscv_pipeline.vhdl:301]
ERROR: [VRFC 10-2989] 'pc_byte_not_word' is not declared [/home/dfec/ece485/ece485_final_cadet_stage4/riscv_pipeline.vhdl:392]
ERROR: [VRFC 10-2989] 'pc_byte_not_word' is not declared [/home/dfec/ece485/ece485_final_cadet_stage4/riscv_pipeline.vhdl:395]
ERROR: [VRFC 10-2989] 'instr' is not declared [/home/dfec/ece485/ece485_final_cadet_stage4/riscv_pipeline.vhdl:396]
ERROR: [VRFC 10-3095] actual of formal out port 'instr' cannot be an expression [/home/dfec/ece485/ece485_final_cadet_stage4/riscv_pipeline.vhdl:396]
ERROR: [VRFC 10-2989] 'if_id_rs1' is not declared [/home/dfec/ece485/ece485_final_cadet_stage4/riscv_pipeline.vhdl:403]
ERROR: [VRFC 10-2989] 'if_id_rs2' is not declared [/home/dfec/ece485/ece485_final_cadet_stage4/riscv_pipeline.vhdl:404]
ERROR: [VRFC 10-2989] 'if_id_rd' is not declared [/home/dfec/ece485/ece485_final_cadet_stage4/riscv_pipeline.vhdl:405]
ERROR: [VRFC 10-2989] 'opcode' is not declared [/home/dfec/ece485/ece485_final_cadet_stage4/riscv_pipeline.vhdl:407]
ERROR: [VRFC 10-2989] 'opcode' is not declared [/home/dfec/ece485/ece485_final_cadet_stage4/riscv_pipeline.vhdl:412]
ERROR: [VRFC 10-2989] 'reg_write' is not declared [/home/dfec/ece485/ece485_final_cadet_stage4/riscv_pipeline.vhdl:413]
ERROR: [VRFC 10-3095] actual of formal out port 'reg_write' cannot be an expression [/home/dfec/ece485/ece485_final_cadet_stage4/riscv_pipeline.vhdl:413]
INFO: [VRFC 10-10021] Sorry, too many errors..
INFO: [USF-XSim-69] 'compile' step finished in '2' seconds
INFO: [USF-XSim-99] Step results log file:'/home/dfec/ece485/ece485_final_cadet_stage4/ece485_final_cadet_stage4.sim/sim_1/behav/xsim/xvhdl.log'
ERROR: [USF-XSim-62] 'compile' step failed with error(s). Please check the Tcl console output or '/home/dfec/ece485/ece485_final_cadet_stage4/ece485_final_cadet_stage4.sim/sim_1/behav/xsim/xvhdl.log' file for more information.
ERROR: [Vivado 12-4473] Detected error while running simulation. Please correct the issue and retry this operation.
ERROR: [Common 17-39] 'launch_simulation' failed due to earlier errors.
WARNING: [filemgmt 56-199] Attempt to get parsing info during refresh. "On-the-fly" syntax checking information may be incorrect. [/home/dfec/ece485/ece485_final_cadet_stage4/forwarding_unit.vhdl:]
WARNING: [filemgmt 56-199] Attempt to get parsing info during refresh. "On-the-fly" syntax checking information may be incorrect. [/home/dfec/ece485/ece485_final_cadet_stage4/instr_mem.vhdl:]
WARNING: [filemgmt 56-199] Attempt to get parsing info during refresh. "On-the-fly" syntax checking information may be incorrect. [/home/dfec/ece485/ece485_final_cadet_stage4/hazard_detection_unit.vhdl:]
WARNING: [filemgmt 56-199] Attempt to get parsing info during refresh. "On-the-fly" syntax checking information may be incorrect. [/home/dfec/ece485/ece485_final_cadet_stage4/pipeline_registers.vhdl:]
WARNING: [filemgmt 56-199] Attempt to get parsing info during refresh. "On-the-fly" syntax checking information may be incorrect. [/home/dfec/ece485/ece485_final_cadet_stage4/alu_control.vhdl:]
WARNING: [filemgmt 56-199] Attempt to get parsing info during refresh. "On-the-fly" syntax checking information may be incorrect. [/home/dfec/ece485/ece485_final_cadet_stage4/riscv_pipeline.vhdl:]
WARNING: [filemgmt 56-199] Attempt to get parsing info during refresh. "On-the-fly" syntax checking information may be incorrect. [/home/dfec/ece485/ece485_final_cadet_stage4/riscv_pipeline.vhdl:]
WARNING: [filemgmt 56-199] Attempt to get parsing info during refresh. "On-the-fly" syntax checking information may be incorrect. [/home/dfec/ece485/ece485_final_cadet_stage4/riscv_pipeline.vhdl:]
WARNING: [filemgmt 56-199] Attempt to get parsing info during refresh. "On-the-fly" syntax checking information may be incorrect. [/home/dfec/ece485/ece485_final_cadet_stage4/forwarding_unit.vhdl:]
WARNING: [filemgmt 56-199] Attempt to get parsing info during refresh. "On-the-fly" syntax checking information may be incorrect. [/home/dfec/ece485/ece485_final_cadet_stage4/instr_mem.vhdl:]
WARNING: [filemgmt 56-199] Attempt to get parsing info during refresh. "On-the-fly" syntax checking information may be incorrect. [/home/dfec/ece485/ece485_final_cadet_stage4/hazard_detection_unit.vhdl:]
WARNING: [filemgmt 56-199] Attempt to get parsing info during refresh. "On-the-fly" syntax checking information may be incorrect. [/home/dfec/ece485/ece485_final_cadet_stage4/pipeline_registers.vhdl:]
WARNING: [filemgmt 56-199] Attempt to get parsing info during refresh. "On-the-fly" syntax checking information may be incorrect. [/home/dfec/ece485/ece485_final_cadet_stage4/alu_control.vhdl:]
WARNING: [filemgmt 56-199] Attempt to get parsing info during refresh. "On-the-fly" syntax checking information may be incorrect. [/home/dfec/ece485/ece485_final_cadet_stage4/riscv_pipeline.vhdl:]
WARNING: [filemgmt 56-199] Attempt to get parsing info during refresh. "On-the-fly" syntax checking information may be incorrect. [/home/dfec/ece485/ece485_final_cadet_stage4/forwarding_unit.vhdl:]
WARNING: [filemgmt 56-199] Attempt to get parsing info during refresh. "On-the-fly" syntax checking information may be incorrect. [/home/dfec/ece485/ece485_final_cadet_stage4/forwarding_unit.vhdl:]
WARNING: [filemgmt 56-199] Attempt to get parsing info during refresh. "On-the-fly" syntax checking information may be incorrect. [/home/dfec/ece485/ece485_final_cadet_stage4/forwarding_unit.vhdl:]
WARNING: [filemgmt 56-199] Attempt to get parsing info during refresh. "On-the-fly" syntax checking information may be incorrect. [/home/dfec/ece485/ece485_final_cadet_stage4/instr_mem.vhdl:]
WARNING: [filemgmt 56-199] Attempt to get parsing info during refresh. "On-the-fly" syntax checking information may be incorrect. [/home/dfec/ece485/ece485_final_cadet_stage4/hazard_detection_unit.vhdl:]
WARNING: [filemgmt 56-199] Attempt to get parsing info during refresh. "On-the-fly" syntax checking information may be incorrect. [/home/dfec/ece485/ece485_final_cadet_stage4/pipeline_registers.vhdl:]
WARNING: [filemgmt 56-199] Attempt to get parsing info during refresh. "On-the-fly" syntax checking information may be incorrect. [/home/dfec/ece485/ece485_final_cadet_stage4/alu_control.vhdl:]
WARNING: [filemgmt 56-199] Attempt to get parsing info during refresh. "On-the-fly" syntax checking information may be incorrect. [/home/dfec/ece485/ece485_final_cadet_stage4/riscv_pipeline.vhdl:]
WARNING: [filemgmt 56-199] Attempt to get parsing info during refresh. "On-the-fly" syntax checking information may be incorrect. [/home/dfec/ece485/ece485_final_cadet_stage4/alu_control.vhdl:]
WARNING: [filemgmt 56-199] Attempt to get parsing info during refresh. "On-the-fly" syntax checking information may be incorrect. [/home/dfec/ece485/ece485_final_cadet_stage4/alu_control.vhdl:]
WARNING: [filemgmt 56-199] Attempt to get parsing info during refresh. "On-the-fly" syntax checking information may be incorrect. [/home/dfec/ece485/ece485_final_cadet_stage4/forwarding_unit.vhdl:]
WARNING: [filemgmt 56-199] Attempt to get parsing info during refresh. "On-the-fly" syntax checking information may be incorrect. [/home/dfec/ece485/ece485_final_cadet_stage4/instr_mem.vhdl:]
WARNING: [filemgmt 56-199] Attempt to get parsing info during refresh. "On-the-fly" syntax checking information may be incorrect. [/home/dfec/ece485/ece485_final_cadet_stage4/hazard_detection_unit.vhdl:]
WARNING: [filemgmt 56-199] Attempt to get parsing info during refresh. "On-the-fly" syntax checking information may be incorrect. [/home/dfec/ece485/ece485_final_cadet_stage4/pipeline_registers.vhdl:]
WARNING: [filemgmt 56-199] Attempt to get parsing info during refresh. "On-the-fly" syntax checking information may be incorrect. [/home/dfec/ece485/ece485_final_cadet_stage4/alu_control.vhdl:]
WARNING: [filemgmt 56-199] Attempt to get parsing info during refresh. "On-the-fly" syntax checking information may be incorrect. [/home/dfec/ece485/ece485_final_cadet_stage4/riscv_pipeline.vhdl:]
WARNING: [filemgmt 56-199] Attempt to get parsing info during refresh. "On-the-fly" syntax checking information may be incorrect. [/home/dfec/ece485/ece485_final_cadet_stage4/instr_mem.vhdl:]
WARNING: [filemgmt 56-199] Attempt to get parsing info during refresh. "On-the-fly" syntax checking information may be incorrect. [/home/dfec/ece485/ece485_final_cadet_stage4/instr_mem.vhdl:]
WARNING: [filemgmt 56-199] Attempt to get parsing info during refresh. "On-the-fly" syntax checking information may be incorrect. [/home/dfec/ece485/ece485_final_cadet_stage4/forwarding_unit.vhdl:]
WARNING: [filemgmt 56-199] Attempt to get parsing info during refresh. "On-the-fly" syntax checking information may be incorrect. [/home/dfec/ece485/ece485_final_cadet_stage4/instr_mem.vhdl:]
WARNING: [filemgmt 56-199] Attempt to get parsing info during refresh. "On-the-fly" syntax checking information may be incorrect. [/home/dfec/ece485/ece485_final_cadet_stage4/hazard_detection_unit.vhdl:]
WARNING: [filemgmt 56-199] Attempt to get parsing info during refresh. "On-the-fly" syntax checking information may be incorrect. [/home/dfec/ece485/ece485_final_cadet_stage4/pipeline_registers.vhdl:]
WARNING: [filemgmt 56-199] Attempt to get parsing info during refresh. "On-the-fly" syntax checking information may be incorrect. [/home/dfec/ece485/ece485_final_cadet_stage4/alu_control.vhdl:]
WARNING: [filemgmt 56-199] Attempt to get parsing info during refresh. "On-the-fly" syntax checking information may be incorrect. [/home/dfec/ece485/ece485_final_cadet_stage4/riscv_pipeline.vhdl:]
WARNING: [filemgmt 56-199] Attempt to get parsing info during refresh. "On-the-fly" syntax checking information may be incorrect. [/home/dfec/ece485/ece485_final_cadet_stage4/pipeline_registers.vhdl:]
WARNING: [filemgmt 56-199] Attempt to get parsing info during refresh. "On-the-fly" syntax checking information may be incorrect. [/home/dfec/ece485/ece485_final_cadet_stage4/pipeline_registers.vhdl:]
launch_simulation
Command: launch_simulation 
INFO: [Vivado 12-25911] Executing simulation for 'XSim' simulator
INFO: [Project 1-5737] Running on host jupiter (64) - Ubuntu 24.04.2 LTS
INFO: [Vivado 12-28535] Process started - Thu May  7 23:28:02 2026

INFO: [Vivado 12-12493] Simulation top is 'tb_riscv_pipeline'
INFO: [Vivado 12-5682] Launching behavioral simulation in '/home/dfec/ece485/ece485_final_cadet_stage4/ece485_final_cadet_stage4.sim/sim_1/behav/xsim'
INFO: [SIM-utils-51] Simulation object is 'sim_1'
INFO: [SIM-utils-72] Using boost library from '/opt/Xilinx/2025.2/tps/boost_1_72_0'
INFO: [SIM-utils-54] Inspecting design source files for 'tb_riscv_pipeline' in fileset 'sim_1'...
INFO: [USF-XSim-97] Finding global include files...
INFO: [USF-XSim-98] Fetching design files from 'sim_1'...
INFO: [USF-XSim-2] XSim::Compile design
INFO: [USF-XSim-61] Executing 'COMPILE and ANALYZE' step in '/home/dfec/ece485/ece485_final_cadet_stage4/ece485_final_cadet_stage4.sim/sim_1/behav/xsim'
xvhdl --incr --relax -prj tb_riscv_pipeline_vhdl.prj
INFO: [VRFC 10-163] Analyzing VHDL file "/home/dfec/ece485/ece485_final_cadet_stage4/hazard_detection_unit.vhdl" into library xil_defaultlib
INFO: [VRFC 10-3107] analyzing entity 'hazard_detection_unit'
INFO: [VRFC 10-163] Analyzing VHDL file "/home/dfec/ece485/ece485_final_cadet_stage4/pipeline_registers.vhdl" into library xil_defaultlib
INFO: [VRFC 10-3107] analyzing entity 'pipeline_registers'
INFO: [VRFC 10-163] Analyzing VHDL file "/home/dfec/ece485/ece485_final_cadet_stage4/riscv_pipeline.vhdl" into library xil_defaultlib
INFO: [VRFC 10-3107] analyzing entity 'riscv_pipeline'
ERROR: [VRFC 10-9608] semicolon after last interface declaration is only supported in VHDL 1076-2019 [/home/dfec/ece485/ece485_final_cadet_stage4/riscv_pipeline.vhdl:163]
ERROR: [VRFC 10-4982] syntax error near '[' [/home/dfec/ece485/ece485_final_cadet_stage4/riscv_pipeline.vhdl:421]
ERROR: [VRFC 10-9458] unit 'behavioral' is ignored due to previous errors [/home/dfec/ece485/ece485_final_cadet_stage4/riscv_pipeline.vhdl:28]
INFO: [VRFC 10-8704] VHDL file '/home/dfec/ece485/ece485_final_cadet_stage4/riscv_pipeline.vhdl' is ignored due to errors
INFO: [USF-XSim-69] 'compile' step finished in '2' seconds
INFO: [USF-XSim-99] Step results log file:'/home/dfec/ece485/ece485_final_cadet_stage4/ece485_final_cadet_stage4.sim/sim_1/behav/xsim/xvhdl.log'
ERROR: [USF-XSim-62] 'compile' step failed with error(s). Please check the Tcl console output or '/home/dfec/ece485/ece485_final_cadet_stage4/ece485_final_cadet_stage4.sim/sim_1/behav/xsim/xvhdl.log' file for more information.
ERROR: [Vivado 12-4473] Detected error while running simulation. Please correct the issue and retry this operation.
ERROR: [Common 17-39] 'launch_simulation' failed due to earlier errors.
WARNING: [filemgmt 56-199] Attempt to get parsing info during refresh. "On-the-fly" syntax checking information may be incorrect. [/home/dfec/ece485/ece485_final_cadet_stage4/forwarding_unit.vhdl:]
WARNING: [filemgmt 56-199] Attempt to get parsing info during refresh. "On-the-fly" syntax checking information may be incorrect. [/home/dfec/ece485/ece485_final_cadet_stage4/instr_mem.vhdl:]
WARNING: [filemgmt 56-199] Attempt to get parsing info during refresh. "On-the-fly" syntax checking information may be incorrect. [/home/dfec/ece485/ece485_final_cadet_stage4/hazard_detection_unit.vhdl:]
WARNING: [filemgmt 56-199] Attempt to get parsing info during refresh. "On-the-fly" syntax checking information may be incorrect. [/home/dfec/ece485/ece485_final_cadet_stage4/pipeline_registers.vhdl:]
WARNING: [filemgmt 56-199] Attempt to get parsing info during refresh. "On-the-fly" syntax checking information may be incorrect. [/home/dfec/ece485/ece485_final_cadet_stage4/alu_control.vhdl:]
WARNING: [filemgmt 56-199] Attempt to get parsing info during refresh. "On-the-fly" syntax checking information may be incorrect. [/home/dfec/ece485/ece485_final_cadet_stage4/riscv_pipeline.vhdl:]
WARNING: [filemgmt 56-199] Attempt to get parsing info during refresh. "On-the-fly" syntax checking information may be incorrect. [/home/dfec/ece485/ece485_final_cadet_stage4/riscv_pipeline.vhdl:]
WARNING: [filemgmt 56-199] Attempt to get parsing info during refresh. "On-the-fly" syntax checking information may be incorrect. [/home/dfec/ece485/ece485_final_cadet_stage4/riscv_pipeline.vhdl:]
WARNING: [filemgmt 56-199] Attempt to get parsing info during refresh. "On-the-fly" syntax checking information may be incorrect. [/home/dfec/ece485/ece485_final_cadet_stage4/forwarding_unit.vhdl:]
WARNING: [filemgmt 56-199] Attempt to get parsing info during refresh. "On-the-fly" syntax checking information may be incorrect. [/home/dfec/ece485/ece485_final_cadet_stage4/instr_mem.vhdl:]
WARNING: [filemgmt 56-199] Attempt to get parsing info during refresh. "On-the-fly" syntax checking information may be incorrect. [/home/dfec/ece485/ece485_final_cadet_stage4/hazard_detection_unit.vhdl:]
WARNING: [filemgmt 56-199] Attempt to get parsing info during refresh. "On-the-fly" syntax checking information may be incorrect. [/home/dfec/ece485/ece485_final_cadet_stage4/pipeline_registers.vhdl:]
WARNING: [filemgmt 56-199] Attempt to get parsing info during refresh. "On-the-fly" syntax checking information may be incorrect. [/home/dfec/ece485/ece485_final_cadet_stage4/alu_control.vhdl:]
WARNING: [filemgmt 56-199] Attempt to get parsing info during refresh. "On-the-fly" syntax checking information may be incorrect. [/home/dfec/ece485/ece485_final_cadet_stage4/riscv_pipeline.vhdl:]
WARNING: [filemgmt 56-199] Attempt to get parsing info during refresh. "On-the-fly" syntax checking information may be incorrect. [/home/dfec/ece485/ece485_final_cadet_stage4/forwarding_unit.vhdl:]
WARNING: [filemgmt 56-199] Attempt to get parsing info during refresh. "On-the-fly" syntax checking information may be incorrect. [/home/dfec/ece485/ece485_final_cadet_stage4/forwarding_unit.vhdl:]
WARNING: [filemgmt 56-199] Attempt to get parsing info during refresh. "On-the-fly" syntax checking information may be incorrect. [/home/dfec/ece485/ece485_final_cadet_stage4/forwarding_unit.vhdl:]
WARNING: [filemgmt 56-199] Attempt to get parsing info during refresh. "On-the-fly" syntax checking information may be incorrect. [/home/dfec/ece485/ece485_final_cadet_stage4/instr_mem.vhdl:]
WARNING: [filemgmt 56-199] Attempt to get parsing info during refresh. "On-the-fly" syntax checking information may be incorrect. [/home/dfec/ece485/ece485_final_cadet_stage4/hazard_detection_unit.vhdl:]
WARNING: [filemgmt 56-199] Attempt to get parsing info during refresh. "On-the-fly" syntax checking information may be incorrect. [/home/dfec/ece485/ece485_final_cadet_stage4/pipeline_registers.vhdl:]
WARNING: [filemgmt 56-199] Attempt to get parsing info during refresh. "On-the-fly" syntax checking information may be incorrect. [/home/dfec/ece485/ece485_final_cadet_stage4/alu_control.vhdl:]
WARNING: [filemgmt 56-199] Attempt to get parsing info during refresh. "On-the-fly" syntax checking information may be incorrect. [/home/dfec/ece485/ece485_final_cadet_stage4/riscv_pipeline.vhdl:]
WARNING: [filemgmt 56-199] Attempt to get parsing info during refresh. "On-the-fly" syntax checking information may be incorrect. [/home/dfec/ece485/ece485_final_cadet_stage4/alu_control.vhdl:]
WARNING: [filemgmt 56-199] Attempt to get parsing info during refresh. "On-the-fly" syntax checking information may be incorrect. [/home/dfec/ece485/ece485_final_cadet_stage4/alu_control.vhdl:]
WARNING: [filemgmt 56-199] Attempt to get parsing info during refresh. "On-the-fly" syntax checking information may be incorrect. [/home/dfec/ece485/ece485_final_cadet_stage4/forwarding_unit.vhdl:]
WARNING: [filemgmt 56-199] Attempt to get parsing info during refresh. "On-the-fly" syntax checking information may be incorrect. [/home/dfec/ece485/ece485_final_cadet_stage4/instr_mem.vhdl:]
WARNING: [filemgmt 56-199] Attempt to get parsing info during refresh. "On-the-fly" syntax checking information may be incorrect. [/home/dfec/ece485/ece485_final_cadet_stage4/hazard_detection_unit.vhdl:]
WARNING: [filemgmt 56-199] Attempt to get parsing info during refresh. "On-the-fly" syntax checking information may be incorrect. [/home/dfec/ece485/ece485_final_cadet_stage4/pipeline_registers.vhdl:]
WARNING: [filemgmt 56-199] Attempt to get parsing info during refresh. "On-the-fly" syntax checking information may be incorrect. [/home/dfec/ece485/ece485_final_cadet_stage4/alu_control.vhdl:]
WARNING: [filemgmt 56-199] Attempt to get parsing info during refresh. "On-the-fly" syntax checking information may be incorrect. [/home/dfec/ece485/ece485_final_cadet_stage4/riscv_pipeline.vhdl:]
WARNING: [filemgmt 56-199] Attempt to get parsing info during refresh. "On-the-fly" syntax checking information may be incorrect. [/home/dfec/ece485/ece485_final_cadet_stage4/instr_mem.vhdl:]
WARNING: [filemgmt 56-199] Attempt to get parsing info during refresh. "On-the-fly" syntax checking information may be incorrect. [/home/dfec/ece485/ece485_final_cadet_stage4/instr_mem.vhdl:]
WARNING: [filemgmt 56-199] Attempt to get parsing info during refresh. "On-the-fly" syntax checking information may be incorrect. [/home/dfec/ece485/ece485_final_cadet_stage4/forwarding_unit.vhdl:]
WARNING: [filemgmt 56-199] Attempt to get parsing info during refresh. "On-the-fly" syntax checking information may be incorrect. [/home/dfec/ece485/ece485_final_cadet_stage4/instr_mem.vhdl:]
WARNING: [filemgmt 56-199] Attempt to get parsing info during refresh. "On-the-fly" syntax checking information may be incorrect. [/home/dfec/ece485/ece485_final_cadet_stage4/hazard_detection_unit.vhdl:]
WARNING: [filemgmt 56-199] Attempt to get parsing info during refresh. "On-the-fly" syntax checking information may be incorrect. [/home/dfec/ece485/ece485_final_cadet_stage4/pipeline_registers.vhdl:]
WARNING: [filemgmt 56-199] Attempt to get parsing info during refresh. "On-the-fly" syntax checking information may be incorrect. [/home/dfec/ece485/ece485_final_cadet_stage4/alu_control.vhdl:]
WARNING: [filemgmt 56-199] Attempt to get parsing info during refresh. "On-the-fly" syntax checking information may be incorrect. [/home/dfec/ece485/ece485_final_cadet_stage4/riscv_pipeline.vhdl:]
WARNING: [filemgmt 56-199] Attempt to get parsing info during refresh. "On-the-fly" syntax checking information may be incorrect. [/home/dfec/ece485/ece485_final_cadet_stage4/pipeline_registers.vhdl:]
WARNING: [filemgmt 56-199] Attempt to get parsing info during refresh. "On-the-fly" syntax checking information may be incorrect. [/home/dfec/ece485/ece485_final_cadet_stage4/pipeline_registers.vhdl:]
launch_simulation
Command: launch_simulation 
INFO: [Vivado 12-25911] Executing simulation for 'XSim' simulator
INFO: [Project 1-5737] Running on host jupiter (64) - Ubuntu 24.04.2 LTS
INFO: [Vivado 12-28535] Process started - Thu May  7 23:29:01 2026

INFO: [Vivado 12-12493] Simulation top is 'tb_riscv_pipeline'
INFO: [Vivado 12-5682] Launching behavioral simulation in '/home/dfec/ece485/ece485_final_cadet_stage4/ece485_final_cadet_stage4.sim/sim_1/behav/xsim'
INFO: [SIM-utils-51] Simulation object is 'sim_1'
INFO: [SIM-utils-72] Using boost library from '/opt/Xilinx/2025.2/tps/boost_1_72_0'
INFO: [SIM-utils-54] Inspecting design source files for 'tb_riscv_pipeline' in fileset 'sim_1'...
INFO: [USF-XSim-97] Finding global include files...
INFO: [USF-XSim-98] Fetching design files from 'sim_1'...
INFO: [USF-XSim-2] XSim::Compile design
INFO: [USF-XSim-61] Executing 'COMPILE and ANALYZE' step in '/home/dfec/ece485/ece485_final_cadet_stage4/ece485_final_cadet_stage4.sim/sim_1/behav/xsim'
xvhdl --incr --relax -prj tb_riscv_pipeline_vhdl.prj
INFO: [VRFC 10-163] Analyzing VHDL file "/home/dfec/ece485/ece485_final_cadet_stage4/hazard_detection_unit.vhdl" into library xil_defaultlib
INFO: [VRFC 10-3107] analyzing entity 'hazard_detection_unit'
INFO: [VRFC 10-163] Analyzing VHDL file "/home/dfec/ece485/ece485_final_cadet_stage4/pipeline_registers.vhdl" into library xil_defaultlib
INFO: [VRFC 10-3107] analyzing entity 'pipeline_registers'
INFO: [VRFC 10-163] Analyzing VHDL file "/home/dfec/ece485/ece485_final_cadet_stage4/riscv_pipeline.vhdl" into library xil_defaultlib
INFO: [VRFC 10-3107] analyzing entity 'riscv_pipeline'
Waiting for jobs to finish...
No pending jobs, compilation finished.
INFO: [USF-XSim-69] 'compile' step finished in '1' seconds
INFO: [USF-XSim-3] XSim::Elaborate design
INFO: [USF-XSim-61] Executing 'ELABORATE' step in '/home/dfec/ece485/ece485_final_cadet_stage4/ece485_final_cadet_stage4.sim/sim_1/behav/xsim'
xelab --incr --debug typical --relax --mt 8 -L xil_defaultlib -L secureip --snapshot tb_riscv_pipeline_behav xil_defaultlib.tb_riscv_pipeline -log elaborate.log
Vivado Simulator v2025.2
Copyright 1986-2022 Xilinx, Inc. All Rights Reserved.
Copyright 2022-2025 Advanced Micro Devices, Inc. All Rights Reserved.
Running: /opt/Xilinx/2025.2/Vivado/bin/unwrapped/lnx64.o/xelab --incr --debug typical --relax --mt 8 -L xil_defaultlib -L secureip --snapshot tb_riscv_pipeline_behav xil_defaultlib.tb_riscv_pipeline -log elaborate.log 
Using 8 slave threads.
WARNING: [XSIM 43-3431] One or more environment variables have been detected which affect the operation of the C compiler. These are typically not set in standard installations and are not tested by AMD, however they may be appropriate for your system, so the flow will attempt to continue.  If errors occur, try running xelab with the "-mt off -v 1" switches to see more information from the C compiler. The following environment variables have been detected:
    LIBRARY_PATH
Starting static elaboration
Completed static elaboration
Starting simulation data flow analysis
Completed simulation data flow analysis
Time Resolution for simulation is 1ps
Compiling package std.standard
Compiling package std.textio
Compiling package ieee.std_logic_1164
Compiling package ieee.numeric_std
Compiling architecture behavioral of entity xil_defaultlib.pc_live [pc_live_default]
Compiling architecture behavioral of entity xil_defaultlib.pipeline_registers [pipeline_registers_default]
Compiling architecture behavioral of entity xil_defaultlib.instr_mem [instr_mem_default]
Compiling architecture behavioral of entity xil_defaultlib.control_unit [control_unit_default]
Compiling architecture behavioral of entity xil_defaultlib.alu_control [alu_control_default]
Compiling architecture behavioral of entity xil_defaultlib.hazard_detection_unit [hazard_detection_unit_default]
Compiling architecture behavioral of entity xil_defaultlib.forwarding_unit [forwarding_unit_default]
Compiling architecture behavioral of entity xil_defaultlib.reg_file [reg_file_default]
Compiling architecture behavioral of entity xil_defaultlib.immediate_generator [immediate_generator_default]
Compiling architecture behavioral of entity xil_defaultlib.alu [alu_default]
Compiling architecture behavioral of entity xil_defaultlib.data_mem [data_mem_default]
Compiling architecture behavioral of entity xil_defaultlib.riscv_pipeline [riscv_pipeline_default]
Compiling architecture behavioral of entity xil_defaultlib.tb_riscv_pipeline
Built simulation snapshot tb_riscv_pipeline_behav
INFO: [USF-XSim-69] 'elaborate' step finished in '2' seconds
INFO: [USF-XSim-4] XSim::Simulate design
INFO: [USF-XSim-61] Executing 'SIMULATE' step in '/home/dfec/ece485/ece485_final_cadet_stage4/ece485_final_cadet_stage4.sim/sim_1/behav/xsim'
INFO: [USF-XSim-98] *** Running xsim
   with args "tb_riscv_pipeline_behav -key {Behavioral:sim_1:Functional:tb_riscv_pipeline} -tclbatch {tb_riscv_pipeline.tcl} -view {/home/dfec/ece485/ece485_final_cadet_stage2/tb_riscv_pipeline_behav.wcfg} -log {simulate.log}"
INFO: [USF-XSim-8] Loading simulator feature
Time resolution is 1 ps
open_wave_config /home/dfec/ece485/ece485_final_cadet_stage2/tb_riscv_pipeline_behav.wcfg
source tb_riscv_pipeline.tcl
# set curr_wave [current_wave_config]
# if { [string length $curr_wave] == 0 } {
#   if { [llength [get_objects]] > 0} {
#     add_wave /
#     set_property needs_save false [current_wave_config]
#   } else {
#      send_msg_id Add_Wave-1 WARNING "No top level signals found. Simulator will start without a wave window. If you want to open a wave window go to 'File->New Waveform Configuration' or type 'create_wave_config' in the TCL console."
#   }
# }
# run 1000ns
INFO: [USF-XSim-96] XSim completed. Design snapshot 'tb_riscv_pipeline_behav' loaded.
INFO: [USF-XSim-97] XSim simulation ran for 1000ns
launch_simulation: Time (s): cpu = 00:00:07 ; elapsed = 00:00:08 . Memory (MB): peak = 11446.281 ; gain = 57.715 ; free physical = 22440 ; free virtual = 35749
save_wave_config {/home/dfec/ece485/ece485_final_cadet_stage2/tb_riscv_pipeline_behav.wcfg}
WARNING: [filemgmt 56-199] Attempt to get parsing info during refresh. "On-the-fly" syntax checking information may be incorrect. [/home/dfec/ece485/ece485_final_cadet_stage4/forwarding_unit.vhdl:]
WARNING: [filemgmt 56-199] Attempt to get parsing info during refresh. "On-the-fly" syntax checking information may be incorrect. [/home/dfec/ece485/ece485_final_cadet_stage4/instr_mem.vhdl:]
WARNING: [filemgmt 56-199] Attempt to get parsing info during refresh. "On-the-fly" syntax checking information may be incorrect. [/home/dfec/ece485/ece485_final_cadet_stage4/hazard_detection_unit.vhdl:]
WARNING: [filemgmt 56-199] Attempt to get parsing info during refresh. "On-the-fly" syntax checking information may be incorrect. [/home/dfec/ece485/ece485_final_cadet_stage4/pipeline_registers.vhdl:]
WARNING: [filemgmt 56-199] Attempt to get parsing info during refresh. "On-the-fly" syntax checking information may be incorrect. [/home/dfec/ece485/ece485_final_cadet_stage4/alu_control.vhdl:]
WARNING: [filemgmt 56-199] Attempt to get parsing info during refresh. "On-the-fly" syntax checking information may be incorrect. [/home/dfec/ece485/ece485_final_cadet_stage4/riscv_pipeline.vhdl:]
WARNING: [filemgmt 56-199] Attempt to get parsing info during refresh. "On-the-fly" syntax checking information may be incorrect. [/home/dfec/ece485/ece485_final_cadet_stage4/riscv_pipeline.vhdl:]
WARNING: [filemgmt 56-199] Attempt to get parsing info during refresh. "On-the-fly" syntax checking information may be incorrect. [/home/dfec/ece485/ece485_final_cadet_stage4/riscv_pipeline.vhdl:]
WARNING: [filemgmt 56-199] Attempt to get parsing info during refresh. "On-the-fly" syntax checking information may be incorrect. [/home/dfec/ece485/ece485_final_cadet_stage4/forwarding_unit.vhdl:]
WARNING: [filemgmt 56-199] Attempt to get parsing info during refresh. "On-the-fly" syntax checking information may be incorrect. [/home/dfec/ece485/ece485_final_cadet_stage4/instr_mem.vhdl:]
WARNING: [filemgmt 56-199] Attempt to get parsing info during refresh. "On-the-fly" syntax checking information may be incorrect. [/home/dfec/ece485/ece485_final_cadet_stage4/hazard_detection_unit.vhdl:]
WARNING: [filemgmt 56-199] Attempt to get parsing info during refresh. "On-the-fly" syntax checking information may be incorrect. [/home/dfec/ece485/ece485_final_cadet_stage4/pipeline_registers.vhdl:]
WARNING: [filemgmt 56-199] Attempt to get parsing info during refresh. "On-the-fly" syntax checking information may be incorrect. [/home/dfec/ece485/ece485_final_cadet_stage4/alu_control.vhdl:]
WARNING: [filemgmt 56-199] Attempt to get parsing info during refresh. "On-the-fly" syntax checking information may be incorrect. [/home/dfec/ece485/ece485_final_cadet_stage4/riscv_pipeline.vhdl:]
WARNING: [filemgmt 56-199] Attempt to get parsing info during refresh. "On-the-fly" syntax checking information may be incorrect. [/home/dfec/ece485/ece485_final_cadet_stage4/forwarding_unit.vhdl:]
WARNING: [filemgmt 56-199] Attempt to get parsing info during refresh. "On-the-fly" syntax checking information may be incorrect. [/home/dfec/ece485/ece485_final_cadet_stage4/forwarding_unit.vhdl:]
WARNING: [filemgmt 56-199] Attempt to get parsing info during refresh. "On-the-fly" syntax checking information may be incorrect. [/home/dfec/ece485/ece485_final_cadet_stage4/forwarding_unit.vhdl:]
WARNING: [filemgmt 56-199] Attempt to get parsing info during refresh. "On-the-fly" syntax checking information may be incorrect. [/home/dfec/ece485/ece485_final_cadet_stage4/instr_mem.vhdl:]
WARNING: [filemgmt 56-199] Attempt to get parsing info during refresh. "On-the-fly" syntax checking information may be incorrect. [/home/dfec/ece485/ece485_final_cadet_stage4/hazard_detection_unit.vhdl:]
WARNING: [filemgmt 56-199] Attempt to get parsing info during refresh. "On-the-fly" syntax checking information may be incorrect. [/home/dfec/ece485/ece485_final_cadet_stage4/pipeline_registers.vhdl:]
WARNING: [filemgmt 56-199] Attempt to get parsing info during refresh. "On-the-fly" syntax checking information may be incorrect. [/home/dfec/ece485/ece485_final_cadet_stage4/alu_control.vhdl:]
WARNING: [filemgmt 56-199] Attempt to get parsing info during refresh. "On-the-fly" syntax checking information may be incorrect. [/home/dfec/ece485/ece485_final_cadet_stage4/riscv_pipeline.vhdl:]
WARNING: [filemgmt 56-199] Attempt to get parsing info during refresh. "On-the-fly" syntax checking information may be incorrect. [/home/dfec/ece485/ece485_final_cadet_stage4/alu_control.vhdl:]
WARNING: [filemgmt 56-199] Attempt to get parsing info during refresh. "On-the-fly" syntax checking information may be incorrect. [/home/dfec/ece485/ece485_final_cadet_stage4/alu_control.vhdl:]
WARNING: [filemgmt 56-199] Attempt to get parsing info during refresh. "On-the-fly" syntax checking information may be incorrect. [/home/dfec/ece485/ece485_final_cadet_stage4/forwarding_unit.vhdl:]
WARNING: [filemgmt 56-199] Attempt to get parsing info during refresh. "On-the-fly" syntax checking information may be incorrect. [/home/dfec/ece485/ece485_final_cadet_stage4/instr_mem.vhdl:]
WARNING: [filemgmt 56-199] Attempt to get parsing info during refresh. "On-the-fly" syntax checking information may be incorrect. [/home/dfec/ece485/ece485_final_cadet_stage4/hazard_detection_unit.vhdl:]
WARNING: [filemgmt 56-199] Attempt to get parsing info during refresh. "On-the-fly" syntax checking information may be incorrect. [/home/dfec/ece485/ece485_final_cadet_stage4/pipeline_registers.vhdl:]
WARNING: [filemgmt 56-199] Attempt to get parsing info during refresh. "On-the-fly" syntax checking information may be incorrect. [/home/dfec/ece485/ece485_final_cadet_stage4/alu_control.vhdl:]
WARNING: [filemgmt 56-199] Attempt to get parsing info during refresh. "On-the-fly" syntax checking information may be incorrect. [/home/dfec/ece485/ece485_final_cadet_stage4/riscv_pipeline.vhdl:]
WARNING: [filemgmt 56-199] Attempt to get parsing info during refresh. "On-the-fly" syntax checking information may be incorrect. [/home/dfec/ece485/ece485_final_cadet_stage4/instr_mem.vhdl:]
WARNING: [filemgmt 56-199] Attempt to get parsing info during refresh. "On-the-fly" syntax checking information may be incorrect. [/home/dfec/ece485/ece485_final_cadet_stage4/instr_mem.vhdl:]
WARNING: [filemgmt 56-199] Attempt to get parsing info during refresh. "On-the-fly" syntax checking information may be incorrect. [/home/dfec/ece485/ece485_final_cadet_stage4/forwarding_unit.vhdl:]
WARNING: [filemgmt 56-199] Attempt to get parsing info during refresh. "On-the-fly" syntax checking information may be incorrect. [/home/dfec/ece485/ece485_final_cadet_stage4/instr_mem.vhdl:]
WARNING: [filemgmt 56-199] Attempt to get parsing info during refresh. "On-the-fly" syntax checking information may be incorrect. [/home/dfec/ece485/ece485_final_cadet_stage4/hazard_detection_unit.vhdl:]
WARNING: [filemgmt 56-199] Attempt to get parsing info during refresh. "On-the-fly" syntax checking information may be incorrect. [/home/dfec/ece485/ece485_final_cadet_stage4/pipeline_registers.vhdl:]
WARNING: [filemgmt 56-199] Attempt to get parsing info during refresh. "On-the-fly" syntax checking information may be incorrect. [/home/dfec/ece485/ece485_final_cadet_stage4/alu_control.vhdl:]
WARNING: [filemgmt 56-199] Attempt to get parsing info during refresh. "On-the-fly" syntax checking information may be incorrect. [/home/dfec/ece485/ece485_final_cadet_stage4/riscv_pipeline.vhdl:]
WARNING: [filemgmt 56-199] Attempt to get parsing info during refresh. "On-the-fly" syntax checking information may be incorrect. [/home/dfec/ece485/ece485_final_cadet_stage4/pipeline_registers.vhdl:]
WARNING: [filemgmt 56-199] Attempt to get parsing info during refresh. "On-the-fly" syntax checking information may be incorrect. [/home/dfec/ece485/ece485_final_cadet_stage4/pipeline_registers.vhdl:]
